period,scope_type,scope_value,method,n,mae_kw,rmse_kw,bias_kw,nrmse_pct
calibration,overall,all,官方预测,864,139.1242459491,353.5655633082,-24.4873262731,5.6408597455
calibration,overall,all,昨日同刻,864,96.6624131944,213.9271114584,-12.9936631944,3.4130383632
calibration,overall,all,上周同刻,864,104.7876736111,223.3137369138,-41.9737847222,3.5627945702
calibration,overall,all,七日同刻均值,864,72.4600570437,151.2144460480,-27.5147197421,2.4125072410
calibration,overall,all,静态凸融合,864,68.6829453472,144.2550852267,-27.1418209705,2.3014761271
calibration,overall,all,提前期分箱融合,864,60.3035753896,131.1506166055,-23.6390099195,2.0924046643
calibration,overall,all,发布时间分组融合,864,65.6856641602,138.9983556734,-26.5902109493,2.2176091525
calibration,overall,all,在线因果融合,864,73.4272412687,155.8869155802,-28.9502826895,2.4870528077
calibration,daylight,actual_pv_gt_0,官方预测,396,303.5438093434,522.2509481586,-53.4268936869,8.3321020377
calibration,daylight,actual_pv_gt_0,昨日同刻,396,210.8998106061,315.9912853238,-28.3498106061,5.0413917708
calibration,daylight,actual_pv_gt_0,上周同刻,396,228.6276515152,329.8562499946,-91.5791666667,5.2625963484
calibration,daylight,actual_pv_gt_0,七日同刻均值,396,158.0946699134,223.3585394599,-60.0321158009,3.5635093595
calibration,daylight,actual_pv_gt_0,静态凸融合,396,149.8536989394,213.0788822628,-59.2185184810,3.3995055353
calibration,daylight,actual_pv_gt_0,提前期分箱融合,396,131.5714372137,193.7222992899,-51.5760216426,3.0906865183
calibration,daylight,actual_pv_gt_0,发布时间分组融合,396,143.3141763495,205.3141781221,-58.0150057077,3.2756258039
calibration,daylight,actual_pv_gt_0,在线因果融合,396,160.2048900408,230.2602343552,-63.1642531407,3.6736204590
calibration,lead_bin,1-3h,官方预测,108,26.5106962963,56.1840717007,4.0599074074,0.9061910509
calibration,lead_bin,1-3h,昨日同刻,108,104.4149305556,239.7546280130,-21.9468750000,3.8669945365
calibration,lead_bin,1-3h,上周同刻,108,110.0253472222,234.3562862251,-45.2496527778,3.7799248588
calibration,lead_bin,1-3h,七日同刻均值,108,79.6864583333,164.1463003530,-32.1614583333,2.6475102980
calibration,lead_bin,1-3h,静态凸融合,108,69.4373576416,143.3592330414,-27.6998966205,2.3122363707
calibration,lead_bin,1-3h,提前期分箱融合,108,24.0838783349,51.2195636330,-0.6116107719,0.8261186630
calibration,lead_bin,1-3h,发布时间分组融合,108,62.2594606688,138.1126841815,-25.4262193528,2.2276149561
calibration,lead_bin,1-3h,在线因果融合,108,77.0330415096,155.7207409192,-28.9093520946,2.5116147261
calibration,lead_bin,4-6h,官方预测,108,65.4602046296,162.9515676155,-13.2251064815,2.5997637599
calibration,lead_bin,4-6h,昨日同刻,108,91.5652777778,199.5948182804,-10.7159722222,3.1843779278
calibration,lead_bin,4-6h,上周同刻,108,104.3090277778,225.1346433364,-39.0847222222,3.5918456962
calibration,lead_bin,4-6h,七日同刻均值,108,66.8673115079,143.7479015680,-23.7948908730,2.2933844118
calibration,lead_bin,4-6h,静态凸融合,108,56.7700572713,122.6524812136,-22.4929591432,1.9568236156
calibration,lead_bin,4-6h,提前期分箱融合,108,39.2717989457,93.6638640772,-19.0398040694,1.4943330893
calibration,lead_bin,4-6h,发布时间分组融合,108,41.3840400207,94.8163043964,-21.9936317815,1.5127193658
calibration,lead_bin,4-6h,在线因果融合,108,62.4593712805,133.1854147859,-20.4002764077,2.1248682647
calibration,lead_bin,7-12h,官方预测,216,92.8788092593,214.5340211775,-45.3243231481,3.4227211292
calibration,lead_bin,7-12h,昨日同刻,216,97.9901041667,220.5905405248,-16.3314236111,3.5193481193
calibration,lead_bin,7-12h,上周同刻,216,107.1671875000,229.7917280098,-42.1671875000,3.6661458097
calibration,lead_bin,7-12h,七日同刻均值,216,73.2768849206,154.2845862761,-27.9781746032,2.4614889073
calibration,lead_bin,7-12h,静态凸融合,216,71.5636381641,148.5330591346,-30.1147840499,2.3697278273
calibration,lead_bin,7-12h,提前期分箱融合,216,70.3962050890,146.8682668504,-32.0037694921,2.3431673792
calibration,lead_bin,7-12h,发布时间分组融合,216,70.8864319248,143.9428298317,-29.3873133509,2.2964943386
calibration,lead_bin,7-12h,在线因果融合,216,73.1887578421,158.4730196439,-30.0584353236,2.5283120587
calibration,lead_bin,13-18h,官方预测,216,191.5377379630,444.7363247682,-43.3379175926,7.1506477547
calibration,lead_bin,13-18h,昨日同刻,216,98.3557291667,217.3104949846,-15.6206597222,3.4940046866
calibration,lead_bin,13-18h,上周同刻,216,102.9343750000,219.8816849822,-42.1746527778,3.5353453034
calibration,lead_bin,13-18h,七日同刻均值,216,72.8546626984,152.0675199454,-28.4570932540,2.4450021496
calibration,lead_bin,13-18h,静态凸融合,216,73.8796038130,156.3811208806,-30.2900367327,2.5143579434
calibration,lead_bin,13-18h,提前期分箱融合,216,72.4625282168,151.4095565196,-28.9435067256,2.4344231516
calibration,lead_bin,13-18h,发布时间分组融合,216,72.8384327951,152.7047291150,-29.6099963427,2.4552474524
calibration,lead_bin,13-18h,在线因果融合,216,82.7111322204,180.3790596956,-38.8319831514,2.9002063613
calibration,lead_bin,19-24h,官方预测,216,226.0949861111,491.2883611161,-4.7044648148,7.8991299354
calibration,lead_bin,19-24h,昨日同刻,216,92.3137152778,196.2524183271,-3.6911458333,3.1554245433
calibration,lead_bin,19-24h,上周同刻,216,101.8819444444,213.3533886854,-41.3861111111,3.4303807555
calibration,lead_bin,19-24h,七日同刻均值,216,70.4317956349,143.9834609504,-25.6454365079,2.3150234294
calibration,lead_bin,19-24h,静态凸融合,216,66.1848319554,137.5617803325,-23.0660352174,2.2117730909
calibration,lead_bin,19-24h,提前期分箱融合,216,66.6777296124,136.4133929076,-23.7830560397,2.1933088605
calibration,lead_bin,19-24h,发布时间分组融合,216,67.1960415761,138.6047488723,-23.6536085367,2.2285423545
calibration,lead_bin,19-24h,在线因果融合,216,68.0628686172,136.2312986528,-22.2558980318,2.1903810766
calibration,release_hour,0,官方预测,216,138.0778879630,310.7480614731,-41.6018962963,4.9577402690
calibration,release_hour,0,昨日同刻,216,97.9901041667,220.5905405248,-16.3314236111,3.5193481193
calibration,release_hour,0,上周同刻,216,107.1671875000,229.7917280098,-42.1671875000,3.6661458097
calibration,release_hour,0,七日同刻均值,216,73.2768849206,154.2845862761,-27.9781746032,2.4614889073
calibration,release_hour,0,静态凸融合,216,73.6789714003,152.8810328664,-29.6562746375,2.4390963194
calibration,release_hour,0,提前期分箱融合,216,72.8417332401,153.7091968125,-31.8864378493,2.4523090221
calibration,release_hour,0,发布时间分组融合,216,73.3222604420,152.3911612419,-29.0913551119,2.4312808040
calibration,release_hour,0,在线因果融合,216,83.4651765097,184.3208890325,-39.5600839649,2.9406944315
calibration,release_hour,6,官方预测,216,71.1026055556,166.6969179489,-23.3407888889,2.6595178709
calibration,release_hour,6,昨日同刻,216,97.9901041667,220.5905405248,-16.3314236111,3.5193481193
calibration,release_hour,6,上周同刻,216,107.1671875000,229.7917280098,-42.1671875000,3.6661458097
calibration,release_hour,6,七日同刻均值,216,73.2768849206,154.2845862761,-27.9781746032,2.4614889073
calibration,release_hour,6,静态凸融合,216,65.6086226665,138.4882995115,-27.4069652595,2.2094716087
calibration,release_hour,6,提前期分箱融合,216,50.5309418157,118.2573203226,-24.3139419892,1.8867022896
calibration,release_hour,6,发布时间分组融合,216,53.3307361886,117.7750405084,-25.8545228846,1.8790078955
calibration,release_hour,6,在线因果融合,216,68.1169277453,141.2059467879,-23.4778221858,2.2528295279
calibration,release_hour,12,官方预测,216,143.6656032407,388.5338317760,-0.0181939815,6.2470016887
calibration,release_hour,12,昨日同刻,216,98.3557291667,217.3104949846,-15.6206597222,3.4940046866
calibration,release_hour,12,上周同刻,216,102.9343750000,219.8816849822,-42.1746527778,3.5353453034
calibration,release_hour,12,七日同刻均值,216,72.8546626984,152.0675199454,-28.4570932540,2.4450021496
calibration,release_hour,12,静态凸融合,216,69.1744245722,144.7505738765,-24.9541357714,2.3273573766
calibration,release_hour,12,提前期分箱融合,216,51.5546247684,112.0908958312,-13.1047882153,1.8022420656
calibration,release_hour,12,发布时间分组融合,216,69.3195244165,144.7096734795,-25.1943766755,2.3266997637
calibration,release_hour,12,在线因果融合,216,71.2712613442,143.6275022720,-21.9366408415,2.3093001840
calibration,release_hour,18,官方预测,216,203.6508870370,474.0502838646,-32.9884259259,7.6219692640
calibration,release_hour,18,昨日同刻,216,92.3137152778,196.2524183271,-3.6911458333,3.1554245433
calibration,release_hour,18,上周同刻,216,101.8819444444,213.3533886854,-41.3861111111,3.4303807555
calibration,release_hour,18,七日同刻均值,216,70.4317956349,143.9834609504,-25.6454365079,2.3150234294
calibration,release_hour,18,静态凸融合,216,66.2697627499,140.4769394085,-26.5499082134,2.2586441796
calibration,release_hour,18,提前期分箱融合,216,66.2870017343,136.4780459309,-25.2508716243,2.1943483776
calibration,release_hour,18,发布时间分组融合,216,66.7701355936,138.7344792388,-26.2205891253,2.2306282110
calibration,release_hour,18,在线因果融合,216,70.8555994755,150.5348891306,-30.8265837657,2.4203599010
validation,overall,all,官方预测,1344,132.6604867560,313.9556312178,-2.1249276786,4.5007930359
validation,overall,all,昨日同刻,1344,128.1142857143,273.6222995246,-10.9482700893,3.9225840142
validation,overall,all,上周同刻,1344,139.0740234375,281.4742468905,-84.8120256696,4.0351476586
validation,overall,all,七日同刻均值,1344,103.4341358418,213.0540173982,-49.4227758291,3.0542915700
validation,overall,all,静态凸融合,1344,95.1918216573,195.9593045821,-43.5968699282,2.8092258450
validation,overall,all,提前期分箱融合,1344,83.7179342229,179.7938638422,-38.9589327529,2.5774819427
validation,overall,all,发布时间分组融合,1344,91.8584939935,190.5071528899,-42.1421968856,2.7310650989
validation,overall,all,在线因果融合,1344,103.4341358418,213.0540173982,-49.4227758291,3.0542915700
validation,daylight,actual_pv_gt_0,官方预测,616,289.4410620130,463.7432009755,-4.6362058442,6.6481119046
validation,daylight,actual_pv_gt_0,昨日同刻,616,279.5220779221,404.1669217642,-23.8871347403,5.7940405776
validation,daylight,actual_pv_gt_0,上周同刻,616,303.4342329545,415.7650166645,-185.0444196429,5.9603080994
validation,daylight,actual_pv_gt_0,七日同刻均值,616,225.6744782004,314.7016399282,-107.8315108998,4.5114876389
validation,daylight,actual_pv_gt_0,静态凸融合,616,207.6912472523,289.4510756674,-95.1204434796,4.1495015731
validation,daylight,actual_pv_gt_0,提前期分箱融合,616,182.6573110317,265.5731372313,-85.0013078245,3.8071931437
validation,daylight,actual_pv_gt_0,发布时间分组融合,616,200.4185323495,281.3977138973,-91.9466113867,4.0340504998
validation,daylight,actual_pv_gt_0,在线因果融合,616,225.6744782004,314.7016399282,-107.8315108998,4.5114876389
validation,lead_bin,1-3h,官方预测,168,30.8448255952,60.8664835275,-5.2185101190,0.8830155632
validation,lead_bin,1-3h,昨日同刻,168,144.8495535714,291.0140364746,-12.3334821429,4.2218624838
validation,lead_bin,1-3h,上周同刻,168,142.9506696429,281.8178325136,-81.3243303571,4.0884493022
validation,lead_bin,1-3h,七日同刻均值,168,113.3075573980,225.6884227133,-49.6259885204,3.2741564511
validation,lead_bin,1-3h,静态凸融合,168,99.7655229654,197.6158441156,-44.1561035134,2.8668957985
validation,lead_bin,1-3h,提前期分箱融合,168,31.3321831336,59.0510795123,-10.9458022409,0.8566787370
validation,lead_bin,1-3h,发布时间分组融合,168,92.6170125411,192.4903239841,-39.4470928661,2.7925377318
validation,lead_bin,1-3h,在线因果融合,168,113.3075573980,225.6884227133,-49.6259885204,3.2741564511
validation,lead_bin,4-6h,官方预测,168,58.3230053571,137.0140764057,-23.0153279762,1.9642011150
validation,lead_bin,4-6h,昨日同刻,168,112.2450892857,255.3787901242,-12.7611607143,3.6610494154
validation,lead_bin,4-6h,上周同刻,168,131.3495535714,277.0085256573,-91.8598214286,3.9711281443
validation,lead_bin,4-6h,七日同刻均值,168,92.3734056122,197.7377623172,-52.4097576531,2.8347213908
validation,lead_bin,4-6h,静态凸融合,168,82.7352795697,177.7549769907,-48.7891028452,2.5482529472
validation,lead_bin,4-6h,提前期分箱融合,168,58.7067076079,136.0109054269,-39.1859245568,1.9498198952
validation,lead_bin,4-6h,发布时间分组融合,168,63.3207920717,138.3501138531,-43.3040028157,1.9833542292
validation,lead_bin,4-6h,在线因果融合,168,92.3734056122,197.7377623172,-52.4097576531,2.8347213908
validation,lead_bin,7-12h,官方预测,336,100.3301690476,211.1844567223,-5.9708500000,3.0274899941
validation,lead_bin,7-12h,昨日同刻,336,128.5473214286,273.7768213989,-12.5473214286,3.9247992029
validation,lead_bin,7-12h,上周同刻,336,137.1501116071,279.4235262191,-86.5920758929,4.0057490162
validation,lead_bin,7-12h,七日同刻均值,336,102.8404815051,212.1738518209,-51.0178730867,3.0416737263
validation,lead_bin,7-12h,静态凸融合,336,93.2242259416,191.5285108815,-45.4692122516,2.7457070434
validation,lead_bin,7-12h,提前期分箱融合,336,86.2061715704,176.7845118557,-40.5636177558,2.5343405905
validation,lead_bin,7-12h,发布时间分组融合,336,88.9175276223,179.3997856698,-40.6785402311,2.5718325321
validation,lead_bin,7-12h,在线因果融合,336,102.8404815051,212.1738518209,-51.0178730867,3.0416737263
validation,lead_bin,13-18h,官方预测,336,160.4234205357,344.1352543134,25.4662449405,4.9334409134
validation,lead_bin,13-18h,昨日同刻,336,126.9162946429,272.2725094769,-8.9131696429,3.9032337461
validation,lead_bin,13-18h,上周同刻,336,140.2281250000,282.4659041480,-82.8732142857,4.0493638205
validation,lead_bin,13-18h,七日同刻均值,336,103.1567602041,213.0899811186,-47.2225127551,3.0548071373
validation,lead_bin,13-18h,静态凸融合,336,92.9342727801,192.4315210455,-38.2690850845,2.7586523817
validation,lead_bin,13-18h,提前期分箱融合,336,100.1732025524,206.6602070818,-44.8465159570,2.9626314305
validation,lead_bin,13-18h,发布时间分组融合,336,96.0859798613,198.3759938796,-41.3836067804,2.8438709262
validation,lead_bin,13-18h,在线因果融合,336,103.1567602041,213.0899811186,-47.2225127551,3.0548071373
validation,lead_bin,19-24h,官方预测,336,225.3044419643,469.0477720829,-13.8781866071,6.7241569706
validation,lead_bin,19-24h,昨日同刻,336,128.4462053571,274.6576703848,-9.7852678571,3.9374268439
validation,lead_bin,19-24h,上周同刻,336,141.7677455357,284.5505326559,-83.1907366071,4.0792485575
validation,lead_bin,19-24h,七日同刻均值,336,104.8988201531,214.7678525104,-48.4328443878,3.0788607013
validation,lead_bin,19-24h,静态凸融合,336,103.3583866400,211.0988123879,-44.1765791973,3.0262622174
validation,lead_bin,19-24h,提前期分箱融合,336,103.4729173979,210.5923333951,-45.3597338999,3.0190014554
validation,lead_bin,19-24h,发布时间分组融合,336,104.4615661840,213.3962130578,-45.1310926899,3.0591972054
validation,lead_bin,19-24h,在线因果融合,336,104.8988201531,214.7678525104,-48.4328443878,3.0788607013
validation,release_hour,0,官方预测,336,126.1066529762,261.7560106818,19.3296464286,3.7524717280
validation,release_hour,0,昨日同刻,336,128.5473214286,273.7768213989,-12.5473214286,3.9247992029
validation,release_hour,0,上周同刻,336,137.1501116071,279.4235262191,-86.5920758929,4.0057490162
validation,release_hour,0,七日同刻均值,336,102.8404815051,212.1738518209,-51.0178730867,3.0416737263
validation,release_hour,0,静态凸融合,336,88.4917485300,184.4588552798,-42.3528271051,2.6443581472
validation,release_hour,0,提前期分箱融合,336,89.6705623060,188.4218399243,-43.2653765913,2.7011705497
validation,release_hour,0,发布时间分组融合,336,92.9501417980,193.1062391620,-45.2698484777,2.7683249797
validation,release_hour,0,在线因果融合,336,102.8404815051,212.1738518209,-51.0178730867,3.0416737263
validation,release_hour,6,官方预测,336,74.0116059524,159.1312650339,-17.5606232143,2.2812678552
validation,release_hour,6,昨日同刻,336,128.5473214286,273.7768213989,-12.5473214286,3.9247992029
validation,release_hour,6,上周同刻,336,137.1501116071,279.4235262191,-86.5920758929,4.0057490162
validation,release_hour,6,七日同刻均值,336,102.8404815051,212.1738518209,-51.0178730867,3.0416737263
validation,release_hour,6,静态凸融合,336,94.2746508264,193.0571483402,-46.8967809635,2.7676212254
validation,release_hour,6,提前期分箱融合,336,73.9305096361,162.1788751899,-36.7015940821,2.3249576674
validation,release_hour,6,发布时间分组融合,336,74.3412173497,154.1735960770,-35.6964073803,2.2101958957
validation,release_hour,6,在线因果融合,336,102.8404815051,212.1738518209,-51.0178730867,3.0416737263
validation,release_hour,12,官方预测,336,139.5277336310,366.0542180398,-9.7293973214,5.2476659487
validation,release_hour,12,昨日同刻,336,126.9162946429,272.2725094769,-8.9131696429,3.9032337461
validation,release_hour,12,上周同刻,336,140.2281250000,282.4659041480,-82.8732142857,4.0493638205
validation,release_hour,12,七日同刻均值,336,103.1567602041,213.0899811186,-47.2225127551,3.0548071373
validation,release_hour,12,静态凸融合,336,99.1879750382,207.2137393055,-42.6043034498,2.9705667365
validation,release_hour,12,提前期分箱融合,336,69.9162556006,160.8840378861,-30.0253142169,2.3063951887
validation,release_hour,12,发布时间分组融合,336,99.3269506591,207.3326731549,-42.9210308964,2.9722717437
validation,release_hour,12,在线因果融合,336,103.1567602041,213.0899811186,-47.2225127551,3.0548071373
validation,release_hour,18,官方预测,336,190.9959544643,407.9680064778,-0.5393366071,5.8485320213
validation,release_hour,18,昨日同刻,336,128.4462053571,274.6576703848,-9.7852678571,3.9374268439
validation,release_hour,18,上周同刻,336,141.7677455357,284.5505326559,-83.1907366071,4.0792485575
validation,release_hour,18,七日同刻均值,336,104.8988201531,214.7678525104,-48.4328443878,3.0788607013
validation,release_hour,18,静态凸融合,336,98.8129122347,198.4100063903,-42.5335681943,2.8443585215
validation,release_hour,18,提前期分箱融合,336,101.3544093488,203.9972620808,-45.8434461212,2.9244560862
validation,release_hour,18,发布时间分组融合,336,100.8156661671,202.7943453864,-44.6815007879,2.9072113595
validation,release_hour,18,在线因果融合,336,104.8988201531,214.7678525104,-48.4328443878,3.0788607013
evaluation,overall,all,官方预测,32028,191.8320319783,447.9712247830,-32.3933284251,4.4815552874
evaluation,overall,all,昨日同刻,32028,186.5136954384,376.8433236323,0.8358315380,3.7699836421
evaluation,overall,all,上周同刻,32028,216.0424304515,422.3415865590,4.6653955133,4.2251534600
evaluation,overall,all,七日同刻均值,32028,153.8634537414,305.4355917284,2.8085625970,3.0556125379
evaluation,overall,all,静态凸融合,32028,139.2882220820,276.9239140427,-1.5274254584,2.7703784586
evaluation,overall,all,提前期分箱融合,32028,121.7323801206,252.9873330946,-0.8094537692,2.5309141694
evaluation,overall,all,发布时间分组融合,32028,132.1941075224,265.5564489267,-1.2754924485,2.6566570395
evaluation,overall,all,在线因果融合,32028,153.8634537414,305.4355917284,2.8085625970,3.0556125379
evaluation,daylight,actual_pv_gt_0,官方预测,16135,380.7868807065,631.1470305165,-64.3008071150,6.3140669652
evaluation,daylight,actual_pv_gt_0,昨日同刻,16135,370.2262093275,530.9348552062,1.6553617911,5.3115329200
evaluation,daylight,actual_pv_gt_0,上周同刻,16135,428.5811969321,595.0224532482,8.9974550666,5.9526725691
evaluation,daylight,actual_pv_gt_0,七日同刻均值,16135,305.3157233609,430.3244837220,5.4715303909,4.3050152748
evaluation,daylight,actual_pv_gt_0,静态凸融合,16135,276.3966109250,390.1549616504,-3.1226676264,3.9031547889
evaluation,daylight,actual_pv_gt_0,提前期分箱融合,16135,241.5574872582,356.4308829949,-1.6882428827,3.5657752550
evaluation,daylight,actual_pv_gt_0,发布时间分组融合,16135,262.3209909078,374.1395349520,-2.6163718357,3.7429346314
evaluation,daylight,actual_pv_gt_0,在线因果融合,16135,305.3157233609,430.3244837220,5.4715303909,4.3050152748
evaluation,lead_bin,1-3h,官方预测,4008,35.1993236776,70.5761925708,0.9669625998,0.7212424943
evaluation,lead_bin,1-3h,昨日同刻,4008,187.5690400449,362.7660627267,0.8314277695,3.7072317221
evaluation,lead_bin,1-3h,上周同刻,4008,223.2706399701,422.9654120915,4.9335142216,4.3224296708
evaluation,lead_bin,1-3h,七日同刻均值,4008,156.4427675898,301.7847991556,2.9482236420,3.0840431221
evaluation,lead_bin,1-3h,静态凸融合,4008,137.4040709076,265.0078227800,2.7041820873,2.7082064950
evaluation,lead_bin,1-3h,提前期分箱融合,4008,38.2934544196,73.7095597793,1.2224884969,0.7532634563
evaluation,lead_bin,1-3h,发布时间分组融合,4008,118.9345592016,241.9147849669,1.9697950128,2.4722107634
evaluation,lead_bin,1-3h,在线因果融合,4008,156.4427675898,301.7847991556,2.9482236420,3.0840431221
evaluation,lead_bin,4-6h,官方预测,4008,79.8161964321,173.3196672119,-2.2757639471,1.7339097425
evaluation,lead_bin,4-6h,昨日同刻,4008,185.2774981287,390.1223891058,0.7039577096,3.9028289295
evaluation,lead_bin,4-6h,上周同刻,4008,208.4946762725,421.2901214550,4.3521800150,4.2146344830
evaluation,lead_bin,4-6h,七日同刻均值,4008,151.0639756202,308.7414126200,2.5699823567,3.0886843476
evaluation,lead_bin,4-6h,静态凸融合,4008,132.7901689748,272.4140706470,1.9731082263,2.7252614702
evaluation,lead_bin,4-6h,提前期分箱融合,4008,91.5704828130,189.7395349903,0.3899999229,1.8981759748
evaluation,lead_bin,4-6h,发布时间分组融合,4008,102.5974985581,200.3175986708,0.5015724828,2.0040001318
evaluation,lead_bin,4-6h,在线因果融合,4008,151.0639756202,308.7414126200,2.5699823567,3.0886843476
evaluation,lead_bin,7-12h,官方预测,8010,149.6218472285,306.2608305247,-16.8076723221,3.0638683211
evaluation,lead_bin,7-12h,昨日同刻,8010,186.5629119850,376.8337000877,0.7682677903,3.7698873671
evaluation,lead_bin,7-12h,上周同刻,8010,216.0443679775,422.2866688620,4.6463249064,4.2246040570
evaluation,lead_bin,7-12h,七日同刻均值,8010,153.8685426699,305.3972387189,2.7611697432,3.0552288501
evaluation,lead_bin,7-12h,静态凸融合,8010,137.9464307833,273.1914105232,0.3507803297,2.7330380671
evaluation,lead_bin,7-12h,提前期分箱融合,8010,126.4866926656,250.0695775325,-1.7802551383,2.5017246096
evaluation,lead_bin,7-12h,发布时间分组融合,8010,128.1154648862,257.7017190137,-1.1103754081,2.5780774245
evaluation,lead_bin,7-12h,在线因果融合,8010,153.8685426699,305.3972387189,2.7611697432,3.0552288501
evaluation,lead_bin,13-18h,官方预测,8004,231.2561562594,465.3026354885,-41.6821614068,4.6549406992
evaluation,lead_bin,13-18h,昨日同刻,8004,186.5404188531,376.8873886894,0.9311890930,3.7704244740
evaluation,lead_bin,13-18h,上周同刻,8004,216.1080959520,422.4279648010,4.7296101949,4.2260175977
evaluation,lead_bin,13-18h,七日同刻均值,8004,153.8946823463,305.4839454352,2.8499230296,3.0560962739
evaluation,lead_bin,13-18h,静态凸融合,8004,139.1908456563,275.4460409407,-2.6353103086,2.7555936473
evaluation,lead_bin,13-18h,提前期分箱融合,8004,149.3478143251,296.3043611998,1.3942909155,2.9642626650
evaluation,lead_bin,13-18h,发布时间分组融合,8004,143.5711914669,284.5882676433,-0.6967303779,2.8470535272
evaluation,lead_bin,13-18h,在线因果融合,8004,153.8946823463,305.4839454352,2.8499230296,3.0560962739
evaluation,lead_bin,19-24h,官方预测,7998,329.2784251813,689.5368020958,-70.5169257064,6.8982049077
evaluation,lead_bin,19-24h,昨日同刻,7998,186.5282914479,376.9598322347,0.8763597149,3.7711492075
evaluation,lead_bin,19-24h,上周同刻,7998,216.1349071643,422.5235062332,4.6428310203,4.2269734051
evaluation,lead_bin,19-24h,七日同刻均值,7998,153.9374350284,305.5785477346,2.8642060069,3.0570426862
evaluation,lead_bin,19-24h,静态凸融合,7998,144.9300105261,289.8927561819,-6.1745047375,2.9001202363
evaluation,lead_bin,19-24h,提前期分箱融合,7998,146.2630277526,291.6229909001,-3.6619279492,2.9174297020
evaluation,lead_bin,19-24h,发布时间分组融合,7998,146.3695546368,292.2350316139,-4.5368812329,2.9235526272
evaluation,lead_bin,19-24h,在线因果融合,7998,153.9374350284,305.5785477346,2.8642060069,3.0570426862
evaluation,release_hour,0,官方预测,8016,186.7346709830,378.6842131115,-28.6975122006,3.7884001107
evaluation,release_hour,0,昨日同刻,8016,186.4232690868,376.6926431110,0.7676927395,3.7684762170
evaluation,release_hour,0,上周同刻,8016,215.8826581213,422.1285978593,4.6428471183,4.2230226967
evaluation,release_hour,0,七日同刻均值,8016,153.7533716050,305.2829219495,2.7591029994,3.0540852120
evaluation,release_hour,0,静态凸融合,8016,139.4173191071,275.8313095969,-1.1155612250,2.7594479189
evaluation,release_hour,0,提前期分箱融合,8016,137.0114897258,271.0414742866,-0.9694480146,2.7115298595
evaluation,release_hour,0,发布时间分组融合,8016,143.8018714786,284.8044321787,0.1888148139,2.8492160619
evaluation,release_hour,0,在线因果融合,8016,153.7533716050,305.2829219495,2.7591029994,3.0540852120
evaluation,release_hour,6,官方预测,8010,100.1061586642,211.0144580469,-6.9219480524,2.1110127345
evaluation,release_hour,6,昨日同刻,8010,186.5629119850,376.8337000877,0.7682677903,3.7698873671
evaluation,release_hour,6,上周同刻,8010,216.0443679775,422.2866688620,4.6463249064,4.2246040570
evaluation,release_hour,6,七日同刻均值,8010,153.8685426699,305.3972387189,2.7611697432,3.0552288501
evaluation,release_hour,6,静态凸融合,8010,135.8641163859,270.0921348778,1.5684530486,2.7020325597
evaluation,release_hour,6,提前期分箱融合,8010,96.3358134801,202.9893072065,-0.6209438683,2.0307282090
evaluation,release_hour,6,发布时间分组融合,8010,98.4159884116,195.0589432037,-1.6731324724,1.9513919420
evaluation,release_hour,6,在线因果融合,8010,153.8685426699,305.3972387189,2.7611697432,3.0552288501
evaluation,release_hour,12,官方预测,8004,214.7582911544,576.0438820228,-39.0188951774,5.7628087753
evaluation,release_hour,12,昨日同刻,8004,186.5404188531,376.8873886894,0.9311890930,3.7704244740
evaluation,release_hour,12,上周同刻,8004,216.1080959520,422.4279648010,4.7296101949,4.2260175977
evaluation,release_hour,12,七日同刻均值,8004,153.8946823463,305.4839454352,2.8499230296,3.0560962739
evaluation,release_hour,12,静态凸融合,8004,142.0526671061,284.4975120988,-2.3072628593,2.8461455984
evaluation,release_hour,12,提前期分箱融合,8004,106.9591161148,236.6932075439,-0.8330661077,2.3679058767
evaluation,release_hour,12,发布时间分组融合,8004,142.6179331006,285.3300909541,-1.9535711555,2.8544748123
evaluation,release_hour,12,在线因果融合,8004,153.8946823463,305.4839454352,2.8499230296,3.0560962739
evaluation,release_hour,18,官方预测,7998,265.8609032633,532.1863281493,-54.9765221430,5.3240527982
evaluation,release_hour,18,昨日同刻,7998,186.5282914479,376.9598322347,0.8763597149,3.7711492075
evaluation,release_hour,18,上周同刻,7998,216.1349071643,422.5235062332,4.6428310203,4.2269734051
evaluation,release_hour,18,七日同刻均值,7998,153.9374350284,305.5785477346,2.8642060069,3.0570426862
evaluation,release_hour,18,静态凸融合,7998,139.8215587788,277.0914760098,-4.2603176791,2.7720547676
evaluation,release_hour,18,提前期分箱融合,7998,146.6379016634,292.1257392139,-0.8142621312,2.9224592535
evaluation,release_hour,18,发布时间分组融合,7998,143.9573731232,285.5219804116,-1.6662712000,2.8563944964
evaluation,release_hour,18,在线因果融合,7998,153.9374350284,305.5785477346,2.8642060069,3.0570426862
