date,solver_status,solver_runtime_seconds,initial_energy_kwh,planned_final_energy_kwh,actual_final_energy_kwh,planned_purchase_cost_yuan,planned_purchase_energy_kwh,decision_price_planned_cost_yuan,expected_scenario_emergency_cost_yuan,realized_emergency_energy_kwh,realized_emergency_cost_yuan,realized_total_cost_yuan,maximum_scenario_power_balance_residual_kw
2025-02-01,Optimal,2.7770400000,6000.0000000000,7153.0633401199,7189.1800860690,20850.0437460140,49084.2038784876,20850.0437460140,1190.0410257158,156.5228145833,690.5807888316,21540.6245348456,0.0000000000
2025-02-02,Optimal,2.2160748000,7189.1800860690,7055.4024076135,7055.4024076135,64886.4995693202,92867.0086369790,64886.4995693203,2410.5705884737,72.9631219773,266.2344569206,65152.7340262408,0.0000000000
2025-02-03,Optimal,0.8613211000,7055.4024076135,7055.4023518546,7055.4023518546,64596.7974551699,91501.6159470219,64596.7974551699,2293.4992401095,176.0214090576,747.8131123861,65344.6105675560,0.0000000000
2025-02-04,Optimal,0.9467085000,7055.4023518546,7057.8134542853,7060.8449024913,64918.0241359903,92013.9710986514,64918.0241359903,2466.7583293759,582.9378303991,2570.9933727887,67489.0175087790,0.0000000000
2025-02-05,Optimal,0.9578427000,7060.8449024913,6873.5491149006,6873.5491149006,63529.2362664902,90349.3598635101,63529.2362664902,2406.8619231514,393.4522093567,1848.9912443110,65378.2275108012,0.0000000000
2025-02-06,Optimal,0.9137986000,6873.5491149006,7068.7712090462,7092.4351148621,65118.4944120779,92359.0722896480,65118.4944120779,2328.5382617821,109.2620412109,411.3574765709,65529.8518886488,0.0000000000
2025-02-07,Optimal,3.4190587000,7092.4351148621,7044.4667314542,7044.4667314542,19620.7645414471,46592.4474070595,19620.7645414471,1199.0366377161,122.7555697359,606.8643929173,20227.6289343644,0.0000000000
2025-02-08,Optimal,3.0124582000,7044.4667314542,7044.4666868415,7044.4666868415,17572.9051640442,41939.5894992469,17572.9051640442,1281.8391204707,265.5166295526,962.0667655553,18534.9719295995,0.0000000000
2025-02-09,Optimal,0.9545516000,7044.4666868415,7044.4667211891,7044.4667211891,59815.1224389067,86240.7058704761,59815.1224389067,2401.3849353733,1113.9592388920,4792.2938772551,64607.4163161618,0.0000000000
2025-02-10,Optimal,0.9465645000,7044.4667211891,6898.7470024987,6903.8255294084,59407.1757385042,87487.5431305915,59407.1757385042,2264.6132026103,208.8535056827,713.4651547122,60120.6408932164,0.0000000000
2025-02-11,Optimal,3.0501120000,6903.8255294084,6962.2637355910,6962.2637355910,58462.4848750921,85807.7795073562,58462.4848750921,2252.7321877288,219.1532947767,1090.9362716602,59553.4211467523,0.0000000000
2025-02-12,Optimal,2.5452351000,6962.2637355910,7010.4457289411,7010.4457289411,57731.3600381038,85485.7540809506,57731.3600381038,2335.4708421041,331.4318829078,1487.2975917491,59218.6576298529,0.0000000000
2025-02-13,Optimal,3.7626545000,7010.4457289411,7112.2394639311,7112.2394639311,57073.3158046718,85261.4055261552,57073.3158046718,2149.8286179122,308.6721950614,1335.3841885755,58408.6999932473,0.0000000000
2025-02-14,Optimal,3.1698424000,7112.2394639311,7112.2394683272,7112.2394683272,16216.6450735338,38410.1608632934,16216.6450735338,1193.7519378226,948.1994548526,2731.4401938064,18948.0852673401,0.0000000000
2025-02-15,Optimal,3.4053741000,7112.2394683272,7011.2195779257,7011.2195779257,16416.7763760093,37894.3660094767,16416.7763760093,1200.4071507495,750.1305518568,2320.6679466513,18737.4443226605,0.0000000000
2025-02-16,Optimal,3.8690392000,7011.2195779257,7041.7325831244,7041.7325831244,55786.5826237178,82803.8061004430,55786.5826237178,2403.3964726969,985.3361615660,4295.0650432999,60081.6476670177,0.0000000000
2025-02-17,Optimal,0.9627859000,7041.7325831244,6992.5553405086,6992.5553405086,54430.8609066994,81784.7673005788,54430.8609066994,2374.4247221384,317.7098543532,1324.1155849233,55754.9764916226,0.0000000000
2025-02-18,Optimal,3.1391110000,6992.5553405086,6967.9894250754,6967.9894250754,53609.5371699969,81296.4567712287,53609.5371699969,2270.3284044470,331.7704847348,1422.9209793425,55032.4581493394,0.0000000000
2025-02-19,Optimal,3.3958933000,6967.9894250754,6999.3999228322,6999.3999228322,53198.3571482817,81154.6091051916,53198.3571482817,2271.1090329905,859.0815285901,3343.0778728399,56541.4350211217,0.0000000000
2025-02-20,Optimal,4.7440234000,6999.3999228322,7044.4667512310,7044.4667512310,53366.6850020252,80645.7249163214,53366.6850020252,2273.5032524439,512.5927130041,2507.5726652689,55874.2576672941,0.0000000000
2025-02-21,Optimal,3.0149308000,7044.4667512310,6833.8842660609,6833.8842660609,15872.9256798952,36929.0037488049,15872.9256798952,885.5551873638,262.4784893563,742.4073724548,16615.3330523500,0.0000000000
2025-02-22,Optimal,3.2403481000,6833.8842660609,7007.7117353060,7007.7117353060,16073.5817729193,37011.2890003265,16073.5817729193,1015.5542091526,313.0972565579,943.6975271194,17017.2793000387,0.0000000000
2025-02-23,Optimal,3.9643121000,7007.7117353060,6967.9894371993,6967.9894371993,52545.2061667568,79662.3324986834,52545.2061667568,1957.9368413580,683.1375582125,2631.0522834433,55176.2584502001,0.0000000000
2025-02-24,Optimal,4.0105516000,6967.9894371993,6916.9082804806,6916.9082804806,51322.6150799238,78473.3714965021,51322.6150799238,2357.4729916763,346.2135816593,1564.2989950236,52886.9140749474,0.0000000000
2025-02-25,Optimal,4.2948681000,6916.9082804806,6999.3999842074,6999.3999842074,50647.2248474864,78414.5664774439,50647.2248474864,2228.3728342243,334.2250767340,1208.9147463318,51856.1395938181,0.0000000000
2025-02-26,Optimal,4.2111432000,6999.3999842074,7011.2192560948,7011.2192560948,51242.5236292673,78461.5502574880,51242.5236292673,2125.5809183521,502.8695107357,2143.9380474747,53386.4616767420,0.0000000000
2025-02-27,Optimal,3.4010503000,7011.2192560948,6999.4000955417,6999.4000955417,48912.1321927288,77297.6988337975,48912.1321927288,2065.1693282393,463.7847736076,2489.6281165186,51401.7603092474,0.0000000000
2025-02-28,Optimal,3.0320379000,6999.4000955417,6999.2064739204,6999.2064739204,14761.5501983203,35808.8917196718,14761.5501983203,888.9040866268,369.6853129316,1148.8092117536,15910.3594100738,0.0000000000
2025-03-01,Optimal,3.0811091000,6999.2064739204,6967.9894164654,6982.2997528369,15047.4482257214,36134.7389583618,15047.4482257214,867.0953076835,578.1593874488,2024.8706869768,17072.3189126982,0.0000000000
2025-03-02,Optimal,4.0839929000,6982.2997528369,6999.2062644251,6999.2062644251,49369.5616824538,76755.4053943105,49369.5616824538,2345.9051344177,3867.9267871282,17245.8668768877,66615.4285593415,0.0000000000
2025-03-03,Optimal,4.0162274000,6999.2062644251,7000.1735734177,7000.1735734177,49256.2110869107,76370.6617409840,49256.2110869107,2416.3953684004,2980.5657279729,13609.4396841871,62865.6507710978,0.0000000000
2025-03-04,Optimal,2.9052584000,7000.1735734177,6969.6416175431,6969.6416175431,50554.2939321445,78106.3372731958,50554.2939321445,2698.7697086324,665.8116240792,2377.8066374467,52932.1005695912,0.0000000000
2025-03-05,Optimal,3.9599699000,6969.6416175431,7055.4023069163,7055.4023069163,50371.1093666399,79178.7506391130,50371.1093666400,2181.7337747389,158.1046363091,684.7095210053,51055.8188876453,0.0000000000
2025-03-06,Optimal,2.9745415000,7055.4023069163,7044.4666273579,7044.4666273579,50436.8027816111,78619.9406251791,50436.8027816111,2454.6528692903,317.6543125977,954.1198826027,51390.9226642137,0.0000000000
2025-03-07,Optimal,3.3094052000,7044.4666273579,7082.9195777958,7082.9195777958,14526.9956579759,35166.8943866505,14526.9956579759,993.9729304142,214.2971610867,586.9861595674,15113.9818175433,0.0000000000
2025-03-08,Optimal,3.7432264000,7082.9195777958,6992.5552347563,6992.5552347563,13848.5167791255,33518.9838131038,13848.5167791255,902.8023705446,358.6635119656,904.9853068045,14753.5020859300,0.0000000000
2025-03-09,Optimal,3.2186033000,6992.5552347563,6919.1517124415,6919.1517124415,46932.3109722639,75140.3042086276,46932.3109722639,2390.6039813990,235.0348697366,917.3472493581,47849.6582216220,0.0000000000
2025-03-10,Optimal,5.2601592000,6919.1517124415,6916.6019493836,6916.6019493836,47769.2380812731,73920.7971322585,47769.2380812730,2233.7233401980,1955.9234841275,6810.5089372369,54579.7470185100,0.0000000000
2025-03-11,Optimal,3.1504219000,6916.6019493836,7041.7326373616,7049.8801807643,46418.5941724203,73843.3421119719,46418.5941724203,2259.4833090110,567.9882926219,2337.7515991671,48756.3457715874,0.0000000000
2025-03-12,Optimal,3.5358974000,7049.8801807643,6992.7487602846,6992.7487602846,45474.0336225387,73366.9433336884,45474.0336225387,2363.0835202818,455.2017585750,1726.1976656397,47200.2312881785,0.0000000000
2025-03-13,Optimal,4.5911228000,6992.7487602846,7083.2123764846,7083.2123764846,45972.1390120727,72566.5473806169,45972.1390120727,2186.2091808820,2736.7730774050,11971.1418372348,57943.2808493075,0.0000000000
2025-03-14,Optimal,3.2832187000,7083.2123764846,6999.3999082933,6999.3999082933,13020.3737416441,32696.2521527301,13020.3737416440,833.7230141901,311.9523770509,1131.2478539031,14151.6215955472,0.0000000000
2025-03-15,Optimal,3.0596408000,6999.3999082933,7086.2219144711,7086.2219144711,13608.4301067999,32766.5157366742,13608.4301067999,843.9896159049,408.0436360133,1459.2507437632,15067.6808505632,0.0000000000
2025-03-16,Optimal,3.8645516000,7086.2219144711,7008.4854282298,7012.6400570637,44780.7724296075,72032.1380859744,44780.7724296075,2321.1571523034,600.7083882506,2585.9193184596,47366.6917480670,0.0000000000
2025-03-17,Optimal,4.0102015000,7012.6400570637,7044.4665728783,7046.7945449558,43883.6518473251,72505.1351777829,43883.6518473251,2583.9297463599,237.4646494184,1062.2422503290,44945.8940976541,0.0000000000
2025-03-18,Optimal,4.2202993000,7046.7945449558,7086.2220611150,7086.2220611150,43201.7593846824,70555.4282682597,43201.7593846824,2118.1852388627,984.2603730846,4840.6051986421,48042.3645833244,0.0000000000
2025-03-19,Optimal,3.7151321000,7086.2220611150,6969.8454879464,6969.8454879464,42733.0038543980,70519.5671358818,42733.0038543980,2311.4274320643,371.6042982877,1840.8508426826,44573.8546970806,0.0000000000
2025-03-20,Optimal,6.2943747000,6969.8454879464,6992.7485671353,6992.7485671353,43168.9917458575,70075.3938616723,43168.9917458575,2485.1490523511,897.0676366718,3447.6326639890,46616.6244098465,0.0000000000
2025-03-21,Optimal,3.0967828000,6992.7485671353,7041.7325365404,7041.7325365404,12758.8294740919,31819.5966885218,12758.8294740919,844.7858549473,408.6279580384,994.9362023863,13753.7656764783,0.0000000000
2025-03-22,Optimal,6.1600219000,7041.7325365404,7055.4031619132,7076.3935678739,13214.2320456750,32542.4362440524,13214.2320456750,892.9916231862,197.5383473608,502.7105019560,13716.9425476310,0.0000000000
2025-03-23,Optimal,2.6481776000,7076.3935678739,6986.4592739215,6986.4592739215,40786.1496630436,67675.0572785226,40786.1496630437,2023.3854831783,953.1871715162,3848.6572600250,44634.8069230687,0.0000000000
2025-03-24,Optimal,4.5901820000,6986.4592739215,7044.4665278471,7044.4665278471,40759.2759744521,67270.4353245246,40759.2759744521,2760.4609642094,698.5911690719,2289.8701003788,43049.1460748309,0.0000000000
2025-03-25,Optimal,3.5690926000,7044.4665278471,6999.2066729158,6999.2066729158,40825.9256612669,67406.3813089708,40825.9256612669,2299.6947130756,1748.3168269132,6649.2303016071,47475.1559628740,0.0000000000
2025-03-26,Optimal,5.0621438000,6999.2066729158,7086.2219876970,7086.2219876970,40137.2601424067,67143.7388643022,40137.2601424067,2181.8215147300,383.0024695095,1243.8231919412,41381.0833343479,0.0000000000
2025-03-27,Optimal,3.8843470000,7086.2219876970,7112.3244105221,7114.7489351170,40096.7123129380,66799.2628809602,40096.7123129380,2069.2994659446,670.0886668643,2325.4802620895,42422.1925750275,0.0000000000
2025-03-28,Optimal,2.9528390000,7114.7489351170,7180.2814410574,7192.8243785574,12564.5049760273,31338.2426867173,12564.5049760273,824.4808993293,347.1249181590,1076.1200867430,13640.6250627704,0.0000000000
2025-03-29,Optimal,2.8592182000,7192.8243785574,6999.3998915580,7013.4440807941,12339.8328134581,30793.0303333486,12339.8328134581,796.2970531756,317.1649589844,1032.0772214894,13371.9100349475,0.0000000000
2025-03-30,Optimal,2.4819226000,7013.4440807941,7011.2196119317,7011.2196119317,38621.0255046006,65518.9047023124,38621.0255046006,2508.4980804839,537.9413183159,2029.3321199422,40650.3576245428,0.0000000000
2025-03-31,Optimal,3.2057644000,7011.2196119317,6992.5551777426,6993.0134387379,38215.6046947752,63823.0144701924,38215.6046947752,1974.8865907562,1128.4511579520,4266.3089065013,42481.9136012765,0.0000000000
2025-04-01,Optimal,3.6100115000,6993.0134387379,7041.7325431913,7041.7325431913,39808.0371169570,64967.0694605113,39808.0371169570,2504.1092108248,2662.7792756795,8327.3335109872,48135.3706279442,0.0000000000
2025-04-02,Optimal,4.9408964000,7041.7325431913,7011.2196354028,7011.2196354028,38290.5536075152,63808.6566509413,38290.5536075152,2261.9692908287,3927.7319092519,16384.7719425784,54675.3255500936,0.0000000000
2025-04-03,Optimal,3.1731591000,7011.2196354028,7053.9505659212,7053.9505659212,39154.1076385707,65582.1351211316,39154.1076385706,2238.5840665266,565.4621553450,2138.0136232179,41292.1212617886,0.0000000000
2025-04-04,Optimal,1.0236420000,7053.9505659212,7153.1582564285,7202.4901126207,12005.4362794898,30108.4826539555,12005.4362794898,813.0519094410,354.9742895730,1096.4926703646,13101.9289498544,0.0000000000
2025-04-05,Optimal,1.1311993000,7202.4901126207,6992.3631020317,6992.3631020317,12150.5357441934,29872.1245218388,12150.5357441934,792.2391484645,325.5084390587,902.0593656653,13052.5951098587,0.0000000000
2025-04-06,Optimal,3.3281253000,6992.3631020317,7597.5494518514,7598.5206059313,39099.0864833732,66002.3059731711,39099.0864833732,2619.8041682871,439.9793205078,1797.6903969676,40896.7768803408,0.0000000000
2025-04-07,Optimal,3.7285903000,7598.5206059313,7010.4457992120,7010.4457992120,37511.1295859292,63263.9349406633,37511.1295859292,2023.6289461472,408.3550751969,1029.0709216369,38540.2005075661,0.0000000000
2025-04-08,Optimal,4.4150047000,7010.4457992120,7041.7328627839,7041.7328627839,37883.4692670369,64542.8850674124,37883.4692670369,1945.6459709602,783.1844623591,3563.4001728825,41446.8694399194,0.0000000000
2025-04-09,Optimal,2.8624174000,7041.7328627839,6954.0395395918,6986.0233575895,37414.4361228480,62857.4385324658,37414.4361228480,2288.2029789974,2922.0600719913,10307.0645491383,47721.5006719863,0.0000000000
2025-04-10,Optimal,2.9022099000,6986.0233575895,7098.2577693759,7098.2577693759,37566.9510109847,64027.2326070700,37566.9510109847,2029.0823188499,751.9454375719,3404.6834053033,40971.6344162880,0.0000000000
2025-04-11,Optimal,2.6349209000,7098.2577693759,7009.5182229069,7064.8847645012,11551.6367078311,29715.0468597734,11551.6367078311,781.8723745017,427.8062046497,1376.0983307203,12927.7350385514,0.0000000000
2025-04-12,Optimal,1.0829520000,7064.8847645012,7133.9603566370,7154.3335152199,11883.2782541792,30598.8060079629,11883.2782541792,722.7119862933,156.8780107477,411.3530538053,12294.6313079845,0.0000000000
2025-04-13,Optimal,3.4653977000,7154.3335152199,7007.2358521747,7029.0323549958,36922.7010352478,62224.5680153104,36922.7010352478,2511.1988511387,772.9736175106,3113.6935537360,40036.3945889838,0.0000000000
2025-04-14,Optimal,3.3491188000,7029.0323549958,7102.8169899673,7126.0684873631,36153.7757614681,62007.4739562459,36153.7757614681,2131.6277579535,583.9507767992,2253.0887588088,38406.8645202769,0.0000000000
2025-04-15,Optimal,3.7646620000,7126.0684873631,7088.5396609413,7125.3608061959,35989.7969225010,62290.3500645083,35989.7969225009,1764.2943007257,322.1655398526,1342.4103902035,37332.2073127044,0.0000000000
2025-04-16,Optimal,3.7924309000,7125.3608061959,7054.0157092040,7072.1866653672,36551.9238579447,61330.4166448654,36551.9238579447,2143.1206128493,1679.5542829033,6143.2241686492,42695.1480265939,0.0000000000
2025-04-17,Optimal,3.6734858000,7072.1866653672,6998.7321174282,6998.7321174282,35528.4167315739,60864.9901868475,35528.4167315739,1944.5973020032,412.0612564707,1619.7195805261,37148.1363121000,0.0000000000
2025-04-18,Optimal,1.0262873000,6998.7321174282,7148.1624624020,7313.6576426501,11535.1700949676,29593.7768873047,11535.1700949676,706.2824978635,275.4975681152,763.4307728408,12298.6008678084,0.0000000000
2025-04-19,Optimal,2.9582289000,7313.6576426501,7418.4732608028,7624.4979365207,11168.4988993816,28619.3581846259,11168.4988993816,774.8881823186,415.5466961202,1271.7699608530,12440.2688602345,0.0000000000
2025-04-20,Optimal,4.1888856000,7624.4979365207,7042.7194328753,7063.6740462289,35474.8610975577,60116.7194753244,35474.8610975577,2015.3596169518,734.2742485497,2735.9641869757,38210.8252845333,0.0000000000
2025-04-21,Optimal,2.5239559000,7063.6740462289,7053.5622923746,7056.6379705430,35173.9283376277,61020.0799850133,35173.9283376277,2138.0119484222,395.5252669294,1231.9446983603,36405.8730359880,0.0000000000
2025-04-22,Optimal,3.1471699000,7056.6379705430,7120.8321867307,7120.8321867307,35193.9465630837,59462.1869248963,35193.9465630837,1925.2755712643,1235.8118580035,3662.4977353450,38856.4442984287,0.0000000000
2025-04-23,Optimal,3.5750614000,7120.8321867307,7112.0428931155,7112.0428931155,35528.6135982201,60563.3920281969,35528.6135982201,2125.6518550091,607.9231823623,2025.2613907128,37553.8749889329,0.0000000000
2025-04-24,Optimal,2.9837366000,7112.0428931155,7054.0084607229,7092.4517409783,34623.8812052020,59284.2227216880,34623.8812052020,2165.9906900816,194.0878388289,793.0829109226,35416.9641161247,0.0000000000
2025-04-25,Optimal,1.0193445000,7092.4517409783,7427.8421330666,7587.5145900979,10563.5495374878,28527.1967282943,10563.5495374878,706.3668839213,167.7189493556,448.3365609682,11011.8860984560,0.0000000000
2025-04-26,Optimal,3.0833219000,7587.5145900979,7256.7784734011,7402.1483427045,10631.3223952296,27885.8979021246,10631.3223952296,696.2157269188,540.2382442397,1535.6079875044,12166.9303827340,0.0000000000
2025-04-27,Optimal,4.3777670000,7402.1483427045,7086.2220674916,7086.2220674916,32398.7379224655,56779.1308691173,32398.7379224655,1698.9048445678,1341.5538120185,5814.5116136622,38213.2495361276,0.0000000000
2025-04-28,Optimal,3.7666932000,7086.2220674916,7055.4030467374,7134.0764260053,33599.1951728581,56706.5998416241,33599.1951728581,2009.3798587053,5739.8337565930,22026.9474397638,55626.1426126219,0.0000000000
2025-04-29,Optimal,6.2781014000,7134.0764260053,7332.3965808540,7332.3965808540,33764.5219024287,59380.4938199858,33764.5219024287,2121.1964183918,876.6213676779,3663.7378879772,37428.2597904059,0.0000000000
2025-04-30,Optimal,4.6556980000,7332.3965808540,7048.2163232207,7048.2163232207,33067.3882898157,57213.2027472643,33067.3882898157,1977.0386883873,1533.5455219486,5025.2231584748,38092.6114482905,0.0000000000
2025-05-01,Optimal,3.9871919000,7048.2163232207,7419.2963372948,7419.2963372948,34507.6885962053,58430.7614901982,34507.6885962053,2188.2797261331,2826.5130572973,13252.9963198264,47760.6849160316,0.0000000000
2025-05-02,Optimal,3.5563120000,7419.2963372948,7453.2930391848,7453.2930391848,11339.1065302356,27948.2382950179,11339.1065302356,891.4084253227,2719.3374200578,9876.9632630335,21216.0697932692,0.0000000000
2025-05-03,Optimal,1.2823332000,7453.2930391848,7162.8557612660,7193.8635832061,11186.7010536751,27785.9088584459,11186.7010536751,737.4364986893,1842.6082647980,7806.6742078568,18993.3752615319,0.0000000000
2025-05-04,Optimal,3.3707977000,7193.8635832061,7418.6378587329,7418.6378587329,35637.8000906628,59305.5867908324,35637.8000906628,2381.9323275034,2274.4291999530,10240.5195815088,45878.3196721717,0.0000000000
2025-05-05,Optimal,4.5353720000,7418.6378587329,7309.7243069608,7309.7243069608,35354.2251880580,59715.9205045833,35354.2251880580,2304.7139733846,3398.1947646828,15891.0591767476,51245.2843648056,0.0000000000
2025-05-06,Optimal,4.3166627000,7309.7243069608,7469.6759035779,7469.6759035779,35678.8998211892,59802.6469492236,35678.8998211892,2549.8078157944,2947.0423713397,13333.7316985836,49012.6315197728,0.0000000000
2025-05-07,Optimal,4.9083135000,7469.6759035779,7728.6155535573,7728.6155535573,35829.1316964340,60124.9525548254,35829.1316964340,2460.3700873164,3016.6343033273,14138.4487701370,49967.5804665710,0.0000000000
2025-05-08,Optimal,3.9502966000,7728.6155535573,7736.4772737972,7866.6294278952,39158.2888074670,63674.9972781809,39158.2888074670,2701.9505465512,1306.3877085182,5313.2986943633,44471.5875018304,0.0000000000
2025-05-09,Optimal,2.8724867000,7866.6294278952,6997.1852406699,7162.6521642448,12388.2854866589,29564.1139246453,12388.2854866589,726.1160356783,509.7559912434,1560.3850461249,13948.6705327838,0.0000000000
2025-05-10,Optimal,1.2245117000,7162.6521642448,7128.5842823874,7220.3949132468,13116.5790949081,30680.1912706351,13116.5790949081,884.2799619235,777.2059611398,2598.2933930310,15714.8724879391,0.0000000000
2025-05-11,Optimal,5.1659664000,7220.3949132468,7112.5349735601,7112.5349735601,38434.1980742447,62684.5192838075,38434.1980742447,2618.3302204667,1254.2500046597,4687.0440667134,43121.2421409580,0.0000000000
2025-05-12,Optimal,5.6887013000,7112.5349735601,7123.2931465903,7123.2931465903,38319.3466037145,62622.5138934796,38319.3466037145,2545.6754419815,813.6437564450,3051.3728805405,41370.7194842549,0.0000000000
2025-05-13,Optimal,3.6052757000,7123.2931465903,7423.7439370665,7441.1473307297,38390.0588012284,64006.9530910956,38390.0588012284,2704.7531510581,379.8539902466,1623.6296292916,40013.6884305199,0.0000000000
2025-05-14,Optimal,3.6716945000,7441.1473307297,7191.8164858604,7226.0045805056,38509.6600762214,64123.8054350243,38509.6600762214,2767.5577766790,272.3485718354,886.6569950137,39396.3170712351,0.0000000000
2025-05-15,Optimal,6.4141837000,7226.0045805056,7539.6639935085,7635.0694305744,38763.7975248079,64023.0647178251,38763.7975248078,2525.2973916369,1121.8404052027,4498.0366508069,43261.8341756148,0.0000000000
2025-05-16,Optimal,4.0017661000,7635.0694305744,7252.1373090314,7450.7031590205,12294.6084125444,29205.8201444687,12294.6084125444,914.9778008156,456.8745597801,1105.0320719105,13399.6404844549,0.0000000000
2025-05-17,Optimal,3.4517652000,7450.7031590205,7476.7663942285,7583.9830647110,12785.0541484707,30165.9879195929,12785.0541484707,984.8186717560,675.2337060442,2018.8881819577,14803.9423304284,0.0000000000
2025-05-18,Optimal,4.2713456000,7583.9830647110,7500.2772617307,7554.1008149714,37469.1397614112,61584.0530561517,37469.1397614111,2424.4919621741,1694.9782010405,6178.3898504820,43647.5296118932,0.0000000000
2025-05-19,Optimal,4.9169405000,7554.1008149714,8191.4413744240,8191.4413744240,37548.7541379789,63307.7076562536,37548.7541379789,2722.3191217823,387.4600356671,2028.8771443313,39577.6312823102,0.0000000000
2025-05-20,Optimal,3.8066592000,8191.4413744240,6997.1858004135,6997.1858004135,35069.0907429783,58286.2341621372,35069.0907429783,2459.0433901852,1845.1600697898,6342.6390569503,41411.7297999285,0.0000000000
2025-05-21,Optimal,5.2306905000,6997.1858004135,7083.3763799290,7145.2224596092,36779.3233373645,60788.0937168120,36779.3233373645,2170.6091042567,1213.4209182267,4793.2485220788,41572.5718594433,0.0000000000
2025-05-22,Optimal,4.4518790000,7145.2224596092,7489.9215911527,7489.9215911527,36203.4975167769,60217.9767341343,36203.4975167769,2511.9949827062,573.6737244752,2820.2296036544,39023.7271204313,0.0000000000
2025-05-23,Optimal,3.3615325000,7489.9215911527,7566.0532119340,7695.3127512135,12064.8282438809,29742.3114477578,12064.8282438809,944.3642520436,429.5499810323,1421.4870904725,13486.3153343534,0.0000000000
2025-05-24,Optimal,3.1714221000,7695.3127512135,7476.7661816079,7707.2400493199,12624.3395667914,29764.1567917107,12624.3395667914,1060.6670102631,203.4444210409,710.2237138554,13334.5632806469,0.0000000000
2025-05-25,Optimal,4.6640187000,7707.2400493199,7091.1522572320,7091.1522572320,35701.0174055773,59730.5229969119,35701.0174055773,2393.4982850158,440.1319509346,2191.8173792817,37892.8347848590,0.0000000000
2025-05-26,Optimal,5.1253223000,7091.1522572320,7091.2291381059,7092.2867438640,35371.5778430642,58906.7284895481,35371.5778430642,2503.1895005826,3343.8872428996,12907.3307674540,48278.9086105181,0.0000000000
2025-05-27,Optimal,3.6064589000,7092.2867438640,7712.7689330621,7712.7689330621,37100.7044151048,62460.5029410244,37100.7044151048,2706.0164356084,384.8180880281,1267.2880311485,38367.9924462533,0.0000000000
2025-05-28,Optimal,4.4967387000,7712.7689330621,8304.4675019425,8304.4675019425,37364.7331971909,61666.5666838009,37364.7331971909,3054.8053558600,1928.0147152623,5924.5803035107,43289.3135007016,0.0000000000
2025-05-29,Optimal,6.2055533000,8304.4675019425,7149.0620651374,7200.0140965502,35154.6447165852,58195.6752724718,35154.6447165852,2862.0008506953,1693.7612993868,6953.5962584302,42108.2409750154,0.0000000000
2025-05-30,Optimal,1.0369856000,7200.0140965502,7447.4305405486,7617.1892816872,12342.4078744603,29305.9300914902,12342.4078744603,924.0671744590,799.6619219122,2452.0680849427,14794.4759594030,0.0000000000
2025-05-31,Optimal,2.8900440000,7617.1892816872,7588.5987679972,7692.6406143333,11727.5207947741,29885.4676587296,11727.5207947741,1007.2569793747,601.2353965729,1885.6527099158,13613.1735046899,0.0000000000
2025-06-01,Optimal,5.4116413000,7692.6406143333,7500.2770490642,7500.2770490642,39813.8590394314,60209.2514500774,39813.8590394314,2678.2505370248,14376.1809570623,62036.3071027833,101850.1661422147,0.0000000000
2025-06-02,Optimal,3.6285779000,7500.2770490642,7381.2624645772,7381.2624645772,40413.5073219654,62513.7303845558,40413.5073219654,3449.5856650788,11635.3175789167,52536.0142097629,92949.5215317283,0.0000000000
2025-06-03,Optimal,3.4154700000,7381.2624645772,7376.6439627575,7376.6439627575,41181.6030272181,63328.0060707870,41181.6030272181,3044.0840275434,9098.7273623511,40046.2136845136,81227.8167117317,0.0000000000
2025-06-04,Optimal,4.5620055000,7376.6439627575,7588.5988752887,7588.5988752887,42628.7040976675,65264.7688558144,42628.7040976675,3056.2016144634,8708.7079764795,35717.6627664425,78346.3668641100,0.0000000000
2025-06-05,Optimal,4.6483926000,7588.5988752887,8165.7418867773,8165.7418867773,45210.5790321188,68687.2143594081,45210.5790321188,5172.8953031371,8026.8578709355,33681.8138815364,78892.3929136552,0.0000000000
2025-06-06,Optimal,3.6129981000,8165.7418867773,7274.9472404469,7274.9472404469,13461.5834659203,28979.3743436091,13461.5834659203,1449.3510581958,8199.1839246123,30243.9003715087,43705.4838374290,0.0000000000
2025-06-07,Optimal,3.0481129000,7274.9472404469,7469.6757914702,7469.6757914702,14513.9132676433,31227.6547863808,14513.9132676433,2525.1388078070,6038.8707591674,21610.4501737374,36124.3634413808,0.0000000000
2025-06-08,Optimal,1.0641262000,7469.6757914702,8367.1887502659,8367.1887502659,55412.6415513386,82278.9505920205,55412.6415513386,4397.1496905443,155.4428000178,622.9084105167,56035.5499618553,0.0000000000
2025-06-09,Optimal,2.8791770000,8367.1887502659,7499.1372754252,7499.1372754252,53769.1669160298,78713.7109527580,53769.1669160298,4618.2240808334,1422.7439072092,5751.1397847477,59520.3067007775,0.0000000000
2025-06-10,Optimal,1.0519635000,7499.1372754252,7707.4394602766,7707.4394602766,54313.8935322065,80269.5492141380,54313.8935322065,3958.3614799072,928.1105396345,3684.7323640159,57998.6258962224,0.0000000000
2025-06-11,Optimal,1.0214370000,7707.4394602766,7712.7687635526,7712.7687635526,54716.0847249963,81453.3241097972,54716.0847249963,3607.6376368266,2930.2819437419,15205.4632393238,69921.5479643201,0.0000000000
2025-06-12,Optimal,3.1126718000,7712.7687635526,8253.6646659006,8253.6646659006,56123.6707050196,82871.6900877614,56123.6707050196,3747.7414502116,971.4590403528,4602.2280305692,60725.8987355888,0.0000000000
2025-06-13,Optimal,3.1327050000,8253.6646659006,7840.7870512331,7867.8445584669,19222.2885360167,38273.3192955612,19222.2885360167,2938.8120225600,802.7014965841,3274.7485749372,22497.0371109539,0.0000000000
2025-06-14,Optimal,3.1760198000,7867.8445584669,7678.7812705303,7766.7541887522,19670.6605570568,38338.1697997119,19670.6605570568,1981.4575654413,356.6562314825,982.9393646051,20653.5999216619,0.0000000000
2025-06-15,Optimal,3.2103705000,7766.7541887522,7712.5702140853,7723.0339733446,56502.2555412971,82775.1261294767,56502.2555412971,6112.5579709804,434.0740009021,2170.4776128738,58672.7331541708,0.0000000000
2025-06-16,Optimal,1.0047850000,7723.0339733446,7827.4697267092,7827.4697267092,56639.7324357245,82596.3787710929,56639.7324357245,4993.7724069336,784.5460047109,3385.2528655230,60024.9853012475,0.0000000000
2025-06-17,Optimal,2.8026136000,7827.4697267092,8165.7419063434,8165.7419063434,56678.1481871982,83493.0233990924,56678.1481871982,4912.0577565792,1763.8297405903,9310.9027584291,65989.0509456273,0.0000000000
2025-06-18,Optimal,3.0588597000,8165.7419063434,7659.4357481562,7659.4357481562,56914.4763390254,82688.9786518915,56914.4763390255,4562.3216601904,294.4758080380,1315.6999128932,58230.1762519187,0.0000000000
2025-06-19,Optimal,3.7756251000,7659.4357481562,8028.8768705264,8028.8768705264,55918.9505353689,82735.3459925745,55918.9505353689,3766.1277947266,661.4226387198,2577.7262471409,58496.6767825098,0.0000000000
2025-06-20,Optimal,3.0603194000,8028.8768705264,8191.6926932955,8308.2477432629,19579.9157274797,39492.7998845691,19579.9157274797,3269.2579038759,208.0747504030,494.8114377423,20074.7271652221,0.0000000000
2025-06-21,Optimal,6.2319473000,8308.2477432629,7852.3052046239,8112.0715772910,18284.4390314132,37272.1507793073,18284.4390314132,1985.7551858319,222.8168405005,583.1273672071,18867.5663986203,0.0000000000
2025-06-22,Optimal,4.3371648000,8112.0715772910,7837.4421562620,7837.4421562620,53340.0031383803,79628.3636649757,53340.0031383803,4674.3099948114,786.8698357673,3552.9981517427,56893.0012901230,0.0000000000
2025-06-23,Optimal,2.8350844000,7837.4421562620,8319.0300445376,8319.0300445376,54388.5028862704,81286.5221107292,54388.5028862704,5251.4234331592,418.0208750532,1514.4704546626,55902.9733409330,0.0000000000
2025-06-24,Optimal,2.8938263000,8319.0300445376,7699.1668661639,7699.1668661639,53821.7440700656,78023.5853913319,53821.7440700656,3852.3067174375,4869.8336588908,22503.2452507695,76324.9893208351,0.0000000000
2025-06-25,Optimal,2.8751402000,7699.1668661639,7596.8526490871,7630.3035352272,52638.0272975185,78498.1657584653,52638.0272975186,4471.5161259088,1625.3068431392,7096.4927223796,59734.5200198981,0.0000000000
2025-06-26,Optimal,3.9320552000,7630.3035352272,7551.9774652686,7551.9774652686,51948.7393488254,78442.7429469927,51948.7393488254,4254.2773797420,882.5709183784,3601.2090946654,55549.9484434908,0.0000000000
2025-06-27,Optimal,2.9550189000,7551.9774652686,8165.7418153773,8384.1542126213,17570.5460611560,37362.3147129212,17570.5460611560,2346.4849571764,221.0292173821,851.4114064082,18421.9574675642,0.0000000000
2025-06-28,Optimal,3.5605814000,8384.1542126213,8285.4165420734,8344.3373625668,17747.7931906945,37257.6030163044,17747.7931906945,2675.2138584260,633.2304623068,2407.5939217878,20155.3871124823,0.0000000000
2025-06-29,Optimal,4.4650261000,8344.3373625668,7717.6520830964,7717.6520830964,52486.8754155561,77594.9312649850,52486.8754155561,3990.1063637143,1364.1060899699,5302.6564433479,57789.5318589040,0.0000000000
2025-06-30,Optimal,3.4465148000,7717.6520830964,7755.3360566491,7755.3360566491,52946.5256767526,79088.1956149729,52946.5256767526,5756.0015421728,1479.7554011610,5705.6822611360,58652.2079378886,0.0000000000
2025-07-01,Optimal,3.5567232000,7755.3360566491,7987.6867794234,7987.6867794234,59928.5504605154,82585.5360455598,59928.5504605154,6281.8646842159,5687.3528046473,23698.9444603176,83627.4949208330,0.0000000000
2025-07-02,Optimal,1.0449523000,7987.6867794234,7756.4254773283,7756.4254773283,55694.3829739564,77105.1294347823,55694.3829739564,4037.8220298209,7034.9540380851,29658.5224387879,85352.9054127444,0.0000000000
2025-07-03,Optimal,4.1488561000,7756.4254773283,7267.6411463954,7267.6411463954,55750.4680167018,75032.4772760933,55750.4680167018,5752.6567969238,9404.2689918187,41061.5440222102,96812.0120389120,0.0000000000
2025-07-04,Optimal,3.3867267000,7267.6411463954,7867.2725753670,7867.2725753670,19624.1792409685,35357.5255021109,19624.1792409685,2923.0492963480,7707.7676858351,27649.4971810767,47273.6764220452,0.0000000000
2025-07-05,Optimal,3.2191463000,7867.2725753670,7738.9699079692,7738.9699079692,18841.9487075308,35287.5999713793,18841.9487075308,2037.9076001537,7759.2747582301,28502.8350461245,47344.7837536553,0.0000000000
2025-07-06,Optimal,3.6184516000,7738.9699079692,8019.2338067450,8019.2338067450,54551.3848856087,74604.9037840340,54551.3848856087,5767.6485428352,10275.5269585378,48890.6576633833,103442.0425489920,0.0000000000
2025-07-07,Optimal,3.4532142000,8019.2338067450,8194.6590399760,8194.6590399760,52118.1489990537,72487.5684089460,52118.1489990537,4104.0218195342,7844.5550324040,33496.2750259798,85614.4240250334,0.0000000000
2025-07-08,Optimal,2.5082972000,8194.6590399760,7435.0881386260,7435.0881386260,62725.2215044154,84740.9481809179,62725.2215044154,5289.3528117255,1434.9759854283,6516.1706586571,69241.3921630725,0.0000000000
2025-07-09,Optimal,3.6200987000,7435.0881386260,8225.1994783719,8225.1994783719,64336.8732789189,87314.5113275358,64336.8732789189,4953.4357238948,723.6888137126,3140.9044602023,67477.7777391212,0.0000000000
2025-07-10,Optimal,4.5220064000,8225.1994783719,8271.7802317297,8271.7802317297,65142.8772285526,88145.0565939852,65142.8772285526,5184.1543152850,453.6939940024,1811.0027932658,66953.8800218184,0.0000000000
2025-07-11,Optimal,3.4038676000,8271.7802317297,7726.1213026728,7726.1213026728,26780.1552121984,45123.1950743650,26780.1552121984,2632.2604827091,538.0422967629,1575.0398855484,28355.1950977468,0.0000000000
2025-07-12,Optimal,3.2731846000,7726.1213026728,7427.1837823089,7427.1837823089,25607.4521148358,44879.5442370071,25607.4521148358,1330.0282540572,609.9181569011,1934.8233528857,27542.2754677215,0.0000000000
2025-07-13,Optimal,1.1351814000,7427.1837823089,8664.0497328966,8664.0497328966,64353.8306924496,89645.7690018835,64353.8306924495,6836.0440500803,146.3743518024,689.0578221444,65042.8885145939,0.0000000000
2025-07-14,Optimal,3.6972171000,8664.0497328966,8471.4149121600,8471.4149121600,62479.7122610226,86369.4713037106,62479.7122610226,5382.8619562683,341.7920640523,1844.3838112069,64324.0960722294,0.0000000000
2025-07-15,Optimal,2.7413366000,8471.4149121600,7786.7036921130,7786.7036921130,61944.6797431766,84555.3792603211,61944.6797431766,5276.8635075734,880.8005322140,3189.1251327934,65133.8048759700,0.0000000000
2025-07-16,Optimal,3.5686763000,7786.7036921130,8588.3490897963,8588.3490897963,64862.8982070105,87500.3667591074,64862.8982070105,5728.3917967930,707.5218935261,3100.5192343861,67963.4174413966,0.0000000000
2025-07-17,Optimal,4.0188115000,8588.3490897963,8215.1139822635,8215.1139822635,62286.8405435337,85062.7417353020,62286.8405435337,6321.8742900162,1049.4230219441,4607.7691769830,66894.6097205166,0.0000000000
2025-07-18,Optimal,3.5363892000,8215.1139822635,7775.6686576989,7810.2494766370,25162.6961975880,44455.5073207793,25162.6961975880,1911.2571362881,354.1341098051,1343.9686475165,26506.6648451045,0.0000000000
2025-07-19,Optimal,2.9746336000,7810.2494766370,7787.8284522240,7787.8284522240,25505.6358619439,45384.6303365728,25505.6358619439,2668.7189052041,405.4129418791,1251.8258063677,26757.4616683116,0.0000000000
2025-07-20,Optimal,3.4095738000,7787.8284522240,7571.5462842542,7571.5462842542,59379.0296650834,81204.5606865738,59379.0296650834,3969.7361697338,1160.5605229438,4111.1115048830,63490.1411699665,0.0000000000
2025-07-21,Optimal,3.0362502000,7571.5462842542,8274.5671516004,8274.5671516004,64114.7463317186,86219.8097727380,64114.7463317186,6023.9545037301,545.7490426270,2220.7115837280,66335.4579154466,0.0000000000
2025-07-22,Optimal,3.8284917000,8274.5671516004,7712.5701056245,7712.5701056245,61280.9149581649,83923.8778125253,61280.9149581649,5287.4155397491,1017.0601827621,4145.7570255368,65426.6719837016,0.0000000000
2025-07-23,Optimal,4.7064615000,7712.5701056245,7837.4420343914,7837.4420343914,62013.5281425428,85006.7788276304,62013.5281425428,4811.9630505812,833.4566901379,3602.7668770867,65616.2950196295,0.0000000000
2025-07-24,Optimal,3.1730168000,7837.4420343914,8411.6648895413,8411.6648895413,62739.6352534714,85612.8169034702,62739.6352534714,5205.1044136429,1020.9825287354,4837.6830626055,67577.3183160769,0.0000000000
2025-07-25,Optimal,3.2720742000,8411.6648895413,8742.3336006362,8742.3336006362,26555.1180702399,46164.0463624407,26555.1180702399,3481.1877587932,190.9299126804,617.8460586875,27172.9641289274,0.0000000000
2025-07-26,Optimal,5.2757837000,8742.3336006362,8216.1536337610,8216.1536337610,25772.6609556559,44850.5384467998,25772.6609556559,2854.7102397841,380.6379487796,1041.6152455728,26814.2762012287,0.0000000000
2025-07-27,Optimal,3.2388532000,8216.1536337610,7711.5665815668,7711.5665815668,60763.5299432426,83129.7479791968,60763.5299432426,5514.5127152517,1420.0096548940,6301.7047483372,67065.2346915798,0.0000000000
2025-07-28,Optimal,4.8699983000,7711.5665815668,7754.2817254744,7754.2817254744,61541.5784418998,83506.3296458250,61541.5784418998,4168.7855706578,2497.5109343874,10709.0438320866,72250.6222739864,0.0000000000
2025-07-29,Optimal,4.4416524000,7754.2817254744,8165.7420697628,8165.7420697628,63012.2035723767,86415.2934873896,63012.2035723767,5958.4594942593,1477.3440813487,5863.5465209236,68875.7500933003,0.0000000000
2025-07-30,Optimal,3.2779154000,8165.7420697628,9260.7821999548,9260.7821999548,65773.8835028587,88871.4533202332,65773.8835028587,6482.1187672836,385.8049266045,1554.5464502818,67328.4299531405,0.0000000000
2025-07-31,Optimal,2.9744478000,9260.7821999548,7759.2054729067,7759.2054729067,61127.8359127704,84015.6760048916,61127.8359127703,4524.8342772272,830.4773956119,4023.7034316440,65151.5393444144,0.0000000000
2025-08-01,Optimal,3.1550820000,7759.2054729067,8700.0000000000,8700.0000000000,26157.4643689426,46252.6844824595,26157.4643689426,2850.7789158301,220.9045718806,548.9620725237,26706.4264414663,0.0000000000
2025-08-02,Optimal,3.2795431000,8700.0000000000,7732.9698791414,7732.9698791414,24093.6125568835,43369.1296159244,24093.6125568835,2222.9811531247,261.4898694179,976.4766508987,25070.0892077822,0.0000000000
2025-08-03,Optimal,3.7378474000,7732.9698791414,8325.4473980316,8325.4473980316,59755.0012262433,85063.3284153589,59755.0012262433,5833.1749440546,222.6470363828,995.3999232102,60750.4011494536,0.0000000000
2025-08-04,Optimal,3.5641375000,8325.4473980316,8336.6117739862,8336.6117739862,59079.4197156838,83166.2269726138,59079.4197156839,4961.8817056710,372.6712530455,1493.8322755771,60573.2519912610,0.0000000000
2025-08-05,Optimal,3.6895970000,8336.6117739862,8766.8384587310,8766.8384587310,59408.8236539136,83205.4598612961,59408.8236539135,6041.6672339393,165.2382696615,679.3277327257,60088.1513866392,0.0000000000
2025-08-06,Optimal,3.0330043000,8766.8384587310,10594.9066409380,10594.9066409380,61688.3070266406,85079.4848096030,61688.3070266406,5999.1334190683,542.4304370646,2350.4752155892,64038.7822422298,0.0000000000
2025-08-07,Optimal,3.1078437000,10594.9066409380,7749.8471416900,7749.8471416900,54140.6359528440,74577.8325340367,54140.6359528440,4175.0694961721,718.9896650944,2372.3827536349,56513.0187064789,0.0000000000
2025-08-08,Optimal,3.1104328000,7749.8471416900,5263.1941983233,5263.1941983233,23302.5426386135,41514.3964854831,23302.5426386135,3030.2579033712,246.8456350911,854.8415800919,24157.3842187054,0.0000000000
2025-08-09,Optimal,1.0462243000,5263.1941983233,7200.0000000000,7200.0000000000,24703.4119454636,44857.4510067077,24703.4119454636,2687.3815382242,433.1339092285,1387.6007546120,26091.0127000756,0.0000000000
2025-08-10,Optimal,3.7802896000,7200.0000000000,8318.7975528110,8318.7975528110,58061.0726270293,79370.8432065099,58061.0726270293,4643.8949457233,375.3379307890,1289.3732835349,59350.4459105642,0.0000000000
2025-08-11,Optimal,3.3801962000,8318.7975528110,7727.0476551029,7727.0476551029,54134.2665309962,76437.6733489027,54134.2665309962,3521.4941077766,888.1792526434,4015.6226332492,58149.8891642454,0.0000000000
2025-08-12,Optimal,4.7623751000,7727.0476551029,7849.2823521040,7849.2823521040,55095.2174705887,75755.3494335444,55095.2174705887,4368.7503211112,1556.5595303643,7499.8465520078,62595.0640225964,0.0000000000
2025-08-13,Optimal,3.3073615000,7849.2823521040,7715.1590500734,7715.1590500734,54474.5310096445,75724.8089586996,54474.5310096445,3751.9631385937,971.3985918914,3888.5180103109,58363.0490199554,0.0000000000
2025-08-14,Optimal,4.5489793000,7715.1590500734,8414.2510513848,8414.2510513848,55802.8498072184,77589.0193701033,55802.8498072184,4725.2156688643,1038.1610141022,5518.2869220093,61321.1367292277,0.0000000000
2025-08-15,Optimal,2.5579218000,8414.2510513848,4950.0000000000,4950.0000000000,22257.2684935062,38392.2153353100,22257.2684935062,2595.4625486854,473.9639425336,1493.6222601835,23750.8907536898,0.0000000000
2025-08-16,Optimal,2.7914019000,4950.0000000000,7871.7391410024,7871.7391410024,24685.4193376540,45010.3375511364,24685.4193376540,1812.8859251346,431.4106753075,1772.6555777504,26458.0749154044,0.0000000000
2025-08-17,Optimal,4.7938957000,7871.7391410024,7831.9900991532,7831.9900991532,54280.3593013999,75725.3839594263,54280.3593013999,4102.4670962057,784.5788070913,3569.4256160573,57849.7849174572,0.0000000000
2025-08-18,Optimal,3.0672211000,7831.9900991532,7745.8885805825,7745.8885805825,55115.2505581484,76924.3112935872,55115.2505581484,4490.7367266365,711.1680085329,3495.1839891147,58610.4345472631,0.0000000000
2025-08-19,Optimal,4.3726306000,7745.8885805825,7987.6113819344,7987.6113819344,55736.7137015691,76831.9113782442,55736.7137015692,4901.8253469086,506.9719832316,2327.8970556709,58064.6107572401,0.0000000000
2025-08-20,Optimal,3.3377086000,7987.6113819344,7870.7793348747,7870.7793348747,55077.8407274547,75252.2424801224,55077.8407274547,5052.2513127750,3511.4904027761,15676.4986099464,70754.3393374012,0.0000000000
2025-08-21,Optimal,3.7521564000,7870.7793348747,7868.6926566387,7868.6926566387,55407.9495581813,76517.1358718080,55407.9495581812,4413.9051883972,599.4118957733,2322.1762203977,57730.1257785790,0.0000000000
2025-08-22,Optimal,1.0280651000,7868.6926566387,7714.9712816749,7734.6190214029,23540.1300486770,42355.6870479444,23540.1300486770,2017.6263339462,952.2949023438,3486.1873877356,27026.3174364126,0.0000000000
2025-08-23,Optimal,1.0018845000,7734.6190214029,7745.6290296788,7745.6290296788,23469.2370170463,43080.3590590864,23469.2370170463,1809.4755880896,431.4442974528,1350.0626293972,24819.2996464435,0.0000000000
2025-08-24,Optimal,5.5395595000,7745.6290296788,7787.6943920003,7787.6943920003,55566.7956452701,77120.1320515406,55566.7956452701,4178.6423751605,707.5752105059,3155.9544431046,58722.7500883748,0.0000000000
2025-08-25,Optimal,3.9138783000,7787.6943920003,8428.1311427934,8428.1311427934,57644.1922883589,79667.8851707050,57644.1922883589,4886.9527793697,1139.9389139808,4716.4104376461,62360.6027260049,0.0000000000
2025-08-26,Optimal,3.6102420000,8428.1311427934,8088.2081713929,8088.2081713929,55107.2346001263,77596.4638823230,55107.2346001263,3576.0188594180,722.9845214030,3421.1802099139,58528.4148100402,0.0000000000
2025-08-27,Optimal,3.5053487000,8088.2081713929,8248.3583733048,8248.3583733048,57143.4722736315,80115.7053412100,57143.4722736315,5127.3278072863,438.6366285037,1957.7112868347,59101.1835604661,0.0000000000
2025-08-28,Optimal,6.1526332000,8248.3583733048,8102.2420992942,8102.2420992942,56150.1028160602,78085.2656948281,56150.1028160602,4907.4900592608,2915.4334912273,14024.4118820474,70174.5146981076,0.0000000000
2025-08-29,Optimal,2.9689722000,8102.2420992942,8319.0301019558,8354.4195670165,25531.9975544736,45264.9492958912,25531.9975544736,2973.6099843763,463.7145585984,1891.2644771136,27423.2620315872,0.0000000000
2025-08-30,Optimal,2.5959554000,8354.4195670165,7950.0000000000,7962.8609114583,24492.6044170796,43238.1197061639,24492.6044170796,2377.7796784309,290.9958015448,1004.8279701019,25497.4323871816,0.0000000000
2025-08-31,Optimal,3.1486930000,7962.8609114583,7847.0816817149,7847.0816817149,56390.0988489613,79286.7793747209,56390.0988489613,5230.9824073092,487.6430939975,2011.5867788767,58401.6856278379,0.0000000000
2025-09-01,Optimal,3.3776271000,7847.0816817149,7706.8419618209,7952.9559448939,50075.9880771303,78346.2371821711,50075.9880771303,3958.3426879193,44.7763963542,123.4495750818,50199.4376522121,0.0000000000
2025-09-02,Optimal,2.4528824000,7952.9559448939,8194.6593190787,8310.0150643044,49768.0417903478,78267.1286954872,49768.0417903478,4448.3677019789,106.1944656535,389.1698691551,50157.2116595029,0.0000000000
2025-09-03,Optimal,4.5423332000,8310.0150643044,7842.9165359709,7932.4558313991,50656.1555240668,77399.6140811941,50656.1555240668,3747.3047925400,12.8148148437,57.0707779066,50713.2263019735,0.0000000000
2025-09-04,Optimal,3.8401666000,7932.4558313991,8040.2882045367,8175.0732379568,50689.9122819056,79153.6977554969,50689.9122819056,3744.3248832620,1.8900185221,8.3217515530,50698.2340334586,0.0000000000
2025-09-05,Optimal,2.1870571000,8175.0732379568,8414.2373550744,8695.8995998660,21007.1915559650,43313.9085222552,21007.1915559650,2156.3670999194,0.0000000000,0.0000000000,21007.1915559650,0.0000000000
2025-09-06,Optimal,2.2151952000,8695.8995998660,7712.5702121946,8046.3313452964,20561.2613516506,42566.2108791250,20561.2613516506,1745.9144555658,153.6879282982,542.4071724437,21103.6685240942,0.0000000000
2025-09-07,Optimal,2.8459148000,8046.3313452964,7656.3569957387,7933.8101007734,48485.6754322115,75296.2216804856,48485.6754322115,3847.5006426816,216.6229405384,1005.0153732206,49490.6908054322,0.0000000000
2025-09-08,Optimal,3.8892962000,7933.8101007734,7531.8595541668,7531.8595541668,39720.3421513658,62837.1814715471,39720.3421513658,2939.4989883920,2843.0386018109,11977.9647695985,51698.3069209643,0.0000000000
2025-09-09,Optimal,3.2533453000,7531.8595541668,7825.9380957092,7825.9380957092,41887.4959120635,66625.6686056341,41887.4959120634,4105.4584486884,661.2682739200,2911.5268563721,44799.0227684355,0.0000000000
2025-09-10,Optimal,3.4975915000,7825.9380957092,7764.1452943502,7764.1452943502,42350.2465316197,66164.3598077544,42350.2465316197,4448.8303662805,3018.5257591390,13282.4506717354,55632.6972033551,0.0000000000
2025-09-11,Optimal,4.6994081000,7764.1452943502,8424.5248173692,8424.5248173692,42555.9566073231,68020.2157902924,42555.9566073231,4075.8028296329,424.1429419922,1968.5292940064,44524.4859013295,0.0000000000
2025-09-12,Optimal,2.0577360000,8424.5248173692,7827.0074184709,7854.2504531931,15501.9996118031,33961.0526451844,15501.9996118031,2556.8918916259,472.5355309143,1524.6578017189,17026.6574135220,0.0000000000
2025-09-13,Optimal,2.2196310000,7854.2504531931,7983.8656930590,7983.8656930590,15692.6955844897,34645.9670633491,15692.6955844897,1882.3241736292,660.9462783927,2128.7949576397,17821.4905421294,0.0000000000
2025-09-14,Optimal,3.8988458000,7983.8656930590,7826.5727059514,7826.5727059514,42267.9122308329,66127.7020973324,42267.9122308329,4186.7738562040,1832.9987714698,7060.3329639337,49328.2451947665,0.0000000000
2025-09-15,Optimal,2.8444961000,7826.5727059514,7731.2645355164,7731.2645355164,42611.8589313044,67267.2593276352,42611.8589313045,3823.5088167471,603.6434115543,2551.2270639943,45163.0859952988,0.0000000000
2025-09-16,Optimal,5.2676230000,7731.2645355164,7703.6019235898,7703.6019235898,43425.4432729281,67194.7122759649,43425.4432729282,3929.2509326236,1501.5745766905,4546.6559723909,47972.0992453190,0.0000000000
2025-09-17,Optimal,3.5356895000,7703.6019235898,8285.4179381151,8285.4179381151,43993.9646447305,69218.6084770348,43993.9646447305,3947.1634170522,909.9380974157,3613.1944575298,47607.1591022602,0.0000000000
2025-09-18,Optimal,3.7544567000,8285.4179381151,7658.4886526729,7658.4886526729,42317.3081930918,66810.6818776796,42317.3081930918,3771.8443187512,768.6780309657,3435.7300420170,45753.0382351088,0.0000000000
2025-09-19,Optimal,2.9489227000,7658.4886526729,8094.8571526290,8095.6126864831,16076.7980900129,35612.5711091617,16076.7980900129,2151.6066666324,586.0166980946,1657.9742995046,17734.7723895175,0.0000000000
2025-09-20,Optimal,3.3677575000,8095.6126864831,7713.5150351503,7713.5150351503,15600.2625084229,34337.3634519892,15600.2625084229,1302.6328116344,717.7120724499,2556.1587135613,18156.4212219842,0.0000000000
2025-09-21,Optimal,4.7148786000,7713.5150351503,8194.6594390088,8194.6594390088,45149.7738421390,70368.5374198570,45149.7738421390,4159.1208248269,670.5303166155,2470.8308204406,47620.6046625796,0.0000000000
2025-09-22,Optimal,4.3232915000,8194.6594390088,7699.1393330037,7699.1393330037,44586.4739356637,68438.4205216882,44586.4739356637,3775.8929637889,1087.1482295278,4569.9771224996,49156.4510581633,0.0000000000
2025-09-23,Optimal,5.7220920000,7699.1393330037,7780.8437550719,7780.8437550719,45303.1238833868,70814.5338900133,45303.1238833868,3132.3652661169,1176.6178304270,5600.3192297868,50903.4431131736,0.0000000000
2025-09-24,Optimal,3.9073718000,7780.8437550719,8235.8466781509,8235.8466781509,45926.8437795630,71704.1808745171,45926.8437795630,4395.9463515907,612.9467432059,2242.2285891094,48169.0723686724,0.0000000000
2025-09-25,Optimal,3.3353748000,8235.8466781509,8314.9368587513,8314.9368587513,46281.9793553354,71684.9678099304,46281.9793553354,4715.5505952994,429.9989949850,1804.5765632241,48086.5559185595,0.0000000000
2025-09-26,Optimal,3.7790026000,8314.9368587513,8267.3425745043,8267.3425745043,16708.3139755986,36425.6768304911,16708.3139755986,2418.7283108071,252.4673516366,806.9963321562,17515.3103077548,0.0000000000
2025-09-27,Optimal,3.9119837000,8267.3425745043,8107.4684714195,8140.6413794780,16575.9218489178,35707.6416084806,16575.9218489178,1760.0330760858,1027.1798662521,3426.4645651232,20002.3864140411,0.0000000000
2025-09-28,Optimal,3.8814559000,8140.6413794780,8204.0735140271,8204.0735140271,46680.7661307687,71482.7280628061,46680.7661307687,3957.2430529845,735.8397878764,3084.9249647784,49765.6910955471,0.0000000000
2025-09-29,Optimal,3.0615796000,8204.0735140271,8197.0454363362,8197.0454363362,47543.3529714092,73162.9770502113,47543.3529714092,4632.2247952248,496.2744251912,2060.3231902974,49603.6761617066,0.0000000000
2025-09-30,Optimal,2.6014532000,8197.0454363362,8106.7842228573,8106.7842228573,47788.7267612288,73891.3117297503,47788.7267612288,4794.3645309449,871.8629894046,3865.8771837820,51654.6039450108,0.0000000000
2025-10-01,Optimal,3.2160064000,8106.7842228573,8426.1868705783,8455.0081384458,44961.3699918553,73692.2260628852,44961.3699918553,4535.1040303004,38.7127520612,98.9066092725,45060.2766011277,0.0000000000
2025-10-02,Optimal,3.2692249000,8455.0081384458,8289.7757478392,8386.6000606285,44513.5787079156,71878.3398630208,44513.5787079156,3891.7890117656,124.9267601156,326.3919675286,44839.9706754441,0.0000000000
2025-10-03,Optimal,2.5231681000,8386.6000606285,8007.9415996568,8092.5302270439,15295.7748353445,35379.6307812453,15295.7748353445,1489.5321236351,138.4150236690,299.3529878396,15595.1278231841,0.0000000000
2025-10-04,Optimal,2.0697615000,8092.5302270439,7950.0000000000,7959.3960730613,16457.2408051708,36712.3576908341,16457.2408051708,1694.2081187404,158.0425608734,536.7326354776,16993.9734406484,0.0000000000
2025-10-05,Optimal,3.8058071000,7959.3960730613,8109.3453092149,8109.3453092149,44267.2188020576,70962.4538590470,44267.2188020576,4702.7825626079,91.1157359096,207.1464543654,44474.3652564229,0.0000000000
2025-10-06,Optimal,2.8369237000,8109.3453092149,7778.3868883247,7782.2772186198,44591.9457996799,69548.9143510157,44591.9457996799,4725.9674547692,308.5202061010,801.6700912526,45393.6158909326,0.0000000000
2025-10-07,Optimal,3.2143712000,7782.2772186198,7736.7144660737,7758.6406276767,42889.7814732336,68474.0014506459,42889.7814732336,2749.9829610413,532.1254587565,1930.7547766393,44820.5362498729,0.0000000000
2025-10-08,Optimal,4.4654078000,7758.6406276767,7781.3424746350,7781.3424746350,40269.5306868180,65143.1732398486,40269.5306868180,4381.0881081656,1068.0086733535,3691.5806340738,43961.1113208918,0.0000000000
2025-10-09,Optimal,4.0889774000,7781.3424746350,7755.3144943612,7755.3144943612,39969.9637606072,65403.5376655785,39969.9637606072,4098.9206380408,497.9200524732,2258.4191015505,42228.3828621577,0.0000000000
2025-10-10,Optimal,1.8535724000,7755.3144943612,7766.5620421596,7766.5620421596,13296.5161728983,32153.9093717978,13296.5161728983,1218.4667301422,782.5244318785,2252.0501721695,15548.5663450678,0.0000000000
2025-10-11,Optimal,1.9664097000,7766.5620421596,8573.9747013211,8573.9747013211,14961.4244087650,34866.8325295388,14961.4244087650,2147.8143433359,214.2914677327,830.8098297262,15792.2342384912,0.0000000001
2025-10-12,Optimal,3.4088629000,8573.9747013211,8714.5486861065,8714.5486861065,42889.2275982328,69332.2779501559,42889.2275982328,4808.3922689164,431.0424708890,1468.5527571326,44357.7803553653,0.0000000000
2025-10-13,Optimal,5.3937450000,8714.5486861065,7929.3534255438,7929.3534255438,42368.7532816794,68217.1700697165,42368.7532816794,4610.3878354161,105.0110413818,311.3533108126,42680.1065924921,0.0000000000
2025-10-14,Optimal,5.1257018000,7929.3534255438,7783.3229768851,7783.3229768851,41435.8246131113,67079.0640971795,41435.8246131113,3012.5333908019,1061.6372332914,4380.8642298588,45816.6888429701,0.0000000000
2025-10-15,Optimal,4.0706405000,7783.3229768851,7749.1805367529,7749.1805367529,41639.0612937938,67427.0031659228,41639.0612937938,3618.2811588617,1474.8088363476,5674.9258239769,47313.9871177707,0.0000000000
2025-10-16,Optimal,4.2002176000,7749.1805367529,8179.2105138405,8179.2105138405,43196.3069722565,68932.0046805705,43196.3069722565,4392.0533340346,2089.6511984897,9309.7575434198,52506.0645156763,0.0000000000
2025-10-17,Optimal,2.9711582000,8179.2105138405,8100.8166348392,8100.8166348392,14832.9521080231,34343.4999596156,14832.9521080231,1559.5134142325,155.8251465434,599.3453799646,15432.2974879877,0.0000000000
2025-10-18,Optimal,3.2052375000,8100.8166348392,7764.8618421198,7764.8618421198,14754.8163394168,34319.8375722199,14754.8163394169,1628.8700750713,412.0817379395,1124.4005889045,15879.2169283213,0.0000000000
2025-10-19,Optimal,6.1608811000,7764.8618421198,8371.4180193094,8371.4180193094,46555.7104494964,73409.5343174739,46555.7104494964,5286.5509124159,800.7205817467,3411.4138206814,49967.1242701778,0.0000000000
2025-10-20,Optimal,3.8630628000,8371.4180193094,7999.0470771592,7999.0470771592,45337.1428067249,71415.2587312025,45337.1428067249,4023.9649947050,918.7709609995,4360.1807533889,49697.3235601138,0.0000000000
2025-10-21,Optimal,4.3834776000,7999.0470771592,7801.0821578012,7801.0821578012,46267.2435040107,72451.8276070210,46267.2435040107,3534.1215742185,1144.9249557655,4433.4175299661,50700.6610339768,0.0000000000
2025-10-22,Optimal,5.4409191000,7801.0821578012,8222.6277326790,8222.6277326790,46526.4276652666,73225.3461798020,46526.4276652666,3975.5499025330,1631.5476614503,7934.1770176774,54460.6046829440,0.0000000000
2025-10-23,Optimal,5.6379104000,8222.6277326790,7459.8272408771,7459.8272408771,45488.6451984706,72350.5304316336,45488.6451984706,3857.4965357652,503.2325027081,2201.3739744139,47690.0191728846,0.0000000000
2025-10-24,Optimal,3.4783549000,7459.8272408771,7583.2858898488,7583.2858898488,15214.8147633683,34468.8996638750,15214.8147633683,1648.1881631007,568.7741703604,2088.5485154926,17303.3632788609,0.0000000000
2025-10-25,Optimal,3.6338265000,7583.2858898488,7770.7149578746,7770.7149578746,15252.8087801196,35140.9080121940,15252.8087801196,1966.0463405360,452.8925126616,1521.5948375048,16774.4036176244,0.0000000000
2025-10-26,Optimal,5.5655565000,7770.7149578746,8209.0465027192,8209.0465027192,49082.6457216012,76534.0228326305,49082.6457216011,5786.9608286225,192.2713656901,646.2972811022,49728.9430027034,0.0000000000
2025-10-27,Optimal,5.1323649000,8209.0465027192,7774.8541179250,7774.8541179250,46980.7594508317,74231.8036931905,46980.7594508317,3762.7844230747,620.2901819865,2706.9873810049,49687.7468318367,0.0000000000
2025-10-28,Optimal,5.3786707000,7774.8541179250,8194.6593277133,8194.6593277133,49297.2525095531,76799.5184177190,49297.2525095531,3873.6911389987,273.3570107340,1203.3694855006,50500.6219950536,0.0000000000
2025-10-29,Optimal,4.6089601000,8194.6593277133,8161.0518445098,8161.0518445098,48874.0359589013,74879.5080125592,48874.0359589013,4984.4528279633,1639.3392744549,6012.6813317072,54886.7172906084,0.0000000000
2025-10-30,Optimal,4.6312331000,8161.0518445098,7728.2525994965,7728.2525994965,49060.6015901550,75162.9961702710,49060.6015901550,4749.7989011835,366.4216296224,1534.0193015386,50594.6208916937,0.0000000000
2025-10-31,Optimal,3.3638822000,7728.2525994965,7694.3759669048,7710.9789985888,16059.6543525378,36400.0767496538,16059.6543525378,2059.8078971248,270.9895721215,951.2788448987,17010.9331974365,0.0000000000
2025-11-01,Optimal,4.0180793000,7710.9789985888,8101.6793268189,8109.0532497428,16220.4637356973,37279.9353570217,16220.4637356973,2681.1192742316,248.8185773231,594.0095579203,16814.4732936176,0.0000000000
2025-11-02,Optimal,3.4152993000,8109.0532497428,7660.7729128157,7660.7729128157,49489.7144897253,75502.9732404327,49489.7144897253,3991.4318864763,728.0853177734,2947.4785967111,52437.1930864364,0.0000000000
2025-11-03,Optimal,3.4145745000,7660.7729128157,7723.3035813616,7723.3035813616,50192.6093854760,76755.8841489000,50192.6093854760,3785.3255569038,1338.9387291885,4444.0183768262,54636.6277623022,0.0000000000
2025-11-04,Optimal,4.0234698000,7723.3035813616,8188.6718263383,8188.6718263383,52073.1673527555,79524.0068023572,52073.1673527555,3874.2701251570,319.9827098507,1245.0487282074,53318.2160809629,0.0000000000
2025-11-05,Optimal,4.1697067000,8188.6718263383,8400.0980745663,8400.0980745663,52785.6897719679,79337.4976054863,52785.6897719679,5122.3649742759,347.0838511186,1241.5055257541,54027.1952977220,0.0000000000
2025-11-06,Optimal,3.4891471000,8400.0980745663,8173.3861908082,8173.3861908082,52436.8580749005,78503.1150650829,52436.8580749004,4310.4607492764,1370.0036253562,6303.5343551898,58740.3924300902,0.0000000000
2025-11-07,Optimal,8.7520152000,8173.3861908082,7740.2814335782,7839.0017646690,15836.4499017093,35783.8906356127,15836.4499017093,1688.5462154610,525.2418820496,2008.4087607312,17844.8586624405,0.0000000000
2025-11-08,Optimal,3.5986535000,7839.0017646690,7705.1738898019,7705.1738898019,16058.7362443264,35980.8801586956,16058.7362443264,2007.7293282689,267.1201141329,931.0189302641,16989.7551745905,0.0000000000
2025-11-09,Optimal,3.9104007000,7705.1738898019,8187.3470737233,8187.3470737233,52978.6613739801,80154.6295065393,52978.6613739802,3579.2757623223,1034.2768139193,4572.1816220923,57550.8429960724,0.0000000000
2025-11-10,Optimal,3.3818165000,8187.3470737233,8386.0852306333,8386.0852306333,53778.4571919563,80540.9627452263,53778.4571919563,4616.0720772480,1335.5924801824,5834.7245679678,59613.1817599241,0.0000000000
2025-11-11,Optimal,2.3416593000,8386.0852306333,8252.9785120668,8252.9785120668,53897.9635748991,80676.7108209061,53897.9635748991,5112.6421301303,307.4769043562,1222.1291733797,55120.0927482788,0.0000000000
2025-11-12,Optimal,3.4131412000,8252.9785120668,8017.4697198642,8017.4697198642,53759.7409363295,80778.0624837093,53759.7409363296,5643.8693746703,266.8353886644,1386.4802393986,55146.2211757282,0.0000000000
2025-11-13,Optimal,3.5963501000,8017.4697198642,8260.1995216728,8260.1995216728,56426.2133471467,82918.4398157527,56426.2133471466,6303.0298395961,285.9975671537,1277.9525740462,57704.1659211928,0.0000000000
2025-11-14,Optimal,3.7247433000,8260.1995216728,8230.4839874212,8230.4839874212,17010.7915073991,37883.7639256565,17010.7915073991,2249.6593323067,138.5203151367,445.9341155975,17456.7256229967,0.0000000000
2025-11-15,Optimal,3.8640280000,8230.4839874212,8070.0890146987,8077.4116829568,17285.3500516156,38181.9182890057,17285.3500516156,2516.4732456283,279.9217097108,889.7499349085,18175.0999865241,0.0000000000
2025-11-16,Optimal,3.4274087000,8077.4116829568,8106.4686755824,8106.4686755824,56191.7367702599,82826.4967387894,56191.7367702599,4415.5998397132,813.1116333252,3279.6073728310,59471.3441430910,0.0000000000
2025-11-17,Optimal,1.1832921000,8106.4686755824,8519.3051222951,8519.3051222951,57745.1804848477,85454.0086105211,57745.1804848477,4838.8975444354,198.8365769559,653.7484832569,58398.9289681045,0.0000000000
2025-11-18,Optimal,1.2144105000,8519.3051222951,8069.1665156183,8069.1665156183,56869.1791444056,82835.7323993576,56869.1791444057,4867.1334771250,655.5992074684,2528.5360797121,59397.7152241178,0.0000000000
2025-11-19,Optimal,1.0909974000,8069.1665156183,7684.9760714506,7684.9760714506,56978.1908802550,82359.7924586187,56978.1908802550,5723.4451371802,933.0287655987,4503.6281164208,61481.8189966758,0.0000000000
2025-11-20,Optimal,1.1512992000,7684.9760714506,8502.8228941609,8502.8228941609,58668.3769812223,86207.2401249281,58668.3769812223,4805.5298711434,397.2612987298,1645.1640584011,60313.5410396234,0.0000000000
2025-11-21,Optimal,3.6457459000,8502.8228941609,7776.8343495258,7784.1475988024,17398.1139341193,39042.8637046519,17398.1139341193,2640.6561935963,305.4564552303,673.1974005711,18071.3113346904,0.0000000000
2025-11-22,Optimal,3.3226678000,7784.1475988024,8598.3280840711,8612.4559430120,18842.1371729338,43199.7188469358,18842.1371729338,3370.5210643461,241.3563822964,838.8623198244,19680.9994927582,0.0000000000
2025-11-23,Optimal,3.7536716000,8612.4559430120,8257.2844915297,8257.2844915297,59135.6007596501,85586.1036182525,59135.6007596500,5283.2510023910,582.5698028239,2755.0737076169,61890.6744672670,0.0000000000
2025-11-24,Optimal,3.4491649000,8257.2844915297,7678.0824700521,7678.0824700521,56756.7890859426,83174.2953524377,56756.7890859426,4221.5965024530,562.2347014112,2358.8430464355,59115.6321323781,0.0000000000
2025-11-25,Optimal,5.8251512000,7678.0824700521,8387.0388297404,8387.0388297404,59012.6466783713,86510.9212639980,59012.6466783713,4466.9642709136,420.1893135203,1381.3214379973,60393.9681163686,0.0000000000
2025-11-26,Optimal,1.0717315000,8387.0388297404,7817.7673385229,7817.7673385229,58745.8352755955,84793.1750537662,58745.8352755955,3820.3253335708,405.2494977461,1772.2433456572,60518.0786212527,0.0000000000
2025-11-27,Optimal,1.0502213000,7817.7673385229,8183.5388774992,8183.5388774992,59430.9648339245,85772.2657514197,59430.9648339245,4467.7407937349,334.4010739176,1483.0172178912,60913.9820518157,0.0000000000
2025-11-28,Optimal,3.4548978000,8183.5388774992,8219.1745854083,8223.9885426566,18458.2762225156,41583.9718823913,18458.2762225156,3454.1953750976,232.9373738850,729.3701266773,19187.6463491930,0.0000000000
2025-11-29,Optimal,3.6294544000,8223.9885426566,8183.5805503191,8200.8016693874,18778.1662887274,42611.9240936463,18778.1662887274,3522.6155791249,1172.2091404297,3343.1264208246,22121.2927095520,0.0000000000
2025-11-30,Optimal,1.1638260000,8200.8016693874,7867.4413736824,7867.4413736824,60357.8285378341,86362.1562909521,60357.8285378341,4756.7280568361,1123.3433761241,5025.2242451814,65383.0527830155,0.0000000000
2025-12-01,Optimal,1.3471364000,7867.4413736824,7950.0000000000,7950.0000000000,64590.3879124820,87940.9350687013,64590.3879124820,4156.5903595895,4678.7043652239,21904.7232572291,86495.1111697111,0.0000000000
2025-12-02,Optimal,6.4994734000,7950.0000000000,8725.0340269599,8725.0340269599,66707.5234218287,90229.1005696738,66707.5234218287,6572.7611258194,5305.8909929318,26635.5391801429,93343.0626019717,0.0000000000
2025-12-03,Optimal,1.0475592000,8725.0340269599,7703.9917261734,7703.9917261734,65421.1055329890,87584.6187545349,65421.1055329890,4580.3918352369,4510.7818467644,19077.3757808773,84498.4813138663,0.0000000000
2025-12-04,Optimal,2.8721628000,7703.9917261734,7645.7183867753,7645.7183867753,65620.6778360705,88926.5222075886,65620.6778360705,4460.0602835202,4408.3954884682,19482.6483620326,85103.3261981031,0.0000000000
2025-12-05,Optimal,3.7387656000,7645.7183867753,8153.6381623156,8153.6381623156,21249.9081815648,45563.2593613453,21249.9081815648,2820.8210660706,2709.5118762319,8867.7177410764,30117.6259226412,0.0000000000
2025-12-06,Optimal,7.5029536000,8153.6381623156,8729.2549568632,8729.2549568632,23007.1627597707,47449.6485089536,23007.1627597707,3556.9422121659,3614.2119958103,10703.6781264476,33710.8408862182,0.0000000000
2025-12-07,Optimal,1.4813537000,8729.2549568632,7931.3203604804,7931.3203604804,67745.0216769131,90629.5154736051,67745.0216769131,6472.0770624292,2928.6798877507,12189.3386378544,79934.3603147675,0.0000000000
2025-12-08,Optimal,0.8275533000,7931.3203604804,7920.8138067861,7920.8138067861,74296.0353987784,98380.1287457904,74296.0353987784,5119.6881726192,403.2530943249,2185.8471407048,76481.8825394832,0.0000000000
2025-12-09,Optimal,0.9503320000,7920.8138067861,7715.1357803779,7715.1357803779,73134.6265905960,98176.5838435433,73134.6265905961,4781.9897580176,449.7528855876,2368.7435394948,75503.3701300908,0.0000000000
2025-12-10,Optimal,2.6293155000,7715.1357803779,8528.9379499136,8528.9379499136,76646.0470585709,101022.5579031933,76646.0470585709,6613.3968176235,244.8313852163,1167.5675931657,77813.6146517366,0.0000000000
2025-12-11,Optimal,3.9247189000,8528.9379499136,7775.9946198288,7775.9946198288,72651.3030138174,97620.1864584298,72651.3030138175,4703.4680803752,198.6064736440,706.5651450852,73357.8681589026,0.0000000000
2025-12-12,Optimal,3.2435559000,7775.9946198288,8465.0777394332,8465.0777394332,25964.1345423644,54279.9008483333,25964.1345423643,3952.1392493717,482.9751631606,1422.3611301360,27386.4956725004,0.0000000000
2025-12-13,Optimal,2.7279488000,8465.0777394332,8176.2178853145,8176.2178853145,26240.1345120748,54218.4095140145,26240.1345120748,3388.0231669814,217.8207458163,992.7772362385,27232.9117483132,0.0000000000
2025-12-14,Optimal,4.1691879000,8176.2178853145,8641.6080827625,8641.6080827625,76931.6527189878,100849.3574387805,76931.6527189878,5541.5297947308,223.0382940542,1095.9277582085,78027.5804771963,0.0000000000
2025-12-15,Optimal,1.2505528000,8641.6080827625,7946.4786885323,8394.6006141688,73871.3615316072,96796.9386386332,73871.3615316072,4889.3000263409,437.1451326803,2026.5485917473,75897.9101233545,0.0000000000
2025-12-16,Optimal,1.3401055000,8394.6006141688,7664.6281330586,7664.6281330586,74198.4719528469,97824.5298507993,74198.4719528469,4790.8244022785,283.9877589014,1265.2669301874,75463.7388830342,0.0000000000
2025-12-17,Optimal,5.1500473000,7664.6281330586,8021.9384821133,8021.9384821133,75374.9081211944,99812.5395006620,75374.9081211943,5576.8427577508,427.5019547444,2004.2824325235,77379.1905537179,0.0000000000
2025-12-18,Optimal,3.7092841000,8021.9384821133,8110.7327857575,8110.7327857575,74047.5515714767,98882.6900341504,74047.5515714767,4917.7675723978,497.7231884029,2027.5428010438,76075.0943725205,0.0000000000
2025-12-19,Optimal,2.6557145000,8110.7327857575,8782.8540536937,8782.8540536937,26930.4918155344,56651.9969384690,26930.4918155344,4058.6154994076,90.1964634684,235.7433617551,27166.2351772895,0.0000000000
2025-12-20,Optimal,3.7547289000,8782.8540536937,8551.4891605069,8551.4891605069,26303.6359714553,54185.1706829248,26303.6359714553,3804.0945684230,200.5014878635,577.7423083102,26881.3782797656,0.0000000000
2025-12-21,Optimal,1.1763012000,8551.4891605069,7950.0000000000,7950.0000000000,74809.0087144440,98547.7280515467,74809.0087144441,4064.5161737747,744.6241740428,2993.1965263032,77802.2052407472,0.0000000000
2025-12-22,Optimal,1.0343968000,7950.0000000000,8499.5100212110,8499.5100212110,76587.3212488382,100593.5916194499,76587.3212488382,5804.0214318227,302.3805682991,1056.6519281880,77643.9731770262,0.0000000000
2025-12-23,Optimal,1.1036688000,8499.5100212110,8566.1432458728,8566.1432458728,75363.8479176960,100024.1112727392,75363.8479176960,5035.0254759438,99.7638632141,312.5134596642,75676.3613773602,0.0000000000
2025-12-24,Optimal,1.1790432000,8566.1432458728,8582.9947368758,8582.9947368758,74989.2850854783,99688.7258650120,74989.2850854782,5321.1075226218,167.5236165916,695.6458357914,75684.9309212696,0.0000000000
2025-12-25,Optimal,4.2298544000,8582.9947368758,8258.5856467674,8258.5856467674,74508.1886725018,98655.6556878816,74508.1886725018,4141.4190860043,579.7316245910,2422.6221673911,76930.8108398929,0.0000000000
2025-12-26,Optimal,3.9947795000,8258.5856467674,7933.5343116077,7943.5558303433,25701.4903650377,53473.2780900561,25701.4903650377,3027.1163040018,256.3262710776,826.6446918208,26528.1350568584,0.0000000000
2025-12-27,Optimal,2.8044012000,7943.5558303433,7694.1848846742,7756.3452606507,24623.6336738953,53328.2256171390,24623.6336738953,3564.1334898222,265.0322041432,924.0743933192,25547.7080672144,0.0000000000
2025-12-28,Optimal,4.1945153000,7756.3452606507,8471.1194155939,8471.1194155939,75644.4189072614,100882.4136641521,75644.4189072614,5362.6394870351,348.6556519531,1377.7127479982,77022.1316552596,0.0000000000
2025-12-29,Optimal,3.3503901000,8471.1194155939,7766.1071078711,7766.1071078711,73829.7830157033,97989.1245342918,73829.7830157033,5876.9782928033,275.2631873611,1064.2998039622,74894.0828196655,0.0000000000
2025-12-30,Optimal,3.5048836000,7766.1071078711,8060.1852515525,8060.1852515525,73179.5726995950,98743.1612214516,73179.5726995950,5213.3853772071,227.3037054196,775.0652349845,73954.6379345796,0.0000000000
2025-12-31,Optimal,1.2500694000,8060.1852515525,7834.3304919752,7834.3304919752,74093.2067320469,98275.4124142942,74093.2067320470,4363.9058809851,459.6042780414,1422.5278771904,75515.7346092374,0.0000000000
