origin_index,lookback_days,kernel_size,normalization,training_samples,training_target_max_index,scaler_max_day_index,scaler_mean_kw,scaler_std_kw,best_epoch,train_loss,internal_validation_loss,parameter_count,causal_assertions_passed,origin_date,scaler_max_timestamp,training_target_max_timestamp,target_start_timestamp
17,3,25,raw_kw,14,16,16,0.00000000,1.00000000,9,476148.50000000,491618.65625000,124704,True,2025-01-18,2025-01-18T00:00:00.000000000,2025-01-18T00:00:00.000000000,2025-01-18T00:10:00.000000000
18,3,25,raw_kw,15,17,17,0.00000000,1.00000000,9,477070.43750000,473737.65625000,124704,True,2025-01-19,2025-01-19T00:00:00.000000000,2025-01-19T00:00:00.000000000,2025-01-19T00:10:00.000000000
19,3,25,raw_kw,16,18,18,0.00000000,1.00000000,9,480220.34375000,493400.56250000,124704,True,2025-01-20,2025-01-20T00:00:00.000000000,2025-01-20T00:00:00.000000000,2025-01-20T00:10:00.000000000
20,3,25,raw_kw,17,19,19,0.00000000,1.00000000,9,480943.46875000,489747.71875000,124704,True,2025-01-21,2025-01-21T00:00:00.000000000,2025-01-21T00:00:00.000000000,2025-01-21T00:10:00.000000000
21,3,25,raw_kw,18,20,20,0.00000000,1.00000000,9,486485.93750000,502993.34375000,124704,True,2025-01-22,2025-01-22T00:00:00.000000000,2025-01-22T00:00:00.000000000,2025-01-22T00:10:00.000000000
22,3,25,raw_kw,19,21,21,0.00000000,1.00000000,9,493034.28125000,543910.56250000,124704,True,2025-01-23,2025-01-23T00:00:00.000000000,2025-01-23T00:00:00.000000000,2025-01-23T00:10:00.000000000
23,3,25,raw_kw,20,22,22,0.00000000,1.00000000,9,499776.34375000,580167.25000000,124704,True,2025-01-24,2025-01-24T00:00:00.000000000,2025-01-24T00:00:00.000000000,2025-01-24T00:10:00.000000000
24,3,25,raw_kw,21,23,23,0.00000000,1.00000000,9,502210.06250000,570262.25000000,124704,True,2025-01-25,2025-01-25T00:00:00.000000000,2025-01-25T00:00:00.000000000,2025-01-25T00:10:00.000000000
25,3,25,raw_kw,22,24,24,0.00000000,1.00000000,9,504274.18750000,553099.18750000,124704,True,2025-01-26,2025-01-26T00:00:00.000000000,2025-01-26T00:00:00.000000000,2025-01-26T00:10:00.000000000
26,3,25,raw_kw,23,25,25,0.00000000,1.00000000,9,509587.78125000,585451.75000000,124704,True,2025-01-27,2025-01-27T00:00:00.000000000,2025-01-27T00:00:00.000000000,2025-01-27T00:10:00.000000000
27,3,25,raw_kw,24,26,26,0.00000000,1.00000000,9,513886.21875000,569306.87500000,124704,True,2025-01-28,2025-01-28T00:00:00.000000000,2025-01-28T00:00:00.000000000,2025-01-28T00:10:00.000000000
28,3,25,raw_kw,25,27,27,0.00000000,1.00000000,9,519302.50000000,557223.56250000,124704,True,2025-01-29,2025-01-29T00:00:00.000000000,2025-01-29T00:00:00.000000000,2025-01-29T00:10:00.000000000
29,3,25,raw_kw,26,28,28,0.00000000,1.00000000,9,522197.68750000,540591.93750000,124704,True,2025-01-30,2025-01-30T00:00:00.000000000,2025-01-30T00:00:00.000000000,2025-01-30T00:10:00.000000000
30,3,25,raw_kw,27,29,29,0.00000000,1.00000000,9,525139.31250000,547710.12500000,124704,True,2025-01-31,2025-01-31T00:00:00.000000000,2025-01-31T00:00:00.000000000,2025-01-31T00:10:00.000000000
17,3,25,causal_zscore,14,16,16,1523.55190862,2166.68210469,5,0.10613670,0.11216306,124704,True,2025-01-18,2025-01-18T00:00:00.000000000,2025-01-18T00:00:00.000000000,2025-01-18T00:10:00.000000000
18,3,25,causal_zscore,15,17,17,1526.79335000,2169.14632076,5,0.10595449,0.11152949,124704,True,2025-01-19,2025-01-19T00:00:00.000000000,2025-01-19T00:00:00.000000000,2025-01-19T00:10:00.000000000
19,3,25,causal_zscore,16,18,18,1528.73340779,2171.18375752,5,0.10587055,0.11212841,124704,True,2025-01-20,2025-01-20T00:00:00.000000000,2025-01-20T00:00:00.000000000,2025-01-20T00:10:00.000000000
20,3,25,causal_zscore,17,19,19,1532.50213240,2176.85684952,5,0.10579417,0.11048965,124704,True,2025-01-21,2025-01-21T00:00:00.000000000,2025-01-21T00:00:00.000000000,2025-01-21T00:10:00.000000000
21,3,25,causal_zscore,18,20,20,1543.40330308,2194.89329661,6,0.11285409,0.11615578,124704,True,2025-01-22,2025-01-22T00:00:00.000000000,2025-01-22T00:00:00.000000000,2025-01-22T00:10:00.000000000
22,3,25,causal_zscore,19,21,21,1544.80319874,2194.35872045,6,0.11344093,0.12343730,124704,True,2025-01-23,2025-01-23T00:00:00.000000000,2025-01-23T00:00:00.000000000,2025-01-23T00:10:00.000000000
23,3,25,causal_zscore,20,22,22,1544.28549725,2191.68920304,5,0.10720554,0.12857409,124704,True,2025-01-24,2025-01-24T00:00:00.000000000,2025-01-24T00:00:00.000000000,2025-01-24T00:10:00.000000000
24,3,25,causal_zscore,21,23,23,1550.27034207,2200.99566977,6,0.11405946,0.12664032,124704,True,2025-01-25,2025-01-25T00:00:00.000000000,2025-01-25T00:00:00.000000000,2025-01-25T00:10:00.000000000
25,3,25,causal_zscore,22,24,24,1558.58034308,2213.59068929,6,0.11399283,0.12488293,124704,True,2025-01-26,2025-01-26T00:00:00.000000000,2025-01-26T00:00:00.000000000,2025-01-26T00:10:00.000000000
26,3,25,causal_zscore,23,25,25,1560.63183408,2214.14799396,5,0.10783390,0.12673756,124704,True,2025-01-27,2025-01-27T00:00:00.000000000,2025-01-27T00:00:00.000000000,2025-01-27T00:10:00.000000000
27,3,25,causal_zscore,24,26,26,1566.79366962,2221.49914675,6,0.11477322,0.12476046,124704,True,2025-01-28,2025-01-28T00:00:00.000000000,2025-01-28T00:00:00.000000000,2025-01-28T00:10:00.000000000
28,3,25,causal_zscore,25,27,27,1569.64063911,2223.44764074,6,0.11508688,0.12276531,124704,True,2025-01-29,2025-01-29T00:00:00.000000000,2025-01-29T00:00:00.000000000,2025-01-29T00:10:00.000000000
29,3,25,causal_zscore,26,28,28,1578.79131221,2235.31449174,6,0.11525157,0.12123618,124704,True,2025-01-30,2025-01-30T00:00:00.000000000,2025-01-30T00:00:00.000000000,2025-01-30T00:10:00.000000000
30,3,25,causal_zscore,27,29,29,1584.87113954,2243.07563734,6,0.11523540,0.12363001,124704,True,2025-01-31,2025-01-31T00:00:00.000000000,2025-01-31T00:00:00.000000000,2025-01-31T00:10:00.000000000
17,3,49,raw_kw,14,16,16,0.00000000,1.00000000,7,515667.84375000,524942.93750000,124704,True,2025-01-18,2025-01-18T00:00:00.000000000,2025-01-18T00:00:00.000000000,2025-01-18T00:10:00.000000000
18,3,49,raw_kw,15,17,17,0.00000000,1.00000000,7,515990.87500000,508819.93750000,124704,True,2025-01-19,2025-01-19T00:00:00.000000000,2025-01-19T00:00:00.000000000,2025-01-19T00:10:00.000000000
19,3,49,raw_kw,16,18,18,0.00000000,1.00000000,7,518210.37500000,527128.43750000,124704,True,2025-01-20,2025-01-20T00:00:00.000000000,2025-01-20T00:00:00.000000000,2025-01-20T00:10:00.000000000
20,3,49,raw_kw,17,19,19,0.00000000,1.00000000,7,520019.12500000,525246.75000000,124704,True,2025-01-21,2025-01-21T00:00:00.000000000,2025-01-21T00:00:00.000000000,2025-01-21T00:10:00.000000000
21,3,49,raw_kw,18,20,20,0.00000000,1.00000000,7,527931.18750000,550154.12500000,124704,True,2025-01-22,2025-01-22T00:00:00.000000000,2025-01-22T00:00:00.000000000,2025-01-22T00:10:00.000000000
22,3,49,raw_kw,19,21,21,0.00000000,1.00000000,7,533789.12500000,588062.12500000,124704,True,2025-01-23,2025-01-23T00:00:00.000000000,2025-01-23T00:00:00.000000000,2025-01-23T00:10:00.000000000
23,3,49,raw_kw,20,22,22,0.00000000,1.00000000,7,539114.06250000,615162.12500000,124704,True,2025-01-24,2025-01-24T00:00:00.000000000,2025-01-24T00:00:00.000000000,2025-01-24T00:10:00.000000000
24,3,49,raw_kw,21,23,23,0.00000000,1.00000000,7,541996.18750000,611378.06250000,124704,True,2025-01-25,2025-01-25T00:00:00.000000000,2025-01-25T00:00:00.000000000,2025-01-25T00:10:00.000000000
25,3,49,raw_kw,22,24,24,0.00000000,1.00000000,7,546183.93750000,602429.62500000,124704,True,2025-01-26,2025-01-26T00:00:00.000000000,2025-01-26T00:00:00.000000000,2025-01-26T00:10:00.000000000
26,3,49,raw_kw,23,25,25,0.00000000,1.00000000,7,550967.56250000,620011.12500000,124704,True,2025-01-27,2025-01-27T00:00:00.000000000,2025-01-27T00:00:00.000000000,2025-01-27T00:10:00.000000000
27,3,49,raw_kw,24,26,26,0.00000000,1.00000000,7,555526.75000000,608475.62500000,124704,True,2025-01-28,2025-01-28T00:00:00.000000000,2025-01-28T00:00:00.000000000,2025-01-28T00:10:00.000000000
28,3,49,raw_kw,25,27,27,0.00000000,1.00000000,7,560542.75000000,601418.68750000,124704,True,2025-01-29,2025-01-29T00:00:00.000000000,2025-01-29T00:00:00.000000000,2025-01-29T00:10:00.000000000
29,3,49,raw_kw,26,28,28,0.00000000,1.00000000,7,565035.75000000,585926.43750000,124704,True,2025-01-30,2025-01-30T00:00:00.000000000,2025-01-30T00:00:00.000000000,2025-01-30T00:10:00.000000000
30,3,49,raw_kw,27,29,29,0.00000000,1.00000000,7,568284.18750000,583099.87500000,124704,True,2025-01-31,2025-01-31T00:00:00.000000000,2025-01-31T00:00:00.000000000,2025-01-31T00:10:00.000000000
17,3,49,causal_zscore,14,16,16,1523.55190862,2166.68210469,6,0.11809438,0.12166233,124704,True,2025-01-18,2025-01-18T00:00:00.000000000,2025-01-18T00:00:00.000000000,2025-01-18T00:10:00.000000000
18,3,49,causal_zscore,15,17,17,1526.79335000,2169.14632076,6,0.11831388,0.12065043,124704,True,2025-01-19,2025-01-19T00:00:00.000000000,2025-01-19T00:00:00.000000000,2025-01-19T00:10:00.000000000
19,3,49,causal_zscore,16,18,18,1528.73340779,2171.18375752,5,0.11516649,0.12272917,124704,True,2025-01-20,2025-01-20T00:00:00.000000000,2025-01-20T00:00:00.000000000,2025-01-20T00:10:00.000000000
20,3,49,causal_zscore,17,19,19,1532.50213240,2176.85684952,5,0.11489042,0.12047570,124704,True,2025-01-21,2025-01-21T00:00:00.000000000,2025-01-21T00:00:00.000000000,2025-01-21T00:10:00.000000000
21,3,49,causal_zscore,18,20,20,1543.40330308,2194.89329661,6,0.11789462,0.12105399,124704,True,2025-01-22,2025-01-22T00:00:00.000000000,2025-01-22T00:00:00.000000000,2025-01-22T00:10:00.000000000
22,3,49,causal_zscore,19,21,21,1544.80319874,2194.35872045,6,0.11862069,0.12962024,124704,True,2025-01-23,2025-01-23T00:00:00.000000000,2025-01-23T00:00:00.000000000,2025-01-23T00:10:00.000000000
23,3,49,causal_zscore,20,22,22,1544.28549725,2191.68920304,6,0.11981385,0.13819562,124704,True,2025-01-24,2025-01-24T00:00:00.000000000,2025-01-24T00:00:00.000000000,2025-01-24T00:10:00.000000000
24,3,49,causal_zscore,21,23,23,1550.27034207,2200.99566977,6,0.11943547,0.13670240,124704,True,2025-01-25,2025-01-25T00:00:00.000000000,2025-01-25T00:00:00.000000000,2025-01-25T00:10:00.000000000
25,3,49,causal_zscore,22,24,24,1558.58034308,2213.59068929,18,0.04658916,0.06140472,124704,True,2025-01-26,2025-01-26T00:00:00.000000000,2025-01-26T00:00:00.000000000,2025-01-26T00:10:00.000000000
26,3,49,causal_zscore,23,25,25,1560.63183408,2214.14799396,5,0.11676048,0.14052862,124704,True,2025-01-27,2025-01-27T00:00:00.000000000,2025-01-27T00:00:00.000000000,2025-01-27T00:10:00.000000000
27,3,49,causal_zscore,24,26,26,1566.79366962,2221.49914675,6,0.12045894,0.13755433,124704,True,2025-01-28,2025-01-28T00:00:00.000000000,2025-01-28T00:00:00.000000000,2025-01-28T00:10:00.000000000
28,3,49,causal_zscore,25,27,27,1569.64063911,2223.44764074,6,0.12094595,0.13464904,124704,True,2025-01-29,2025-01-29T00:00:00.000000000,2025-01-29T00:00:00.000000000,2025-01-29T00:10:00.000000000
29,3,49,causal_zscore,26,28,28,1578.79131221,2235.31449174,6,0.12127297,0.13158910,124704,True,2025-01-30,2025-01-30T00:00:00.000000000,2025-01-30T00:00:00.000000000,2025-01-30T00:10:00.000000000
30,3,49,causal_zscore,27,29,29,1584.87113954,2243.07563734,6,0.12127464,0.13265684,124704,True,2025-01-31,2025-01-31T00:00:00.000000000,2025-01-31T00:00:00.000000000,2025-01-31T00:10:00.000000000
17,3,73,raw_kw,14,16,16,0.00000000,1.00000000,6,637178.75000000,652771.25000000,124704,True,2025-01-18,2025-01-18T00:00:00.000000000,2025-01-18T00:00:00.000000000,2025-01-18T00:10:00.000000000
18,3,73,raw_kw,15,17,17,0.00000000,1.00000000,6,637833.31250000,631917.12500000,124704,True,2025-01-19,2025-01-19T00:00:00.000000000,2025-01-19T00:00:00.000000000,2025-01-19T00:10:00.000000000
19,3,73,raw_kw,16,18,18,0.00000000,1.00000000,6,640099.31250000,648995.25000000,124704,True,2025-01-20,2025-01-20T00:00:00.000000000,2025-01-20T00:00:00.000000000,2025-01-20T00:10:00.000000000
20,3,73,raw_kw,17,19,19,0.00000000,1.00000000,6,642799.93750000,648299.00000000,124704,True,2025-01-21,2025-01-21T00:00:00.000000000,2025-01-21T00:00:00.000000000,2025-01-21T00:10:00.000000000
21,3,73,raw_kw,18,20,20,0.00000000,1.00000000,6,651454.50000000,667948.87500000,124704,True,2025-01-22,2025-01-22T00:00:00.000000000,2025-01-22T00:00:00.000000000,2025-01-22T00:10:00.000000000
22,3,73,raw_kw,19,21,21,0.00000000,1.00000000,6,657629.87500000,718555.75000000,124704,True,2025-01-23,2025-01-23T00:00:00.000000000,2025-01-23T00:00:00.000000000,2025-01-23T00:10:00.000000000
23,3,73,raw_kw,20,22,22,0.00000000,1.00000000,6,662824.75000000,756944.31250000,124704,True,2025-01-24,2025-01-24T00:00:00.000000000,2025-01-24T00:00:00.000000000,2025-01-24T00:10:00.000000000
24,3,73,raw_kw,21,23,23,0.00000000,1.00000000,6,667421.81250000,751440.62500000,124704,True,2025-01-25,2025-01-25T00:00:00.000000000,2025-01-25T00:00:00.000000000,2025-01-25T00:10:00.000000000
25,3,73,raw_kw,22,24,24,0.00000000,1.00000000,6,672251.75000000,738755.56250000,124704,True,2025-01-26,2025-01-26T00:00:00.000000000,2025-01-26T00:00:00.000000000,2025-01-26T00:10:00.000000000
26,3,73,raw_kw,23,25,25,0.00000000,1.00000000,6,678061.43750000,771311.81250000,124704,True,2025-01-27,2025-01-27T00:00:00.000000000,2025-01-27T00:00:00.000000000,2025-01-27T00:10:00.000000000
27,3,73,raw_kw,24,26,26,0.00000000,1.00000000,6,683744.00000000,753453.93750000,124704,True,2025-01-28,2025-01-28T00:00:00.000000000,2025-01-28T00:00:00.000000000,2025-01-28T00:10:00.000000000
28,3,73,raw_kw,25,27,27,0.00000000,1.00000000,6,689319.31250000,743870.25000000,124704,True,2025-01-29,2025-01-29T00:00:00.000000000,2025-01-29T00:00:00.000000000,2025-01-29T00:10:00.000000000
29,3,73,raw_kw,26,28,28,0.00000000,1.00000000,6,694892.37500000,720988.00000000,124704,True,2025-01-30,2025-01-30T00:00:00.000000000,2025-01-30T00:00:00.000000000,2025-01-30T00:10:00.000000000
30,3,73,raw_kw,27,29,29,0.00000000,1.00000000,6,698610.68750000,721381.93750000,124704,True,2025-01-31,2025-01-31T00:00:00.000000000,2025-01-31T00:00:00.000000000,2025-01-31T00:10:00.000000000
17,3,73,causal_zscore,14,16,16,1523.55190862,2166.68210469,6,0.12821276,0.13501956,124704,True,2025-01-18,2025-01-18T00:00:00.000000000,2025-01-18T00:00:00.000000000,2025-01-18T00:10:00.000000000
18,3,73,causal_zscore,15,17,17,1526.79335000,2169.14632076,6,0.12849768,0.13411835,124704,True,2025-01-19,2025-01-19T00:00:00.000000000,2025-01-19T00:00:00.000000000,2025-01-19T00:10:00.000000000
19,3,73,causal_zscore,16,18,18,1528.73340779,2171.18375752,6,0.12862290,0.13734204,124704,True,2025-01-20,2025-01-20T00:00:00.000000000,2025-01-20T00:00:00.000000000,2025-01-20T00:10:00.000000000
20,3,73,causal_zscore,17,19,19,1532.50213240,2176.85684952,6,0.12810351,0.13361613,124704,True,2025-01-21,2025-01-21T00:00:00.000000000,2025-01-21T00:00:00.000000000,2025-01-21T00:10:00.000000000
21,3,73,causal_zscore,18,20,20,1543.40330308,2194.89329661,19,0.04268866,0.05132008,124704,True,2025-01-22,2025-01-22T00:00:00.000000000,2025-01-22T00:00:00.000000000,2025-01-22T00:10:00.000000000
22,3,73,causal_zscore,19,21,21,1544.80319874,2194.35872045,34,0.01386734,0.01822265,124704,True,2025-01-23,2025-01-23T00:00:00.000000000,2025-01-23T00:00:00.000000000,2025-01-23T00:10:00.000000000
23,3,73,causal_zscore,20,22,22,1544.28549725,2191.68920304,6,0.13028330,0.15290320,124704,True,2025-01-24,2025-01-24T00:00:00.000000000,2025-01-24T00:00:00.000000000,2025-01-24T00:10:00.000000000
24,3,73,causal_zscore,21,23,23,1550.27034207,2200.99566977,34,0.01437921,0.02044527,124704,True,2025-01-25,2025-01-25T00:00:00.000000000,2025-01-25T00:00:00.000000000,2025-01-25T00:10:00.000000000
25,3,73,causal_zscore,22,24,24,1558.58034308,2213.59068929,19,0.04420577,0.06146691,124704,True,2025-01-26,2025-01-26T00:00:00.000000000,2025-01-26T00:00:00.000000000,2025-01-26T00:10:00.000000000
26,3,73,causal_zscore,23,25,25,1560.63183408,2214.14799396,6,0.13056412,0.15886223,124704,True,2025-01-27,2025-01-27T00:00:00.000000000,2025-01-27T00:00:00.000000000,2025-01-27T00:10:00.000000000
27,3,73,causal_zscore,24,26,26,1566.79366962,2221.49914675,40,0.01529933,0.02289711,124704,True,2025-01-28,2025-01-28T00:00:00.000000000,2025-01-28T00:00:00.000000000,2025-01-28T00:10:00.000000000
28,3,73,causal_zscore,25,27,27,1569.64063911,2223.44764074,19,0.04483972,0.05859552,124704,True,2025-01-29,2025-01-29T00:00:00.000000000,2025-01-29T00:00:00.000000000,2025-01-29T00:10:00.000000000
29,3,73,causal_zscore,26,28,28,1578.79131221,2235.31449174,19,0.04543722,0.06233279,124704,True,2025-01-30,2025-01-30T00:00:00.000000000,2025-01-30T00:00:00.000000000,2025-01-30T00:10:00.000000000
30,3,73,causal_zscore,27,29,29,1584.87113954,2243.07563734,19,0.04537188,0.06202008,124704,True,2025-01-31,2025-01-31T00:00:00.000000000,2025-01-31T00:00:00.000000000,2025-01-31T00:10:00.000000000
17,7,25,raw_kw,10,16,16,0.00000000,1.00000000,3,1095971.75000000,1116196.00000000,290592,True,2025-01-18,2025-01-18T00:00:00.000000000,2025-01-18T00:00:00.000000000,2025-01-18T00:10:00.000000000
18,7,25,raw_kw,11,17,17,0.00000000,1.00000000,3,1100817.50000000,1120790.00000000,290592,True,2025-01-19,2025-01-19T00:00:00.000000000,2025-01-19T00:00:00.000000000,2025-01-19T00:10:00.000000000
19,7,25,raw_kw,12,18,18,0.00000000,1.00000000,3,1100677.37500000,1074536.87500000,290592,True,2025-01-20,2025-01-20T00:00:00.000000000,2025-01-20T00:00:00.000000000,2025-01-20T00:10:00.000000000
20,7,25,raw_kw,13,19,19,0.00000000,1.00000000,3,1105435.62500000,1134332.75000000,290592,True,2025-01-21,2025-01-21T00:00:00.000000000,2025-01-21T00:00:00.000000000,2025-01-21T00:10:00.000000000
21,7,25,raw_kw,14,20,20,0.00000000,1.00000000,3,1126025.00000000,1203419.75000000,290592,True,2025-01-22,2025-01-22T00:00:00.000000000,2025-01-22T00:00:00.000000000,2025-01-22T00:10:00.000000000
22,7,25,raw_kw,15,21,21,0.00000000,1.00000000,3,1126500.37500000,1227530.25000000,290592,True,2025-01-23,2025-01-23T00:00:00.000000000,2025-01-23T00:00:00.000000000,2025-01-23T00:10:00.000000000
23,7,25,raw_kw,16,22,22,0.00000000,1.00000000,3,1125562.87500000,1204928.00000000,290592,True,2025-01-24,2025-01-24T00:00:00.000000000,2025-01-24T00:00:00.000000000,2025-01-24T00:10:00.000000000
24,7,25,raw_kw,17,23,23,0.00000000,1.00000000,3,1132030.87500000,1205907.62500000,290592,True,2025-01-25,2025-01-25T00:00:00.000000000,2025-01-25T00:00:00.000000000,2025-01-25T00:10:00.000000000
25,7,25,raw_kw,18,24,24,0.00000000,1.00000000,3,1146752.62500000,1219609.12500000,290592,True,2025-01-26,2025-01-26T00:00:00.000000000,2025-01-26T00:00:00.000000000,2025-01-26T00:10:00.000000000
26,7,25,raw_kw,19,25,25,0.00000000,1.00000000,3,1147324.75000000,1227815.87500000,290592,True,2025-01-27,2025-01-27T00:00:00.000000000,2025-01-27T00:00:00.000000000,2025-01-27T00:10:00.000000000
27,7,25,raw_kw,20,26,26,0.00000000,1.00000000,3,1152387.25000000,1245614.00000000,290592,True,2025-01-28,2025-01-28T00:00:00.000000000,2025-01-28T00:00:00.000000000,2025-01-28T00:10:00.000000000
28,7,25,raw_kw,21,27,27,0.00000000,1.00000000,3,1153376.37500000,1231478.75000000,290592,True,2025-01-29,2025-01-29T00:00:00.000000000,2025-01-29T00:00:00.000000000,2025-01-29T00:10:00.000000000
29,7,25,raw_kw,22,28,28,0.00000000,1.00000000,3,1162308.37500000,1241486.00000000,290592,True,2025-01-30,2025-01-30T00:00:00.000000000,2025-01-30T00:00:00.000000000,2025-01-30T00:10:00.000000000
30,7,25,raw_kw,23,29,29,0.00000000,1.00000000,3,1169159.00000000,1230764.62500000,290592,True,2025-01-31,2025-01-31T00:00:00.000000000,2025-01-31T00:00:00.000000000,2025-01-31T00:10:00.000000000
17,7,25,causal_zscore,10,16,16,1523.55190862,2166.68210469,40,0.00967085,0.01319722,290592,True,2025-01-18,2025-01-18T00:00:00.000000000,2025-01-18T00:00:00.000000000,2025-01-18T00:10:00.000000000
18,7,25,causal_zscore,11,17,17,1526.79335000,2169.14632076,40,0.00970748,0.01287577,290592,True,2025-01-19,2025-01-19T00:00:00.000000000,2025-01-19T00:00:00.000000000,2025-01-19T00:10:00.000000000
19,7,25,causal_zscore,12,18,18,1528.73340779,2171.18375752,40,0.00974322,0.01114749,290592,True,2025-01-20,2025-01-20T00:00:00.000000000,2025-01-20T00:00:00.000000000,2025-01-20T00:10:00.000000000
20,7,25,causal_zscore,13,19,19,1532.50213240,2176.85684952,40,0.00972551,0.01023770,290592,True,2025-01-21,2025-01-21T00:00:00.000000000,2025-01-21T00:00:00.000000000,2025-01-21T00:10:00.000000000
21,7,25,causal_zscore,14,20,20,1543.40330308,2194.89329661,40,0.01103142,0.01755171,290592,True,2025-01-22,2025-01-22T00:00:00.000000000,2025-01-22T00:00:00.000000000,2025-01-22T00:10:00.000000000
22,7,25,causal_zscore,15,21,21,1544.80319874,2194.35872045,40,0.01115160,0.01835953,290592,True,2025-01-23,2025-01-23T00:00:00.000000000,2025-01-23T00:00:00.000000000,2025-01-23T00:10:00.000000000
23,7,25,causal_zscore,16,22,22,1544.28549725,2191.68920304,40,0.01138165,0.01774451,290592,True,2025-01-24,2025-01-24T00:00:00.000000000,2025-01-24T00:00:00.000000000,2025-01-24T00:10:00.000000000
24,7,25,causal_zscore,17,23,23,1550.27034207,2200.99566977,40,0.01161693,0.01948590,290592,True,2025-01-25,2025-01-25T00:00:00.000000000,2025-01-25T00:00:00.000000000,2025-01-25T00:10:00.000000000
25,7,25,causal_zscore,18,24,24,1558.58034308,2213.59068929,40,0.01194838,0.01676166,290592,True,2025-01-26,2025-01-26T00:00:00.000000000,2025-01-26T00:00:00.000000000,2025-01-26T00:10:00.000000000
26,7,25,causal_zscore,19,25,25,1560.63183408,2214.14799396,40,0.01212114,0.01799667,290592,True,2025-01-27,2025-01-27T00:00:00.000000000,2025-01-27T00:00:00.000000000,2025-01-27T00:10:00.000000000
27,7,25,causal_zscore,20,26,26,1566.79366962,2221.49914675,39,0.01320578,0.01904491,290592,True,2025-01-28,2025-01-28T00:00:00.000000000,2025-01-28T00:00:00.000000000,2025-01-28T00:10:00.000000000
28,7,25,causal_zscore,21,27,27,1569.64063911,2223.44764074,39,0.01308983,0.01796277,290592,True,2025-01-29,2025-01-29T00:00:00.000000000,2025-01-29T00:00:00.000000000,2025-01-29T00:10:00.000000000
29,7,25,causal_zscore,22,28,28,1578.79131221,2235.31449174,39,0.01357167,0.02041542,290592,True,2025-01-30,2025-01-30T00:00:00.000000000,2025-01-30T00:00:00.000000000,2025-01-30T00:10:00.000000000
30,7,25,causal_zscore,23,29,29,1584.87113954,2243.07563734,39,0.01355611,0.01940439,290592,True,2025-01-31,2025-01-31T00:00:00.000000000,2025-01-31T00:00:00.000000000,2025-01-31T00:10:00.000000000
17,7,49,raw_kw,10,16,16,0.00000000,1.00000000,3,1111838.62500000,1089336.75000000,290592,True,2025-01-18,2025-01-18T00:00:00.000000000,2025-01-18T00:00:00.000000000,2025-01-18T00:10:00.000000000
18,7,49,raw_kw,11,17,17,0.00000000,1.00000000,3,1120925.12500000,1109400.25000000,290592,True,2025-01-19,2025-01-19T00:00:00.000000000,2025-01-19T00:00:00.000000000,2025-01-19T00:10:00.000000000
19,7,49,raw_kw,12,18,18,0.00000000,1.00000000,3,1124865.75000000,1115591.00000000,290592,True,2025-01-20,2025-01-20T00:00:00.000000000,2025-01-20T00:00:00.000000000,2025-01-20T00:10:00.000000000
20,7,49,raw_kw,13,19,19,0.00000000,1.00000000,3,1128297.37500000,1177995.37500000,290592,True,2025-01-21,2025-01-21T00:00:00.000000000,2025-01-21T00:00:00.000000000,2025-01-21T00:10:00.000000000
21,7,49,raw_kw,14,20,20,0.00000000,1.00000000,3,1132457.00000000,1144833.12500000,290592,True,2025-01-22,2025-01-22T00:00:00.000000000,2025-01-22T00:00:00.000000000,2025-01-22T00:10:00.000000000
22,7,49,raw_kw,15,21,21,0.00000000,1.00000000,3,1142717.37500000,1187716.50000000,290592,True,2025-01-23,2025-01-23T00:00:00.000000000,2025-01-23T00:00:00.000000000,2025-01-23T00:10:00.000000000
23,7,49,raw_kw,16,22,22,0.00000000,1.00000000,3,1151681.75000000,1240227.75000000,290592,True,2025-01-24,2025-01-24T00:00:00.000000000,2025-01-24T00:00:00.000000000,2025-01-24T00:10:00.000000000
24,7,49,raw_kw,17,23,23,0.00000000,1.00000000,3,1154541.37500000,1216055.50000000,290592,True,2025-01-25,2025-01-25T00:00:00.000000000,2025-01-25T00:00:00.000000000,2025-01-25T00:10:00.000000000
25,7,49,raw_kw,18,24,24,0.00000000,1.00000000,3,1160838.87500000,1251865.50000000,290592,True,2025-01-26,2025-01-26T00:00:00.000000000,2025-01-26T00:00:00.000000000,2025-01-26T00:10:00.000000000
26,7,49,raw_kw,19,25,25,0.00000000,1.00000000,3,1169122.50000000,1258828.37500000,290592,True,2025-01-27,2025-01-27T00:00:00.000000000,2025-01-27T00:00:00.000000000,2025-01-27T00:10:00.000000000
27,7,49,raw_kw,20,26,26,0.00000000,1.00000000,3,1174631.50000000,1199892.25000000,290592,True,2025-01-28,2025-01-28T00:00:00.000000000,2025-01-28T00:00:00.000000000,2025-01-28T00:10:00.000000000
28,7,49,raw_kw,21,27,27,0.00000000,1.00000000,3,1182396.87500000,1228890.00000000,290592,True,2025-01-29,2025-01-29T00:00:00.000000000,2025-01-29T00:00:00.000000000,2025-01-29T00:10:00.000000000
29,7,49,raw_kw,22,28,28,0.00000000,1.00000000,3,1186394.37500000,1212659.00000000,290592,True,2025-01-30,2025-01-30T00:00:00.000000000,2025-01-30T00:00:00.000000000,2025-01-30T00:10:00.000000000
30,7,49,raw_kw,23,29,29,0.00000000,1.00000000,3,1192763.87500000,1242200.75000000,290592,True,2025-01-31,2025-01-31T00:00:00.000000000,2025-01-31T00:00:00.000000000,2025-01-31T00:10:00.000000000
17,7,49,causal_zscore,10,16,16,1523.55190862,2166.68210469,40,0.00929510,0.01269147,290592,True,2025-01-18,2025-01-18T00:00:00.000000000,2025-01-18T00:00:00.000000000,2025-01-18T00:10:00.000000000
18,7,49,causal_zscore,11,17,17,1526.79335000,2169.14632076,40,0.00941867,0.01256020,290592,True,2025-01-19,2025-01-19T00:00:00.000000000,2025-01-19T00:00:00.000000000,2025-01-19T00:10:00.000000000
19,7,49,causal_zscore,12,18,18,1528.73340779,2171.18375752,40,0.00931359,0.01102533,290592,True,2025-01-20,2025-01-20T00:00:00.000000000,2025-01-20T00:00:00.000000000,2025-01-20T00:10:00.000000000
20,7,49,causal_zscore,13,19,19,1532.50213240,2176.85684952,40,0.00933907,0.00952562,290592,True,2025-01-21,2025-01-21T00:00:00.000000000,2025-01-21T00:00:00.000000000,2025-01-21T00:10:00.000000000
21,7,49,causal_zscore,14,20,20,1543.40330308,2194.89329661,40,0.01066514,0.01666605,290592,True,2025-01-22,2025-01-22T00:00:00.000000000,2025-01-22T00:00:00.000000000,2025-01-22T00:10:00.000000000
22,7,49,causal_zscore,15,21,21,1544.80319874,2194.35872045,40,0.01068464,0.01749174,290592,True,2025-01-23,2025-01-23T00:00:00.000000000,2025-01-23T00:00:00.000000000,2025-01-23T00:10:00.000000000
23,7,49,causal_zscore,16,22,22,1544.28549725,2191.68920304,40,0.01087842,0.01710256,290592,True,2025-01-24,2025-01-24T00:00:00.000000000,2025-01-24T00:00:00.000000000,2025-01-24T00:10:00.000000000
24,7,49,causal_zscore,17,23,23,1550.27034207,2200.99566977,40,0.01110459,0.01901478,290592,True,2025-01-25,2025-01-25T00:00:00.000000000,2025-01-25T00:00:00.000000000,2025-01-25T00:10:00.000000000
25,7,49,causal_zscore,18,24,24,1558.58034308,2213.59068929,40,0.01140842,0.01647805,290592,True,2025-01-26,2025-01-26T00:00:00.000000000,2025-01-26T00:00:00.000000000,2025-01-26T00:10:00.000000000
26,7,49,causal_zscore,19,25,25,1560.63183408,2214.14799396,40,0.01157718,0.01814416,290592,True,2025-01-27,2025-01-27T00:00:00.000000000,2025-01-27T00:00:00.000000000,2025-01-27T00:10:00.000000000
27,7,49,causal_zscore,20,26,26,1566.79366962,2221.49914675,40,0.01178525,0.01863245,290592,True,2025-01-28,2025-01-28T00:00:00.000000000,2025-01-28T00:00:00.000000000,2025-01-28T00:10:00.000000000
28,7,49,causal_zscore,21,27,27,1569.64063911,2223.44764074,40,0.01173181,0.01790645,290592,True,2025-01-29,2025-01-29T00:00:00.000000000,2025-01-29T00:00:00.000000000,2025-01-29T00:10:00.000000000
29,7,49,causal_zscore,22,28,28,1578.79131221,2235.31449174,40,0.01220184,0.02064381,290592,True,2025-01-30,2025-01-30T00:00:00.000000000,2025-01-30T00:00:00.000000000,2025-01-30T00:10:00.000000000
30,7,49,causal_zscore,23,29,29,1584.87113954,2243.07563734,40,0.01218252,0.01988702,290592,True,2025-01-31,2025-01-31T00:00:00.000000000,2025-01-31T00:00:00.000000000,2025-01-31T00:10:00.000000000
17,7,73,raw_kw,10,16,16,0.00000000,1.00000000,2,1239843.75000000,1237342.00000000,290592,True,2025-01-18,2025-01-18T00:00:00.000000000,2025-01-18T00:00:00.000000000,2025-01-18T00:10:00.000000000
18,7,73,raw_kw,11,17,17,0.00000000,1.00000000,2,1244061.87500000,1246460.50000000,290592,True,2025-01-19,2025-01-19T00:00:00.000000000,2025-01-19T00:00:00.000000000,2025-01-19T00:10:00.000000000
19,7,73,raw_kw,12,18,18,0.00000000,1.00000000,2,1244954.12500000,1237721.87500000,290592,True,2025-01-20,2025-01-20T00:00:00.000000000,2025-01-20T00:00:00.000000000,2025-01-20T00:10:00.000000000
20,7,73,raw_kw,13,19,19,0.00000000,1.00000000,2,1252728.62500000,1313043.00000000,290592,True,2025-01-21,2025-01-21T00:00:00.000000000,2025-01-21T00:00:00.000000000,2025-01-21T00:10:00.000000000
21,7,73,raw_kw,14,20,20,0.00000000,1.00000000,40,76208.90625000,103862.75000000,290592,True,2025-01-22,2025-01-22T00:00:00.000000000,2025-01-22T00:00:00.000000000,2025-01-22T00:10:00.000000000
22,7,73,raw_kw,15,21,21,0.00000000,1.00000000,40,77231.65625000,109298.95312500,290592,True,2025-01-23,2025-01-23T00:00:00.000000000,2025-01-23T00:00:00.000000000,2025-01-23T00:10:00.000000000
23,7,73,raw_kw,16,22,22,0.00000000,1.00000000,2,1276504.75000000,1368319.50000000,290592,True,2025-01-24,2025-01-24T00:00:00.000000000,2025-01-24T00:00:00.000000000,2025-01-24T00:10:00.000000000
24,7,73,raw_kw,17,23,23,0.00000000,1.00000000,2,1284209.25000000,1367380.87500000,290592,True,2025-01-25,2025-01-25T00:00:00.000000000,2025-01-25T00:00:00.000000000,2025-01-25T00:10:00.000000000
25,7,73,raw_kw,18,24,24,0.00000000,1.00000000,2,1296003.37500000,1388138.50000000,290592,True,2025-01-26,2025-01-26T00:00:00.000000000,2025-01-26T00:00:00.000000000,2025-01-26T00:10:00.000000000
26,7,73,raw_kw,19,25,25,0.00000000,1.00000000,2,1300787.50000000,1389287.87500000,290592,True,2025-01-27,2025-01-27T00:00:00.000000000,2025-01-27T00:00:00.000000000,2025-01-27T00:10:00.000000000
27,7,73,raw_kw,20,26,26,0.00000000,1.00000000,39,87822.86718750,114480.81250000,290592,True,2025-01-28,2025-01-28T00:00:00.000000000,2025-01-28T00:00:00.000000000,2025-01-28T00:10:00.000000000
28,7,73,raw_kw,21,27,27,0.00000000,1.00000000,2,1313358.37500000,1395835.87500000,290592,True,2025-01-29,2025-01-29T00:00:00.000000000,2025-01-29T00:00:00.000000000,2025-01-29T00:10:00.000000000
29,7,73,raw_kw,22,28,28,0.00000000,1.00000000,2,1321222.25000000,1391686.00000000,290592,True,2025-01-30,2025-01-30T00:00:00.000000000,2025-01-30T00:00:00.000000000,2025-01-30T00:10:00.000000000
30,7,73,raw_kw,23,29,29,0.00000000,1.00000000,2,1327218.75000000,1392376.50000000,290592,True,2025-01-31,2025-01-31T00:00:00.000000000,2025-01-31T00:00:00.000000000,2025-01-31T00:10:00.000000000
17,7,73,causal_zscore,10,16,16,1523.55190862,2166.68210469,40,0.01027251,0.01166005,290592,True,2025-01-18,2025-01-18T00:00:00.000000000,2025-01-18T00:00:00.000000000,2025-01-18T00:10:00.000000000
18,7,73,causal_zscore,11,17,17,1526.79335000,2169.14632076,40,0.01037255,0.01142951,290592,True,2025-01-19,2025-01-19T00:00:00.000000000,2025-01-19T00:00:00.000000000,2025-01-19T00:10:00.000000000
19,7,73,causal_zscore,12,18,18,1528.73340779,2171.18375752,39,0.01007088,0.01138557,290592,True,2025-01-20,2025-01-20T00:00:00.000000000,2025-01-20T00:00:00.000000000,2025-01-20T00:10:00.000000000
20,7,73,causal_zscore,13,19,19,1532.50213240,2176.85684952,39,0.01004426,0.01007055,290592,True,2025-01-21,2025-01-21T00:00:00.000000000,2025-01-21T00:00:00.000000000,2025-01-21T00:10:00.000000000
21,7,73,causal_zscore,14,20,20,1543.40330308,2194.89329661,39,0.01129636,0.01590805,290592,True,2025-01-22,2025-01-22T00:00:00.000000000,2025-01-22T00:00:00.000000000,2025-01-22T00:10:00.000000000
22,7,73,causal_zscore,15,21,21,1544.80319874,2194.35872045,39,0.01142953,0.01818340,290592,True,2025-01-23,2025-01-23T00:00:00.000000000,2025-01-23T00:00:00.000000000,2025-01-23T00:10:00.000000000
23,7,73,causal_zscore,16,22,22,1544.28549725,2191.68920304,39,0.01168449,0.01853987,290592,True,2025-01-24,2025-01-24T00:00:00.000000000,2025-01-24T00:00:00.000000000,2025-01-24T00:10:00.000000000
24,7,73,causal_zscore,17,23,23,1550.27034207,2200.99566977,39,0.01186841,0.01997588,290592,True,2025-01-25,2025-01-25T00:00:00.000000000,2025-01-25T00:00:00.000000000,2025-01-25T00:10:00.000000000
25,7,73,causal_zscore,18,24,24,1558.58034308,2213.59068929,40,0.01233263,0.01827426,290592,True,2025-01-26,2025-01-26T00:00:00.000000000,2025-01-26T00:00:00.000000000,2025-01-26T00:10:00.000000000
26,7,73,causal_zscore,19,25,25,1560.63183408,2214.14799396,40,0.01258240,0.01963002,290592,True,2025-01-27,2025-01-27T00:00:00.000000000,2025-01-27T00:00:00.000000000,2025-01-27T00:10:00.000000000
27,7,73,causal_zscore,20,26,26,1566.79366962,2221.49914675,39,0.01244912,0.01879947,290592,True,2025-01-28,2025-01-28T00:00:00.000000000,2025-01-28T00:00:00.000000000,2025-01-28T00:10:00.000000000
28,7,73,causal_zscore,21,27,27,1569.64063911,2223.44764074,39,0.01250302,0.01859085,290592,True,2025-01-29,2025-01-29T00:00:00.000000000,2025-01-29T00:00:00.000000000,2025-01-29T00:10:00.000000000
29,7,73,causal_zscore,22,28,28,1578.79131221,2235.31449174,39,0.01285595,0.02134394,290592,True,2025-01-30,2025-01-30T00:00:00.000000000,2025-01-30T00:00:00.000000000,2025-01-30T00:10:00.000000000
30,7,73,causal_zscore,23,29,29,1584.87113954,2243.07563734,39,0.01281599,0.02030525,290592,True,2025-01-31,2025-01-31T00:00:00.000000000,2025-01-31T00:00:00.000000000,2025-01-31T00:10:00.000000000
17,14,25,raw_kw,3,16,16,0.00000000,1.00000000,40,67282.64843750,88973.89062500,580896,True,2025-01-18,2025-01-18T00:00:00.000000000,2025-01-18T00:00:00.000000000,2025-01-18T00:10:00.000000000
18,14,25,raw_kw,4,17,17,0.00000000,1.00000000,40,70270.08593750,67331.35156250,580896,True,2025-01-19,2025-01-19T00:00:00.000000000,2025-01-19T00:00:00.000000000,2025-01-19T00:10:00.000000000
19,14,25,raw_kw,5,18,18,0.00000000,1.00000000,40,71800.49218750,101788.76562500,580896,True,2025-01-20,2025-01-20T00:00:00.000000000,2025-01-20T00:00:00.000000000,2025-01-20T00:10:00.000000000
20,14,25,raw_kw,6,19,19,0.00000000,1.00000000,40,72992.90625000,99704.42187500,580896,True,2025-01-21,2025-01-21T00:00:00.000000000,2025-01-21T00:00:00.000000000,2025-01-21T00:10:00.000000000
21,14,25,raw_kw,7,20,20,0.00000000,1.00000000,7,1083763.75000000,1016070.31250000,580896,True,2025-01-22,2025-01-22T00:00:00.000000000,2025-01-22T00:00:00.000000000,2025-01-22T00:10:00.000000000
22,14,25,raw_kw,8,21,21,0.00000000,1.00000000,40,83949.89062500,134895.21875000,580896,True,2025-01-23,2025-01-23T00:00:00.000000000,2025-01-23T00:00:00.000000000,2025-01-23T00:10:00.000000000
23,14,25,raw_kw,9,22,22,0.00000000,1.00000000,12,860738.00000000,710724.18750000,580896,True,2025-01-24,2025-01-24T00:00:00.000000000,2025-01-24T00:00:00.000000000,2025-01-24T00:10:00.000000000
24,14,25,raw_kw,10,23,23,0.00000000,1.00000000,40,86477.93750000,108567.14062500,580896,True,2025-01-25,2025-01-25T00:00:00.000000000,2025-01-25T00:00:00.000000000,2025-01-25T00:10:00.000000000
25,14,25,raw_kw,11,24,24,0.00000000,1.00000000,40,90440.66406250,118001.31250000,580896,True,2025-01-26,2025-01-26T00:00:00.000000000,2025-01-26T00:00:00.000000000,2025-01-26T00:10:00.000000000
26,14,25,raw_kw,12,25,25,0.00000000,1.00000000,40,91922.89843750,127318.63281250,580896,True,2025-01-27,2025-01-27T00:00:00.000000000,2025-01-27T00:00:00.000000000,2025-01-27T00:10:00.000000000
27,14,25,raw_kw,13,26,26,0.00000000,1.00000000,40,92790.57812500,137911.20312500,580896,True,2025-01-28,2025-01-28T00:00:00.000000000,2025-01-28T00:00:00.000000000,2025-01-28T00:10:00.000000000
28,14,25,raw_kw,14,27,27,0.00000000,1.00000000,40,94060.46093750,129684.26562500,580896,True,2025-01-29,2025-01-29T00:00:00.000000000,2025-01-29T00:00:00.000000000,2025-01-29T00:10:00.000000000
29,14,25,raw_kw,15,28,28,0.00000000,1.00000000,40,96482.89062500,129790.03125000,580896,True,2025-01-30,2025-01-30T00:00:00.000000000,2025-01-30T00:00:00.000000000,2025-01-30T00:10:00.000000000
30,14,25,raw_kw,16,29,29,0.00000000,1.00000000,40,97114.35156250,117184.71875000,580896,True,2025-01-31,2025-01-31T00:00:00.000000000,2025-01-31T00:00:00.000000000,2025-01-31T00:10:00.000000000
17,14,25,causal_zscore,3,16,16,1523.55190862,2166.68210469,40,0.01222580,0.01657706,580896,True,2025-01-18,2025-01-18T00:00:00.000000000,2025-01-18T00:00:00.000000000,2025-01-18T00:10:00.000000000
18,14,25,causal_zscore,4,17,17,1526.79335000,2169.14632076,40,0.01214688,0.01474456,580896,True,2025-01-19,2025-01-19T00:00:00.000000000,2025-01-19T00:00:00.000000000,2025-01-19T00:10:00.000000000
19,14,25,causal_zscore,5,18,18,1528.73340779,2171.18375752,40,0.01278344,0.01746047,580896,True,2025-01-20,2025-01-20T00:00:00.000000000,2025-01-20T00:00:00.000000000,2025-01-20T00:10:00.000000000
20,14,25,causal_zscore,6,19,19,1532.50213240,2176.85684952,40,0.01313469,0.01581472,580896,True,2025-01-21,2025-01-21T00:00:00.000000000,2025-01-21T00:00:00.000000000,2025-01-21T00:10:00.000000000
21,14,25,causal_zscore,7,20,20,1543.40330308,2194.89329661,40,0.01521664,0.02464949,580896,True,2025-01-22,2025-01-22T00:00:00.000000000,2025-01-22T00:00:00.000000000,2025-01-22T00:10:00.000000000
22,14,25,causal_zscore,8,21,21,1544.80319874,2194.35872045,40,0.01522885,0.02410639,580896,True,2025-01-23,2025-01-23T00:00:00.000000000,2025-01-23T00:00:00.000000000,2025-01-23T00:10:00.000000000
23,14,25,causal_zscore,9,22,22,1544.28549725,2191.68920304,40,0.01543878,0.02105178,580896,True,2025-01-24,2025-01-24T00:00:00.000000000,2025-01-24T00:00:00.000000000,2025-01-24T00:10:00.000000000
24,14,25,causal_zscore,10,23,23,1550.27034207,2200.99566977,40,0.01577318,0.01925160,580896,True,2025-01-25,2025-01-25T00:00:00.000000000,2025-01-25T00:00:00.000000000,2025-01-25T00:10:00.000000000
25,14,25,causal_zscore,11,24,24,1558.58034308,2213.59068929,40,0.01643836,0.02077941,580896,True,2025-01-26,2025-01-26T00:00:00.000000000,2025-01-26T00:00:00.000000000,2025-01-26T00:10:00.000000000
26,14,25,causal_zscore,12,25,25,1560.63183408,2214.14799396,40,0.01663334,0.02152696,580896,True,2025-01-27,2025-01-27T00:00:00.000000000,2025-01-27T00:00:00.000000000,2025-01-27T00:10:00.000000000
27,14,25,causal_zscore,13,26,26,1566.79366962,2221.49914675,40,0.01683244,0.02292015,580896,True,2025-01-28,2025-01-28T00:00:00.000000000,2025-01-28T00:00:00.000000000,2025-01-28T00:10:00.000000000
28,14,25,causal_zscore,14,27,27,1569.64063911,2223.44764074,40,0.01693986,0.02208136,580896,True,2025-01-29,2025-01-29T00:00:00.000000000,2025-01-29T00:00:00.000000000,2025-01-29T00:10:00.000000000
29,14,25,causal_zscore,15,28,28,1578.79131221,2235.31449174,40,0.01720940,0.02177955,580896,True,2025-01-30,2025-01-30T00:00:00.000000000,2025-01-30T00:00:00.000000000,2025-01-30T00:10:00.000000000
30,14,25,causal_zscore,16,29,29,1584.87113954,2243.07563734,40,0.01725785,0.02144621,580896,True,2025-01-31,2025-01-31T00:00:00.000000000,2025-01-31T00:00:00.000000000,2025-01-31T00:10:00.000000000
17,14,49,raw_kw,3,16,16,0.00000000,1.00000000,39,97123.40625000,119426.76562500,580896,True,2025-01-18,2025-01-18T00:00:00.000000000,2025-01-18T00:00:00.000000000,2025-01-18T00:10:00.000000000
18,14,49,raw_kw,4,17,17,0.00000000,1.00000000,39,98442.71875000,100324.44531250,580896,True,2025-01-19,2025-01-19T00:00:00.000000000,2025-01-19T00:00:00.000000000,2025-01-19T00:10:00.000000000
19,14,49,raw_kw,5,18,18,0.00000000,1.00000000,40,103515.15625000,129928.53125000,580896,True,2025-01-20,2025-01-20T00:00:00.000000000,2025-01-20T00:00:00.000000000,2025-01-20T00:10:00.000000000
20,14,49,raw_kw,6,19,19,0.00000000,1.00000000,40,103854.38281250,118578.16406250,580896,True,2025-01-21,2025-01-21T00:00:00.000000000,2025-01-21T00:00:00.000000000,2025-01-21T00:10:00.000000000
21,14,49,raw_kw,7,20,20,0.00000000,1.00000000,17,610527.62500000,471051.00000000,580896,True,2025-01-22,2025-01-22T00:00:00.000000000,2025-01-22T00:00:00.000000000,2025-01-22T00:10:00.000000000
22,14,49,raw_kw,8,21,21,0.00000000,1.00000000,39,112279.32812500,162460.17187500,580896,True,2025-01-23,2025-01-23T00:00:00.000000000,2025-01-23T00:00:00.000000000,2025-01-23T00:10:00.000000000
23,14,49,raw_kw,9,22,22,0.00000000,1.00000000,12,778956.12500000,736000.81250000,580896,True,2025-01-24,2025-01-24T00:00:00.000000000,2025-01-24T00:00:00.000000000,2025-01-24T00:10:00.000000000
24,14,49,raw_kw,10,23,23,0.00000000,1.00000000,39,116311.74218750,143579.18750000,580896,True,2025-01-25,2025-01-25T00:00:00.000000000,2025-01-25T00:00:00.000000000,2025-01-25T00:10:00.000000000
25,14,49,raw_kw,11,24,24,0.00000000,1.00000000,39,119070.92968750,134666.98437500,580896,True,2025-01-26,2025-01-26T00:00:00.000000000,2025-01-26T00:00:00.000000000,2025-01-26T00:10:00.000000000
26,14,49,raw_kw,12,25,25,0.00000000,1.00000000,39,122451.16406250,141074.92187500,580896,True,2025-01-27,2025-01-27T00:00:00.000000000,2025-01-27T00:00:00.000000000,2025-01-27T00:10:00.000000000
27,14,49,raw_kw,13,26,26,0.00000000,1.00000000,39,123782.52343750,147378.90625000,580896,True,2025-01-28,2025-01-28T00:00:00.000000000,2025-01-28T00:00:00.000000000,2025-01-28T00:10:00.000000000
28,14,49,raw_kw,14,27,27,0.00000000,1.00000000,40,127285.91406250,163383.48437500,580896,True,2025-01-29,2025-01-29T00:00:00.000000000,2025-01-29T00:00:00.000000000,2025-01-29T00:10:00.000000000
29,14,49,raw_kw,15,28,28,0.00000000,1.00000000,39,124502.17968750,144679.73437500,580896,True,2025-01-30,2025-01-30T00:00:00.000000000,2025-01-30T00:00:00.000000000,2025-01-30T00:10:00.000000000
30,14,49,raw_kw,16,29,29,0.00000000,1.00000000,39,124182.16406250,138649.00000000,580896,True,2025-01-31,2025-01-31T00:00:00.000000000,2025-01-31T00:00:00.000000000,2025-01-31T00:10:00.000000000
17,14,49,causal_zscore,3,16,16,1523.55190862,2166.68210469,38,0.01624901,0.01888065,580896,True,2025-01-18,2025-01-18T00:00:00.000000000,2025-01-18T00:00:00.000000000,2025-01-18T00:10:00.000000000
18,14,49,causal_zscore,4,17,17,1526.79335000,2169.14632076,39,0.01517046,0.01847471,580896,True,2025-01-19,2025-01-19T00:00:00.000000000,2025-01-19T00:00:00.000000000,2025-01-19T00:10:00.000000000
19,14,49,causal_zscore,5,18,18,1528.73340779,2171.18375752,40,0.01597145,0.01641572,580896,True,2025-01-20,2025-01-20T00:00:00.000000000,2025-01-20T00:00:00.000000000,2025-01-20T00:10:00.000000000
20,14,49,causal_zscore,6,19,19,1532.50213240,2176.85684952,40,0.01616413,0.01660313,580896,True,2025-01-21,2025-01-21T00:00:00.000000000,2025-01-21T00:00:00.000000000,2025-01-21T00:10:00.000000000
21,14,49,causal_zscore,7,20,20,1543.40330308,2194.89329661,39,0.01717762,0.02729354,580896,True,2025-01-22,2025-01-22T00:00:00.000000000,2025-01-22T00:00:00.000000000,2025-01-22T00:10:00.000000000
22,14,49,causal_zscore,8,21,21,1544.80319874,2194.35872045,39,0.01726070,0.02762818,580896,True,2025-01-23,2025-01-23T00:00:00.000000000,2025-01-23T00:00:00.000000000,2025-01-23T00:10:00.000000000
23,14,49,causal_zscore,9,22,22,1544.28549725,2191.68920304,40,0.01871814,0.02324973,580896,True,2025-01-24,2025-01-24T00:00:00.000000000,2025-01-24T00:00:00.000000000,2025-01-24T00:10:00.000000000
24,14,49,causal_zscore,10,23,23,1550.27034207,2200.99566977,40,0.01879297,0.02195946,580896,True,2025-01-25,2025-01-25T00:00:00.000000000,2025-01-25T00:00:00.000000000,2025-01-25T00:10:00.000000000
25,14,49,causal_zscore,11,24,24,1558.58034308,2213.59068929,39,0.01844692,0.02365327,580896,True,2025-01-26,2025-01-26T00:00:00.000000000,2025-01-26T00:00:00.000000000,2025-01-26T00:10:00.000000000
26,14,49,causal_zscore,12,25,25,1560.63183408,2214.14799396,39,0.01876640,0.02346865,580896,True,2025-01-27,2025-01-27T00:00:00.000000000,2025-01-27T00:00:00.000000000,2025-01-27T00:10:00.000000000
27,14,49,causal_zscore,13,26,26,1566.79366962,2221.49914675,39,0.01888192,0.02438569,580896,True,2025-01-28,2025-01-28T00:00:00.000000000,2025-01-28T00:00:00.000000000,2025-01-28T00:10:00.000000000
28,14,49,causal_zscore,14,27,27,1569.64063911,2223.44764074,39,0.01895704,0.02330060,580896,True,2025-01-29,2025-01-29T00:00:00.000000000,2025-01-29T00:00:00.000000000,2025-01-29T00:10:00.000000000
29,14,49,causal_zscore,15,28,28,1578.79131221,2235.31449174,39,0.01897242,0.02308664,580896,True,2025-01-30,2025-01-30T00:00:00.000000000,2025-01-30T00:00:00.000000000,2025-01-30T00:10:00.000000000
30,14,49,causal_zscore,16,29,29,1584.87113954,2243.07563734,39,0.01909835,0.02356284,580896,True,2025-01-31,2025-01-31T00:00:00.000000000,2025-01-31T00:00:00.000000000,2025-01-31T00:10:00.000000000
17,14,73,raw_kw,3,16,16,0.00000000,1.00000000,39,122525.00000000,144229.65625000,580896,True,2025-01-18,2025-01-18T00:00:00.000000000,2025-01-18T00:00:00.000000000,2025-01-18T00:10:00.000000000
18,14,73,raw_kw,4,17,17,0.00000000,1.00000000,40,110621.50000000,120228.41406250,580896,True,2025-01-19,2025-01-19T00:00:00.000000000,2025-01-19T00:00:00.000000000,2025-01-19T00:10:00.000000000
19,14,73,raw_kw,5,18,18,0.00000000,1.00000000,40,113364.21093750,124203.75000000,580896,True,2025-01-20,2025-01-20T00:00:00.000000000,2025-01-20T00:00:00.000000000,2025-01-20T00:10:00.000000000
20,14,73,raw_kw,6,19,19,0.00000000,1.00000000,40,114102.13281250,122119.53125000,580896,True,2025-01-21,2025-01-21T00:00:00.000000000,2025-01-21T00:00:00.000000000,2025-01-21T00:10:00.000000000
21,14,73,raw_kw,7,20,20,0.00000000,1.00000000,40,124843.89062500,173912.23437500,580896,True,2025-01-22,2025-01-22T00:00:00.000000000,2025-01-22T00:00:00.000000000,2025-01-22T00:10:00.000000000
22,14,73,raw_kw,8,21,21,0.00000000,1.00000000,40,128149.78125000,177885.10937500,580896,True,2025-01-23,2025-01-23T00:00:00.000000000,2025-01-23T00:00:00.000000000,2025-01-23T00:10:00.000000000
23,14,73,raw_kw,9,22,22,0.00000000,1.00000000,40,129757.53125000,158738.87500000,580896,True,2025-01-24,2025-01-24T00:00:00.000000000,2025-01-24T00:00:00.000000000,2025-01-24T00:10:00.000000000
24,14,73,raw_kw,10,23,23,0.00000000,1.00000000,40,130076.79687500,147663.64062500,580896,True,2025-01-25,2025-01-25T00:00:00.000000000,2025-01-25T00:00:00.000000000,2025-01-25T00:10:00.000000000
25,14,73,raw_kw,11,24,24,0.00000000,1.00000000,40,134195.32812500,158951.73437500,580896,True,2025-01-26,2025-01-26T00:00:00.000000000,2025-01-26T00:00:00.000000000,2025-01-26T00:10:00.000000000
26,14,73,raw_kw,12,25,25,0.00000000,1.00000000,40,136763.81250000,164505.89062500,580896,True,2025-01-27,2025-01-27T00:00:00.000000000,2025-01-27T00:00:00.000000000,2025-01-27T00:10:00.000000000
27,14,73,raw_kw,13,26,26,0.00000000,1.00000000,40,137520.29687500,169430.18750000,580896,True,2025-01-28,2025-01-28T00:00:00.000000000,2025-01-28T00:00:00.000000000,2025-01-28T00:10:00.000000000
28,14,73,raw_kw,14,27,27,0.00000000,1.00000000,40,139565.96875000,160977.85937500,580896,True,2025-01-29,2025-01-29T00:00:00.000000000,2025-01-29T00:00:00.000000000,2025-01-29T00:10:00.000000000
29,14,73,raw_kw,15,28,28,0.00000000,1.00000000,40,140754.42187500,162531.10937500,580896,True,2025-01-30,2025-01-30T00:00:00.000000000,2025-01-30T00:00:00.000000000,2025-01-30T00:10:00.000000000
30,14,73,raw_kw,16,29,29,0.00000000,1.00000000,40,140963.48437500,165470.50000000,580896,True,2025-01-31,2025-01-31T00:00:00.000000000,2025-01-31T00:00:00.000000000,2025-01-31T00:10:00.000000000
17,14,73,causal_zscore,3,16,16,1523.55190862,2166.68210469,39,0.01610096,0.02224995,580896,True,2025-01-18,2025-01-18T00:00:00.000000000,2025-01-18T00:00:00.000000000,2025-01-18T00:10:00.000000000
18,14,73,causal_zscore,4,17,17,1526.79335000,2169.14632076,39,0.01647375,0.02070099,580896,True,2025-01-19,2025-01-19T00:00:00.000000000,2025-01-19T00:00:00.000000000,2025-01-19T00:10:00.000000000
19,14,73,causal_zscore,5,18,18,1528.73340779,2171.18375752,39,0.01683074,0.01955003,580896,True,2025-01-20,2025-01-20T00:00:00.000000000,2025-01-20T00:00:00.000000000,2025-01-20T00:10:00.000000000
20,14,73,causal_zscore,6,19,19,1532.50213240,2176.85684952,39,0.01699481,0.01803614,580896,True,2025-01-21,2025-01-21T00:00:00.000000000,2025-01-21T00:00:00.000000000,2025-01-21T00:10:00.000000000
21,14,73,causal_zscore,7,20,20,1543.40330308,2194.89329661,39,0.01874084,0.02733910,580896,True,2025-01-22,2025-01-22T00:00:00.000000000,2025-01-22T00:00:00.000000000,2025-01-22T00:10:00.000000000
22,14,73,causal_zscore,8,21,21,1544.80319874,2194.35872045,39,0.01899194,0.02997520,580896,True,2025-01-23,2025-01-23T00:00:00.000000000,2025-01-23T00:00:00.000000000,2025-01-23T00:10:00.000000000
23,14,73,causal_zscore,9,22,22,1544.28549725,2191.68920304,40,0.02095662,0.02595024,580896,True,2025-01-24,2025-01-24T00:00:00.000000000,2025-01-24T00:00:00.000000000,2025-01-24T00:10:00.000000000
24,14,73,causal_zscore,10,23,23,1550.27034207,2200.99566977,40,0.02107686,0.02369836,580896,True,2025-01-25,2025-01-25T00:00:00.000000000,2025-01-25T00:00:00.000000000,2025-01-25T00:10:00.000000000
25,14,73,causal_zscore,11,24,24,1558.58034308,2213.59068929,39,0.02004490,0.02542072,580896,True,2025-01-26,2025-01-26T00:00:00.000000000,2025-01-26T00:00:00.000000000,2025-01-26T00:10:00.000000000
26,14,73,causal_zscore,12,25,25,1560.63183408,2214.14799396,39,0.02042857,0.02640358,580896,True,2025-01-27,2025-01-27T00:00:00.000000000,2025-01-27T00:00:00.000000000,2025-01-27T00:10:00.000000000
27,14,73,causal_zscore,13,26,26,1566.79366962,2221.49914675,39,0.02063463,0.02728344,580896,True,2025-01-28,2025-01-28T00:00:00.000000000,2025-01-28T00:00:00.000000000,2025-01-28T00:10:00.000000000
28,14,73,causal_zscore,14,27,27,1569.64063911,2223.44764074,39,0.02092433,0.02650674,580896,True,2025-01-29,2025-01-29T00:00:00.000000000,2025-01-29T00:00:00.000000000,2025-01-29T00:10:00.000000000
29,14,73,causal_zscore,15,28,28,1578.79131221,2235.31449174,39,0.02113367,0.02634248,580896,True,2025-01-30,2025-01-30T00:00:00.000000000,2025-01-30T00:00:00.000000000,2025-01-30T00:10:00.000000000
30,14,73,causal_zscore,16,29,29,1584.87113954,2243.07563734,39,0.02112021,0.02624280,580896,True,2025-01-31,2025-01-31T00:00:00.000000000,2025-01-31T00:00:00.000000000,2025-01-31T00:10:00.000000000
