date,model,model_rmse_kw,seven_day_rmse_kw,rmse_difference_model_minus_7day_kw,model_wins
2025-02-01,DLinear,183.16443907,119.76409334,63.40034573,False
2025-02-02,DLinear,208.60019404,177.50460891,31.09558513,False
2025-02-03,DLinear,250.45042916,146.52044091,103.92998825,False
2025-02-04,DLinear,246.16714075,197.02187096,49.14526979,False
2025-02-05,DLinear,291.13051241,176.24931468,114.88119773,False
2025-02-06,DLinear,235.28954228,115.20857313,120.08096915,False
2025-02-07,DLinear,315.79104015,312.45038885,3.34065131,False
2025-02-08,DLinear,263.58585713,231.31417005,32.27168708,False
2025-02-09,DLinear,313.38930385,200.68029961,112.70900423,False
2025-02-10,DLinear,375.09090375,367.86382576,7.22707799,False
2025-02-11,DLinear,277.69888253,230.96196840,46.73691413,False
2025-02-12,DLinear,257.94399435,220.42664055,37.51735380,False
2025-02-13,DLinear,467.03038343,399.02386744,68.00651599,False
2025-02-14,DLinear,316.70564902,208.21040215,108.49524687,False
2025-02-15,DLinear,268.68306901,158.52980497,110.15326404,False
2025-02-16,DLinear,337.31018840,205.95852699,131.35166142,False
2025-02-17,DLinear,368.58903482,225.21119996,143.37783486,False
2025-02-18,DLinear,332.95831560,190.15489976,142.80341584,False
2025-02-19,DLinear,305.06468181,215.90623221,89.15844960,False
2025-02-20,DLinear,390.09682061,201.29304879,188.80377182,False
2025-02-21,DLinear,341.44323216,164.92613549,176.51709666,False
2025-02-22,DLinear,306.35827520,131.84323270,174.51504250,False
2025-02-23,DLinear,392.28468901,196.92805245,195.35663656,False
2025-02-24,DLinear,426.36713780,242.70068481,183.66645299,False
2025-02-25,DLinear,535.87990509,403.19226991,132.68763518,False
2025-02-26,DLinear,413.38036745,211.48351003,201.89685742,False
2025-02-27,DLinear,435.92830425,291.71884648,144.20945777,False
2025-02-28,DLinear,407.75495952,201.58792349,206.16703603,False
2025-03-01,DLinear,429.74819062,352.24872022,77.49947041,False
2025-03-02,DLinear,636.02570948,570.63664073,65.38906875,False
2025-03-03,DLinear,455.00844266,413.68740792,41.32103474,False
2025-03-04,DLinear,414.59282564,223.51803877,191.07478688,False
2025-03-05,DLinear,479.24034532,231.74642096,247.49392436,False
2025-03-06,DLinear,457.59520010,189.70110172,267.89409838,False
2025-03-07,DLinear,436.35998739,225.07149008,211.28849730,False
2025-03-08,DLinear,520.66081628,288.95901035,231.70180593,False
2025-03-09,DLinear,565.81965180,383.76673123,182.05292057,False
2025-03-10,DLinear,460.71832715,278.49340630,182.22492085,False
2025-03-11,DLinear,504.26820034,258.91919409,245.34900625,False
2025-03-12,DLinear,538.79099670,270.94654608,267.84445062,False
2025-03-13,DLinear,590.16620339,391.70174047,198.46446293,False
2025-03-14,DLinear,571.30721361,312.47847821,258.82873540,False
2025-03-15,DLinear,590.94482539,324.03027527,266.91455012,False
2025-03-16,DLinear,528.77034979,284.10059425,244.66975554,False
2025-03-17,DLinear,768.52641450,472.48451116,296.04190334,False
2025-03-18,DLinear,507.78420065,249.96494047,257.81926018,False
2025-03-19,DLinear,590.14652623,303.87436447,286.27216176,False
2025-03-20,DLinear,512.22955603,145.24049844,366.98905759,False
2025-03-21,DLinear,669.66088087,348.96980727,320.69107360,False
2025-03-22,DLinear,513.72718218,188.70776123,325.01942095,False
2025-03-23,DLinear,658.97660720,320.92831714,338.04829007,False
2025-03-24,DLinear,581.73772303,222.14105349,359.59666954,False
2025-03-25,DLinear,594.50135922,241.79692109,352.70443814,False
2025-03-26,DLinear,690.92677685,368.06384162,322.86293522,False
2025-03-27,DLinear,584.86965456,191.79821140,393.07144316,False
2025-03-28,DLinear,614.67510261,190.56428131,424.11082131,False
2025-03-29,DLinear,799.93018972,390.40030711,409.52988260,False
2025-03-30,DLinear,690.57066279,240.32513496,450.24552783,False
2025-03-31,DLinear,668.36286518,328.53641520,339.82644998,False
2025-04-01,DLinear,760.32999660,471.82793908,288.50205752,False
2025-04-02,DLinear,713.14344416,473.46006270,239.68338146,False
2025-04-03,DLinear,637.00546982,265.66685539,371.33861443,False
2025-04-04,DLinear,807.81696976,369.86793062,437.94903914,False
2025-04-05,DLinear,664.80462663,243.64543435,421.15919228,False
2025-04-06,DLinear,732.07797337,195.99680403,536.08116933,False
2025-04-07,DLinear,815.13050767,392.96410926,422.16639841,False
2025-04-08,DLinear,712.10272526,292.51752907,419.58519619,False
2025-04-09,DLinear,670.02361204,366.51431732,303.50929472,False
2025-04-10,DLinear,730.14785035,275.71325299,454.43459736,False
2025-04-11,DLinear,884.35985776,347.92994018,536.42991758,False
2025-04-12,DLinear,757.52814535,265.73576163,491.79238372,False
2025-04-13,DLinear,730.46609577,211.67298577,518.79311000,False
2025-04-14,DLinear,839.54185229,223.64838583,615.89346646,False
2025-04-15,DLinear,871.26131177,413.77219375,457.48911802,False
2025-04-16,DLinear,756.19753637,243.16963764,513.02789873,False
2025-04-17,DLinear,782.99356627,188.70084832,594.29271794,False
2025-04-18,DLinear,810.95758070,194.82234358,616.13523712,False
2025-04-19,DLinear,765.32452673,235.36757256,529.95695417,False
2025-04-20,DLinear,781.98081791,240.41061321,541.57020470,False
2025-04-21,DLinear,1000.57574691,370.79428665,629.78146026,False
2025-04-22,DLinear,849.45378492,226.79111378,622.66267115,False
2025-04-23,DLinear,912.34438196,267.06865121,645.27573075,False
2025-04-24,DLinear,1045.43179050,354.11676902,691.31502148,False
2025-04-25,DLinear,923.31407993,270.53974453,652.77433540,False
2025-04-26,DLinear,1028.92788294,508.45829811,520.46958484,False
2025-04-27,DLinear,835.38402787,249.48225690,585.90177097,False
2025-04-28,DLinear,896.99156116,621.95285796,275.03870320,False
2025-04-29,DLinear,960.84796902,307.93488968,652.91307933,False
2025-04-30,DLinear,991.70577761,344.52213931,647.18363830,False
2025-05-01,DLinear,850.89988478,231.85838084,619.04150394,False
2025-05-02,DLinear,778.10151896,552.70918918,225.39232978,False
2025-05-03,DLinear,833.12488687,212.32667784,620.79820903,False
2025-05-04,DLinear,1019.15435908,319.99728507,699.15707401,False
2025-05-05,DLinear,757.76119275,327.82669927,429.93449347,False
2025-05-06,DLinear,858.43671332,366.30955358,492.12715973,False
2025-05-07,DLinear,785.85506372,191.30824051,594.54682321,False
2025-05-08,DLinear,872.86077957,311.37319657,561.48758300,False
2025-05-09,DLinear,805.12517275,225.22414438,579.90102837,False
2025-05-10,DLinear,752.18571288,361.54430132,390.64141156,False
2025-05-11,DLinear,884.03695769,268.26969860,615.76725908,False
2025-05-12,DLinear,1090.86704214,495.54483791,595.32220423,False
2025-05-13,DLinear,917.38890577,157.21202884,760.17687693,False
2025-05-14,DLinear,967.20683852,239.19020502,728.01663351,False
2025-05-15,DLinear,874.37999832,263.72023765,610.65976067,False
2025-05-16,DLinear,1095.47302607,406.16763323,689.30539283,False
2025-05-17,DLinear,955.20160159,351.83925726,603.36234432,False
2025-05-18,DLinear,982.29315895,303.32519842,678.96796053,False
2025-05-19,DLinear,1097.22946975,477.67983731,619.54963244,False
2025-05-20,DLinear,938.12440929,313.97194961,624.15245969,False
2025-05-21,DLinear,993.97578315,385.08368826,608.89209489,False
2025-05-22,DLinear,962.07332182,178.98508946,783.08823236,False
2025-05-23,DLinear,934.12774014,195.50958291,738.61815723,False
2025-05-24,DLinear,1044.44290910,344.23485232,700.20805678,False
2025-05-25,DLinear,1049.52841626,255.15712627,794.37128998,False
2025-05-26,DLinear,930.60119774,446.36740255,484.23379519,False
2025-05-27,DLinear,1034.06620791,249.98904661,784.07716130,False
2025-05-28,DLinear,1017.31152766,412.37411150,604.93741616,False
2025-05-29,DLinear,897.79367493,320.96144855,576.83222638,False
2025-05-30,DLinear,863.23415449,338.35584457,524.87830992,False
2025-05-31,DLinear,879.86693762,308.21699605,571.64994156,False
2025-06-01,DLinear,1037.39916907,828.65733855,208.74183051,False
2025-06-02,DLinear,735.49903112,573.16913100,162.32990012,False
2025-06-03,DLinear,794.67834816,379.28780308,415.39054508,False
2025-06-04,DLinear,827.22088626,435.01046681,392.21041946,False
2025-06-05,DLinear,712.58333072,384.17033328,328.41299744,False
2025-06-06,DLinear,784.57600819,615.59290347,168.98310472,False
2025-06-07,DLinear,790.13406146,492.78890190,297.34515956,False
2025-06-08,DLinear,1026.40733610,515.41364098,510.99369512,False
2025-06-09,DLinear,712.43000334,253.08762382,459.34237952,False
2025-06-10,DLinear,721.96225723,250.88331465,471.07894259,False
2025-06-11,DLinear,704.65633504,396.97502270,307.68131235,False
2025-06-12,DLinear,731.84149849,179.72354462,552.11795387,False
2025-06-13,DLinear,621.62442879,341.66584018,279.95858861,False
2025-06-14,DLinear,802.08879534,288.41662377,513.67217157,False
2025-06-15,DLinear,827.25793614,251.08401785,576.17391829,False
2025-06-16,DLinear,700.97910772,212.10015062,488.87895710,False
2025-06-17,DLinear,836.80125797,384.59975239,452.20150558,False
2025-06-18,DLinear,786.42172376,220.61935078,565.80237298,False
2025-06-19,DLinear,856.84099669,427.66011335,429.18088333,False
2025-06-20,DLinear,834.73826351,255.02922311,579.70904040,False
2025-06-21,DLinear,971.64179936,550.71241801,420.92938135,False
2025-06-22,DLinear,955.77584662,299.24300203,656.53284459,False
2025-06-23,DLinear,869.47664517,246.84925397,622.62739120,False
2025-06-24,DLinear,755.30994897,543.17535761,212.13459136,False
2025-06-25,DLinear,841.37202140,355.41046411,485.96155729,False
2025-06-26,DLinear,807.04138385,310.86529481,496.17608905,False
2025-06-27,DLinear,798.34119200,271.50172927,526.83946273,False
2025-06-28,DLinear,809.00745603,344.49876465,464.50869138,False
2025-06-29,DLinear,840.25821439,307.48519854,532.77301586,False
2025-06-30,DLinear,738.40138361,272.56727568,465.83410794,False
2025-07-01,DLinear,950.87243619,407.88935048,542.98308571,False
2025-07-02,DLinear,1181.70741826,641.72694077,539.98047748,False
2025-07-03,DLinear,866.25204535,208.73447334,657.51757201,False
2025-07-04,DLinear,1046.19815603,511.78625920,534.41189683,False
2025-07-05,DLinear,1019.50843046,441.39441197,578.11401848,False
2025-07-06,DLinear,821.92246123,325.06542830,496.85703293,False
2025-07-07,DLinear,1030.44450559,332.85850155,697.58600404,False
2025-07-08,DLinear,875.66037598,339.41650783,536.24386815,False
2025-07-09,DLinear,889.64394691,259.73748174,629.90646517,False
2025-07-10,DLinear,934.64622652,248.05253027,686.59369625,False
2025-07-11,DLinear,864.41899193,470.60733596,393.81165597,False
2025-07-12,DLinear,816.44270713,218.08518073,598.35752639,False
2025-07-13,DLinear,1068.06686533,452.10517926,615.96168607,False
2025-07-14,DLinear,972.59470190,259.87138186,712.72332004,False
2025-07-15,DLinear,1010.95625377,441.05015609,569.90609768,False
2025-07-16,DLinear,974.39412809,258.61998155,715.77414655,False
2025-07-17,DLinear,836.18058649,232.38864017,603.79194632,False
2025-07-18,DLinear,844.74605561,378.83290246,465.91315315,False
2025-07-19,DLinear,945.00988596,213.47976591,731.53012005,False
2025-07-20,DLinear,903.52845086,202.63003711,700.89841375,False
2025-07-21,DLinear,816.78613413,258.36271121,558.42342292,False
2025-07-22,DLinear,927.02570420,348.72278588,578.30291832,False
2025-07-23,DLinear,825.88472874,267.37214084,558.51258791,False
2025-07-24,DLinear,910.54651366,344.74159138,565.80492229,False
2025-07-25,DLinear,896.25307139,181.72565878,714.52741261,False
2025-07-26,DLinear,879.85111893,260.10592878,619.74519015,False
2025-07-27,DLinear,769.71926462,269.53567299,500.18359162,False
2025-07-28,DLinear,779.80906463,400.05699683,379.75206780,False
2025-07-29,DLinear,879.12128650,344.25978423,534.86150227,False
2025-07-30,DLinear,832.17425241,307.41564310,524.75860931,False
2025-07-31,DLinear,798.61056548,202.70822834,595.90233713,False
2025-08-01,DLinear,1179.09872089,534.64886783,644.44985307,False
2025-08-02,DLinear,1092.22690553,488.17103580,604.05586973,False
2025-08-03,DLinear,1313.24188516,684.67786856,628.56401660,False
2025-08-04,DLinear,1118.65908429,448.09131478,670.56776951,False
2025-08-05,DLinear,1016.26159283,258.84936711,757.41222572,False
2025-08-06,DLinear,894.33162044,340.62193225,553.70968820,False
2025-08-07,DLinear,1022.74298353,288.39606973,734.34691380,False
2025-08-08,DLinear,1028.66785142,343.03287918,685.63497224,False
2025-08-09,DLinear,927.72793902,271.42533096,656.30260806,False
2025-08-10,DLinear,946.45302491,320.01638697,626.43663794,False
2025-08-11,DLinear,920.69196743,245.29907174,675.39289569,False
2025-08-12,DLinear,905.18741509,327.25673492,577.93068017,False
2025-08-13,DLinear,948.29386686,266.09797782,682.19588904,False
2025-08-14,DLinear,866.46323854,242.39440988,624.06882866,False
2025-08-15,DLinear,938.64220552,240.69330478,697.94890074,False
2025-08-16,DLinear,1016.23409872,301.17406083,715.06003789,False
2025-08-17,DLinear,966.09876985,257.62693949,708.47183036,False
2025-08-18,DLinear,899.22266648,249.99568922,649.22697726,False
2025-08-19,DLinear,909.96465131,213.52559455,696.43905675,False
2025-08-20,DLinear,816.21498111,545.81747948,270.39750163,False
2025-08-21,DLinear,918.30510619,296.18734004,622.11776615,False
2025-08-22,DLinear,874.42041383,271.78403985,602.63637399,False
2025-08-23,DLinear,815.17281257,311.65757758,503.51523499,False
2025-08-24,DLinear,938.44502844,377.93087583,560.51415261,False
2025-08-25,DLinear,777.74978722,421.94533783,355.80444939,False
2025-08-26,DLinear,819.92001824,275.97766976,543.94234848,False
2025-08-27,DLinear,762.35379054,262.37555280,499.97823775,False
2025-08-28,DLinear,834.61772940,494.20124372,340.41648568,False
2025-08-29,DLinear,744.21188504,228.14853826,516.06334678,False
2025-08-30,DLinear,974.44715383,417.06431470,557.38283912,False
2025-08-31,DLinear,777.88899569,217.40830508,560.48069061,False
2025-09-01,DLinear,930.13495416,282.65584466,647.47910950,False
2025-09-02,DLinear,811.35825559,225.34968761,586.00856798,False
2025-09-03,DLinear,793.76033726,278.43471797,515.32561929,False
2025-09-04,DLinear,807.87789306,350.05955572,457.81833735,False
2025-09-05,DLinear,854.25990457,230.22098476,624.03891980,False
2025-09-06,DLinear,815.14947396,413.43619911,401.71327484,False
2025-09-07,DLinear,748.71372332,235.25092294,513.46280038,False
2025-09-08,DLinear,737.29604990,440.72670472,296.56934518,False
2025-09-09,DLinear,846.90430455,331.95710936,514.94719519,False
2025-09-10,DLinear,643.13873435,480.11002597,163.02870838,False
2025-09-11,DLinear,781.26802549,298.64240348,482.62562201,False
2025-09-12,DLinear,673.60541111,213.23093505,460.37447606,False
2025-09-13,DLinear,765.46876719,365.47714816,399.99161903,False
2025-09-14,DLinear,649.07577417,319.28124718,329.79452700,False
2025-09-15,DLinear,704.81646938,315.76447277,389.05199661,False
2025-09-16,DLinear,666.85581812,289.51766946,377.33814865,False
2025-09-17,DLinear,599.02740040,305.36089567,293.66650473,False
2025-09-18,DLinear,585.97746102,230.72643420,355.25102682,False
2025-09-19,DLinear,574.07939655,324.42844981,249.65094674,False
2025-09-20,DLinear,532.62371533,278.52272452,254.10099081,False
2025-09-21,DLinear,708.48652399,284.00030741,424.48621658,False
2025-09-22,DLinear,569.96163621,137.90086903,432.06076718,False
2025-09-23,DLinear,538.30744861,232.43819110,305.86925751,False
2025-09-24,DLinear,548.56409168,182.25690905,366.30718263,False
2025-09-25,DLinear,565.19691231,161.45813938,403.73877293,False
2025-09-26,DLinear,487.37922727,316.13473998,171.24448729,False
2025-09-27,DLinear,557.52652815,331.34592405,226.18060410,False
2025-09-28,DLinear,513.82307793,240.01203725,273.81104068,False
2025-09-29,DLinear,502.57940314,127.89177134,374.68763180,False
2025-09-30,DLinear,442.57716031,286.30892606,156.26823425,False
2025-10-01,DLinear,995.09360784,745.02036855,250.07323929,False
2025-10-02,DLinear,828.73674151,478.21738997,350.51935153,False
2025-10-03,DLinear,691.38592344,322.13735145,369.24857200,False
2025-10-04,DLinear,484.13049843,164.15956529,319.97093313,False
2025-10-05,DLinear,590.53881257,175.98976822,414.54904434,False
2025-10-06,DLinear,471.98130097,187.96936987,284.01193110,False
2025-10-07,DLinear,448.09035964,211.62916677,236.46119288,False
2025-10-08,DLinear,547.68464471,270.34882877,277.33581593,False
2025-10-09,DLinear,545.87303350,213.62104958,332.25198392,False
2025-10-10,DLinear,605.44616160,307.59527955,297.85088205,False
2025-10-11,DLinear,445.36863675,258.28377796,187.08485879,False
2025-10-12,DLinear,498.48031524,224.83958412,273.64073112,False
2025-10-13,DLinear,489.55445892,213.76840118,275.78605774,False
2025-10-14,DLinear,366.51526427,226.34592822,140.16933605,False
2025-10-15,DLinear,454.27205368,358.69627710,95.57577659,False
2025-10-16,DLinear,417.73639455,370.18504198,47.55135257,False
2025-10-17,DLinear,447.09274749,217.84736567,229.24538182,False
2025-10-18,DLinear,430.92280106,196.57636993,234.34643113,False
2025-10-19,DLinear,406.63678788,259.65394782,146.98284006,False
2025-10-20,DLinear,372.49222203,291.44872552,81.04349651,False
2025-10-21,DLinear,392.96185429,308.05948002,84.90237428,False
2025-10-22,DLinear,372.52149154,313.52381450,58.99767704,False
2025-10-23,DLinear,367.28785749,201.85561703,165.43224045,False
2025-10-24,DLinear,343.17276236,136.06727875,207.10548361,False
2025-10-25,DLinear,356.94328279,159.72635173,197.21693107,False
2025-10-26,DLinear,341.67539630,139.42700257,202.24839373,False
2025-10-27,DLinear,445.88170343,354.23405464,91.64764879,False
2025-10-28,DLinear,310.20908812,172.62632769,137.58276043,False
2025-10-29,DLinear,390.57556246,364.86818172,25.70738074,False
2025-10-30,DLinear,330.19313311,147.96350136,182.22963175,False
2025-10-31,DLinear,372.45222438,339.24639798,33.20582639,False
2025-11-01,DLinear,314.57056692,155.61752430,158.95304262,False
2025-11-02,DLinear,289.68298505,179.58350861,110.09947644,False
2025-11-03,DLinear,338.10930109,270.10112896,68.00817213,False
2025-11-04,DLinear,298.27611514,201.83832410,96.43779105,False
2025-11-05,DLinear,265.72658474,130.57890726,135.14767749,False
2025-11-06,DLinear,323.37915745,299.23706928,24.14208817,False
2025-11-07,DLinear,344.38578161,283.84384972,60.54193189,False
2025-11-08,DLinear,245.35387611,97.67223763,147.68163849,False
2025-11-09,DLinear,283.39954975,207.66442511,75.73512464,False
2025-11-10,DLinear,289.30798717,258.95937000,30.34861717,False
2025-11-11,DLinear,225.06884487,131.96383945,93.10500542,False
2025-11-12,DLinear,241.32409586,174.62280987,66.70128599,False
2025-11-13,DLinear,312.85371371,258.32699325,54.52672046,False
2025-11-14,DLinear,269.18079519,219.08339674,50.09739845,False
2025-11-15,DLinear,236.38450541,144.84090833,91.54359708,False
2025-11-16,DLinear,274.27450885,210.87803085,63.39647799,False
2025-11-17,DLinear,220.41091697,134.51895250,85.89196446,False
2025-11-18,DLinear,315.72202632,239.88698925,75.83503707,False
2025-11-19,DLinear,238.21627073,167.85902474,70.35724599,False
2025-11-20,DLinear,257.83072562,170.22928182,87.60144380,False
2025-11-21,DLinear,215.53068980,138.14849585,77.38219395,False
2025-11-22,DLinear,218.59313720,132.22462856,86.36850864,False
2025-11-23,DLinear,285.89305668,240.58165472,45.31140197,False
2025-11-24,DLinear,226.18761346,179.76997869,46.41763477,False
2025-11-25,DLinear,230.70710413,150.04770408,80.65940004,False
2025-11-26,DLinear,249.15313513,161.29580379,87.85733135,False
2025-11-27,DLinear,230.26189574,157.91512494,72.34677079,False
2025-11-28,DLinear,235.14582581,115.98614909,119.15967672,False
2025-11-29,DLinear,465.78040636,402.02866483,63.75174153,False
2025-11-30,DLinear,361.40385435,270.43313711,90.97071724,False
2025-12-01,DLinear,300.11978630,202.88320411,97.23658220,False
2025-12-02,DLinear,361.19059559,250.00906418,111.18153141,False
2025-12-03,DLinear,317.19702487,198.10033736,119.09668752,False
2025-12-04,DLinear,206.84554780,130.95368613,75.89186167,False
2025-12-05,DLinear,259.88999204,147.30738234,112.58260969,False
2025-12-06,DLinear,298.76120900,208.34704836,90.41416064,False
2025-12-07,DLinear,232.99765928,110.97376679,122.02389250,False
2025-12-08,DLinear,308.14466017,167.03061888,141.11404129,False
2025-12-09,DLinear,245.46619683,158.84708953,86.61910729,False
2025-12-10,DLinear,333.99556393,173.20646494,160.78909899,False
2025-12-11,DLinear,203.01269909,148.82223678,54.19046231,False
2025-12-12,DLinear,361.33022751,237.69781949,123.63240802,False
2025-12-13,DLinear,320.35219885,166.28881055,154.06338829,False
2025-12-14,DLinear,266.84437831,108.72037709,158.12400121,False
2025-12-15,DLinear,285.41358154,172.46151904,112.95206249,False
2025-12-16,DLinear,269.60889100,127.65533577,141.95355523,False
2025-12-17,DLinear,226.10606395,99.96078782,126.14527613,False
2025-12-18,DLinear,212.28636248,224.74556641,-12.45920393,True
2025-12-19,DLinear,261.24425003,159.93396816,101.31028187,False
2025-12-20,DLinear,218.42619622,133.55501124,84.87118498,False
2025-12-21,DLinear,268.82104766,153.06674362,115.75430404,False
2025-12-22,DLinear,230.54563001,76.00321822,154.54241179,False
2025-12-23,DLinear,206.25604719,107.02327536,99.23277183,False
2025-12-24,DLinear,254.40820253,150.33034409,104.07785845,False
2025-12-25,DLinear,257.64373148,125.22251266,132.42121882,False
2025-12-26,DLinear,316.58300675,168.56289962,148.02010713,False
2025-12-27,DLinear,274.68605000,116.64693403,158.03911597,False
2025-12-28,DLinear,211.56926653,152.01174568,59.55752085,False
2025-12-29,DLinear,263.88134894,137.72769842,126.15365052,False
2025-12-30,DLinear,207.31739165,209.15998830,-1.84259665,True
2025-12-31,DLinear,276.15242818,129.89588595,146.25654222,False
2025-02-01,StructuralResidualHybrid,1484.16297020,119.76409334,1364.39887686,False
2025-02-02,StructuralResidualHybrid,1557.03878922,177.50460891,1379.53418030,False
2025-02-03,StructuralResidualHybrid,1657.28656210,146.52044091,1510.76612119,False
2025-02-04,StructuralResidualHybrid,1395.30504070,197.02187096,1198.28316974,False
2025-02-05,StructuralResidualHybrid,1416.45369053,176.24931468,1240.20437584,False
2025-02-06,StructuralResidualHybrid,1474.12915346,115.20857313,1358.92058033,False
2025-02-07,StructuralResidualHybrid,1603.37317964,312.45038885,1290.92279080,False
2025-02-08,StructuralResidualHybrid,1794.66890981,231.31417005,1563.35473976,False
2025-02-09,StructuralResidualHybrid,1432.53934034,200.68029961,1231.85904073,False
2025-02-10,StructuralResidualHybrid,1716.70297807,367.86382576,1348.83915231,False
2025-02-11,StructuralResidualHybrid,1678.11727424,230.96196840,1447.15530584,False
2025-02-12,StructuralResidualHybrid,1642.60447463,220.42664055,1422.17783408,False
2025-02-13,StructuralResidualHybrid,1837.36905856,399.02386744,1438.34519112,False
2025-02-14,StructuralResidualHybrid,1599.44737177,208.21040215,1391.23696962,False
2025-02-15,StructuralResidualHybrid,1854.07659927,158.52980497,1695.54679431,False
2025-02-16,StructuralResidualHybrid,1563.08125267,205.95852699,1357.12272568,False
2025-02-17,StructuralResidualHybrid,1912.21045850,225.21119996,1686.99925854,False
2025-02-18,StructuralResidualHybrid,1729.32813558,190.15489976,1539.17323581,False
2025-02-19,StructuralResidualHybrid,1717.75692397,215.90623221,1501.85069177,False
2025-02-20,StructuralResidualHybrid,1729.33781422,201.29304879,1528.04476543,False
2025-02-21,StructuralResidualHybrid,1751.61866556,164.92613549,1586.69253006,False
2025-02-22,StructuralResidualHybrid,1628.96674175,131.84323270,1497.12350905,False
2025-02-23,StructuralResidualHybrid,1715.66950296,196.92805245,1518.74145051,False
2025-02-24,StructuralResidualHybrid,1806.07603087,242.70068481,1563.37534607,False
2025-02-25,StructuralResidualHybrid,2008.70175748,403.19226991,1605.50948757,False
2025-02-26,StructuralResidualHybrid,1841.74617002,211.48351003,1630.26265999,False
2025-02-27,StructuralResidualHybrid,1910.64344554,291.71884648,1618.92459906,False
2025-02-28,StructuralResidualHybrid,1802.41847188,201.58792349,1600.83054839,False
2025-03-01,StructuralResidualHybrid,1611.85770251,352.24872022,1259.60898229,False
2025-03-02,StructuralResidualHybrid,1503.71596220,570.63664073,933.07932147,False
2025-03-03,StructuralResidualHybrid,1503.61459794,413.68740792,1089.92719002,False
2025-03-04,StructuralResidualHybrid,1906.09434546,223.51803877,1682.57630669,False
2025-03-05,StructuralResidualHybrid,1987.25561883,231.74642096,1755.50919788,False
2025-03-06,StructuralResidualHybrid,1777.46640603,189.70110172,1587.76530432,False
2025-03-07,StructuralResidualHybrid,1778.35202746,225.07149008,1553.28053738,False
2025-03-08,StructuralResidualHybrid,1885.79131455,288.95901035,1596.83230420,False
2025-03-09,StructuralResidualHybrid,2011.57670460,383.76673123,1627.80997336,False
2025-03-10,StructuralResidualHybrid,1668.09806759,278.49340630,1389.60466128,False
2025-03-11,StructuralResidualHybrid,1835.49620560,258.91919409,1576.57701152,False
2025-03-12,StructuralResidualHybrid,1949.29874361,270.94654608,1678.35219753,False
2025-03-13,StructuralResidualHybrid,1655.85484698,391.70174047,1264.15310651,False
2025-03-14,StructuralResidualHybrid,2047.09712213,312.47847821,1734.61864392,False
2025-03-15,StructuralResidualHybrid,1702.55278423,324.03027527,1378.52250896,False
2025-03-16,StructuralResidualHybrid,1883.10223506,284.10059425,1599.00164081,False
2025-03-17,StructuralResidualHybrid,2136.67605352,472.48451116,1664.19154236,False
2025-03-18,StructuralResidualHybrid,1920.89600959,249.96494047,1670.93106912,False
2025-03-19,StructuralResidualHybrid,2156.18043361,303.87436447,1852.30606915,False
2025-03-20,StructuralResidualHybrid,2027.90096526,145.24049844,1882.66046682,False
2025-03-21,StructuralResidualHybrid,2088.51595218,348.96980727,1739.54614491,False
2025-03-22,StructuralResidualHybrid,1880.05810073,188.70776123,1691.35033950,False
2025-03-23,StructuralResidualHybrid,1970.02259235,320.92831714,1649.09427522,False
2025-03-24,StructuralResidualHybrid,2245.43379838,222.14105349,2023.29274489,False
2025-03-25,StructuralResidualHybrid,1873.06068027,241.79692109,1631.26375919,False
2025-03-26,StructuralResidualHybrid,2175.39242663,368.06384162,1807.32858501,False
2025-03-27,StructuralResidualHybrid,1989.30004640,191.79821140,1797.50183500,False
2025-03-28,StructuralResidualHybrid,2084.81106657,190.56428131,1894.24678526,False
2025-03-29,StructuralResidualHybrid,2347.12462135,390.40030711,1956.72431424,False
2025-03-30,StructuralResidualHybrid,2124.76643532,240.32513496,1884.44130036,False
2025-03-31,StructuralResidualHybrid,2010.26905743,328.53641520,1681.73264223,False
2025-04-01,StructuralResidualHybrid,1872.63923135,471.82793908,1400.81129227,False
2025-04-02,StructuralResidualHybrid,1834.72586418,473.46006270,1361.26580148,False
2025-04-03,StructuralResidualHybrid,2292.20406503,265.66685539,2026.53720964,False
2025-04-04,StructuralResidualHybrid,2243.19113153,369.86793062,1873.32320091,False
2025-04-05,StructuralResidualHybrid,2282.27345407,243.64543435,2038.62801972,False
2025-04-06,StructuralResidualHybrid,2111.52306522,195.99680403,1915.52626119,False
2025-04-07,StructuralResidualHybrid,2352.20932716,392.96410926,1959.24521790,False
2025-04-08,StructuralResidualHybrid,2167.89576646,292.51752907,1875.37823739,False
2025-04-09,StructuralResidualHybrid,1864.79575835,366.51431732,1498.28144103,False
2025-04-10,StructuralResidualHybrid,2101.99099789,275.71325299,1826.27774489,False
2025-04-11,StructuralResidualHybrid,2262.94218328,347.92994018,1915.01224310,False
2025-04-12,StructuralResidualHybrid,2331.20148638,265.73576163,2065.46572476,False
2025-04-13,StructuralResidualHybrid,2077.64668799,211.67298577,1865.97370222,False
2025-04-14,StructuralResidualHybrid,2332.95179151,223.64838583,2109.30340568,False
2025-04-15,StructuralResidualHybrid,2284.38832739,413.77219375,1870.61613364,False
2025-04-16,StructuralResidualHybrid,1998.41974015,243.16963764,1755.25010251,False
2025-04-17,StructuralResidualHybrid,2103.08368285,188.70084832,1914.38283452,False
2025-04-18,StructuralResidualHybrid,2132.45414746,194.82234358,1937.63180388,False
2025-04-19,StructuralResidualHybrid,2101.80599209,235.36757256,1866.43841953,False
2025-04-20,StructuralResidualHybrid,2171.11568564,240.41061321,1930.70507243,False
2025-04-21,StructuralResidualHybrid,2359.16657383,370.79428665,1988.37228717,False
2025-04-22,StructuralResidualHybrid,2435.23882828,226.79111378,2208.44771450,False
2025-04-23,StructuralResidualHybrid,2197.91147310,267.06865121,1930.84282190,False
2025-04-24,StructuralResidualHybrid,2345.95132087,354.11676902,1991.83455185,False
2025-04-25,StructuralResidualHybrid,2321.78810019,270.53974453,2051.24835566,False
2025-04-26,StructuralResidualHybrid,2474.57240581,508.45829811,1966.11410770,False
2025-04-27,StructuralResidualHybrid,2285.41379602,249.48225690,2035.93153912,False
2025-04-28,StructuralResidualHybrid,1858.23981829,621.95285796,1236.28696033,False
2025-04-29,StructuralResidualHybrid,2305.32755291,307.93488968,1997.39266323,False
2025-04-30,StructuralResidualHybrid,2271.22989452,344.52213931,1926.70775521,False
2025-05-01,StructuralResidualHybrid,2310.60423391,231.85838084,2078.74585307,False
2025-05-02,StructuralResidualHybrid,1871.48052371,552.70918918,1318.77133453,False
2025-05-03,StructuralResidualHybrid,2376.95042087,212.32667784,2164.62374303,False
2025-05-04,StructuralResidualHybrid,2287.71873585,319.99728507,1967.72145078,False
2025-05-05,StructuralResidualHybrid,2180.01025594,327.82669927,1852.18355667,False
2025-05-06,StructuralResidualHybrid,2465.11201187,366.30955358,2098.80245829,False
2025-05-07,StructuralResidualHybrid,2439.68047891,191.30824051,2248.37223840,False
2025-05-08,StructuralResidualHybrid,2043.96721080,311.37319657,1732.59401423,False
2025-05-09,StructuralResidualHybrid,2084.26975923,225.22414438,1859.04561485,False
2025-05-10,StructuralResidualHybrid,2332.45867383,361.54430132,1970.91437250,False
2025-05-11,StructuralResidualHybrid,2296.35947902,268.26969860,2028.08978042,False
2025-05-12,StructuralResidualHybrid,2276.16232946,495.54483791,1780.61749155,False
2025-05-13,StructuralResidualHybrid,2171.66580578,157.21202884,2014.45377694,False
2025-05-14,StructuralResidualHybrid,2211.45635570,239.19020502,1972.26615068,False
2025-05-15,StructuralResidualHybrid,2189.11515836,263.72023765,1925.39492072,False
2025-05-16,StructuralResidualHybrid,2427.50529313,406.16763323,2021.33765990,False
2025-05-17,StructuralResidualHybrid,2066.06811421,351.83925726,1714.22885695,False
2025-05-18,StructuralResidualHybrid,2172.98788764,303.32519842,1869.66268922,False
2025-05-19,StructuralResidualHybrid,2486.30651271,477.67983731,2008.62667540,False
2025-05-20,StructuralResidualHybrid,2118.39599501,313.97194961,1804.42404541,False
2025-05-21,StructuralResidualHybrid,2216.83706434,385.08368826,1831.75337608,False
2025-05-22,StructuralResidualHybrid,2234.31977739,178.98508946,2055.33468793,False
2025-05-23,StructuralResidualHybrid,2225.29326959,195.50958291,2029.78368668,False
2025-05-24,StructuralResidualHybrid,2334.10390477,344.23485232,1989.86905246,False
2025-05-25,StructuralResidualHybrid,2364.51744203,255.15712627,2109.36031576,False
2025-05-26,StructuralResidualHybrid,2007.87199786,446.36740255,1561.50459531,False
2025-05-27,StructuralResidualHybrid,2403.20380973,249.98904661,2153.21476312,False
2025-05-28,StructuralResidualHybrid,2159.66410631,412.37411150,1747.28999481,False
2025-05-29,StructuralResidualHybrid,2409.30004793,320.96144855,2088.33859938,False
2025-05-30,StructuralResidualHybrid,2455.93990562,338.35584457,2117.58406105,False
2025-05-31,StructuralResidualHybrid,2077.10507977,308.21699605,1768.88808371,False
2025-06-01,StructuralResidualHybrid,2311.02768464,828.65733855,1482.37034608,False
2025-06-02,StructuralResidualHybrid,1865.47871195,573.16913100,1292.30958094,False
2025-06-03,StructuralResidualHybrid,1816.28206349,379.28780308,1436.99426041,False
2025-06-04,StructuralResidualHybrid,1803.35750386,435.01046681,1368.34703705,False
2025-06-05,StructuralResidualHybrid,1752.02453430,384.17033328,1367.85420102,False
2025-06-06,StructuralResidualHybrid,2120.42553089,615.59290347,1504.83262743,False
2025-06-07,StructuralResidualHybrid,1549.91089928,492.78890190,1057.12199738,False
2025-06-08,StructuralResidualHybrid,2126.30300351,515.41364098,1610.88936253,False
2025-06-09,StructuralResidualHybrid,1866.37370131,253.08762382,1613.28607749,False
2025-06-10,StructuralResidualHybrid,1781.26005737,250.88331465,1530.37674273,False
2025-06-11,StructuralResidualHybrid,1597.54070938,396.97502270,1200.56568668,False
2025-06-12,StructuralResidualHybrid,1741.84179208,179.72354462,1562.11824747,False
2025-06-13,StructuralResidualHybrid,1660.21811410,341.66584018,1318.55227393,False
2025-06-14,StructuralResidualHybrid,1957.68242511,288.41662377,1669.26580134,False
2025-06-15,StructuralResidualHybrid,1757.47524291,251.08401785,1506.39122507,False
2025-06-16,StructuralResidualHybrid,1739.67199959,212.10015062,1527.57184897,False
2025-06-17,StructuralResidualHybrid,1652.35732455,384.59975239,1267.75757216,False
2025-06-18,StructuralResidualHybrid,1790.63992089,220.61935078,1570.02057011,False
2025-06-19,StructuralResidualHybrid,1959.13829214,427.66011335,1531.47817878,False
2025-06-20,StructuralResidualHybrid,1930.60227800,255.02922311,1675.57305490,False
2025-06-21,StructuralResidualHybrid,2111.16380515,550.71241801,1560.45138714,False
2025-06-22,StructuralResidualHybrid,1930.30331224,299.24300203,1631.06031021,False
2025-06-23,StructuralResidualHybrid,1967.05703084,246.84925397,1720.20777687,False
2025-06-24,StructuralResidualHybrid,1498.07514726,543.17535761,954.89978965,False
2025-06-25,StructuralResidualHybrid,1920.91763025,355.41046411,1565.50716613,False
2025-06-26,StructuralResidualHybrid,1889.51729600,310.86529481,1578.65200119,False
2025-06-27,StructuralResidualHybrid,2125.08739500,271.50172927,1853.58566573,False
2025-06-28,StructuralResidualHybrid,1931.66476823,344.49876465,1587.16600358,False
2025-06-29,StructuralResidualHybrid,2066.89378214,307.48519854,1759.40858361,False
2025-06-30,StructuralResidualHybrid,2012.09553790,272.56727568,1739.52826222,False
2025-07-01,StructuralResidualHybrid,2070.69111780,407.88935048,1662.80176732,False
2025-07-02,StructuralResidualHybrid,2383.34702852,641.72694077,1741.62008775,False
2025-07-03,StructuralResidualHybrid,1976.72402986,208.73447334,1767.98955652,False
2025-07-04,StructuralResidualHybrid,2248.64513216,511.78625920,1736.85887296,False
2025-07-05,StructuralResidualHybrid,2301.46723537,441.39441197,1860.07282340,False
2025-07-06,StructuralResidualHybrid,1973.23933988,325.06542830,1648.17391158,False
2025-07-07,StructuralResidualHybrid,2229.39697870,332.85850155,1896.53847715,False
2025-07-08,StructuralResidualHybrid,2171.78590642,339.41650783,1832.36939859,False
2025-07-09,StructuralResidualHybrid,2156.00292477,259.73748174,1896.26544303,False
2025-07-10,StructuralResidualHybrid,2225.43606260,248.05253027,1977.38353233,False
2025-07-11,StructuralResidualHybrid,1916.30088544,470.60733596,1445.69354948,False
2025-07-12,StructuralResidualHybrid,2279.53450060,218.08518073,2061.44931987,False
2025-07-13,StructuralResidualHybrid,2405.78634829,452.10517926,1953.68116904,False
2025-07-14,StructuralResidualHybrid,2400.41066702,259.87138186,2140.53928516,False
2025-07-15,StructuralResidualHybrid,2180.78666933,441.05015609,1739.73651323,False
2025-07-16,StructuralResidualHybrid,2236.19509678,258.61998155,1977.57511523,False
2025-07-17,StructuralResidualHybrid,2176.00390191,232.38864017,1943.61526174,False
2025-07-18,StructuralResidualHybrid,1912.86081503,378.83290246,1534.02791257,False
2025-07-19,StructuralResidualHybrid,2136.48612518,213.47976591,1923.00635928,False
2025-07-20,StructuralResidualHybrid,2130.96226250,202.63003711,1928.33222539,False
2025-07-21,StructuralResidualHybrid,2074.21376790,258.36271121,1815.85105670,False
2025-07-22,StructuralResidualHybrid,2100.35721289,348.72278588,1751.63442701,False
2025-07-23,StructuralResidualHybrid,2105.25847181,267.37214084,1837.88633098,False
2025-07-24,StructuralResidualHybrid,2109.68010580,344.74159138,1764.93851442,False
2025-07-25,StructuralResidualHybrid,2117.65392122,181.72565878,1935.92826244,False
2025-07-26,StructuralResidualHybrid,2068.57564083,260.10592878,1808.46971205,False
2025-07-27,StructuralResidualHybrid,2075.03868595,269.53567299,1805.50301295,False
2025-07-28,StructuralResidualHybrid,2287.20486406,400.05699683,1887.14786723,False
2025-07-29,StructuralResidualHybrid,1918.71760975,344.25978423,1574.45782552,False
2025-07-30,StructuralResidualHybrid,2273.68514785,307.41564310,1966.26950475,False
2025-07-31,StructuralResidualHybrid,2287.73327185,202.70822834,2085.02504351,False
2025-08-01,StructuralResidualHybrid,2439.41271915,534.64886783,1904.76385132,False
2025-08-02,StructuralResidualHybrid,2440.03561817,488.17103580,1951.86458238,False
2025-08-03,StructuralResidualHybrid,2668.21258982,684.67786856,1983.53472127,False
2025-08-04,StructuralResidualHybrid,2512.91990416,448.09131478,2064.82858938,False
2025-08-05,StructuralResidualHybrid,2362.22398855,258.84936711,2103.37462144,False
2025-08-06,StructuralResidualHybrid,2229.83737437,340.62193225,1889.21544213,False
2025-08-07,StructuralResidualHybrid,2445.21822143,288.39606973,2156.82215170,False
2025-08-08,StructuralResidualHybrid,2525.96636717,343.03287918,2182.93348798,False
2025-08-09,StructuralResidualHybrid,2634.94624151,271.42533096,2363.52091055,False
2025-08-10,StructuralResidualHybrid,2323.00186684,320.01638697,2002.98547987,False
2025-08-11,StructuralResidualHybrid,2361.99981541,245.29907174,2116.70074367,False
2025-08-12,StructuralResidualHybrid,2172.14689837,327.25673492,1844.89016345,False
2025-08-13,StructuralResidualHybrid,2139.64283194,266.09797782,1873.54485412,False
2025-08-14,StructuralResidualHybrid,2285.04020272,242.39440988,2042.64579285,False
2025-08-15,StructuralResidualHybrid,2434.30069379,240.69330478,2193.60738901,False
2025-08-16,StructuralResidualHybrid,2446.22376760,301.17406083,2145.04970677,False
2025-08-17,StructuralResidualHybrid,2450.82873720,257.62693949,2193.20179771,False
2025-08-18,StructuralResidualHybrid,2359.72926579,249.99568922,2109.73357657,False
2025-08-19,StructuralResidualHybrid,2585.45016779,213.52559455,2371.92457324,False
2025-08-20,StructuralResidualHybrid,2040.83394141,545.81747948,1495.01646194,False
2025-08-21,StructuralResidualHybrid,2201.66198026,296.18734004,1905.47464022,False
2025-08-22,StructuralResidualHybrid,2258.25294064,271.78403985,1986.46890080,False
2025-08-23,StructuralResidualHybrid,2150.03274354,311.65757758,1838.37516595,False
2025-08-24,StructuralResidualHybrid,2420.59187427,377.93087583,2042.66099844,False
2025-08-25,StructuralResidualHybrid,2061.44368120,421.94533783,1639.49834337,False
2025-08-26,StructuralResidualHybrid,2313.09327776,275.97766976,2037.11560800,False
2025-08-27,StructuralResidualHybrid,2180.02644784,262.37555280,1917.65089504,False
2025-08-28,StructuralResidualHybrid,2018.91256538,494.20124372,1524.71132165,False
2025-08-29,StructuralResidualHybrid,2470.16659933,228.14853826,2242.01806107,False
2025-08-30,StructuralResidualHybrid,2418.71375108,417.06431470,2001.64943638,False
2025-08-31,StructuralResidualHybrid,2220.14290089,217.40830508,2002.73459581,False
2025-09-01,StructuralResidualHybrid,2448.88597007,282.65584466,2166.23012541,False
2025-09-02,StructuralResidualHybrid,2235.20634470,225.34968761,2009.85665709,False
2025-09-03,StructuralResidualHybrid,2470.84477643,278.43471797,2192.41005846,False
2025-09-04,StructuralResidualHybrid,2324.76655359,350.05955572,1974.70699788,False
2025-09-05,StructuralResidualHybrid,2309.91464123,230.22098476,2079.69365647,False
2025-09-06,StructuralResidualHybrid,2551.28955604,413.43619911,2137.85335692,False
2025-09-07,StructuralResidualHybrid,2506.81756078,235.25092294,2271.56663784,False
2025-09-08,StructuralResidualHybrid,1980.45249499,440.72670472,1539.72579026,False
2025-09-09,StructuralResidualHybrid,2344.79195325,331.95710936,2012.83484389,False
2025-09-10,StructuralResidualHybrid,1951.53172133,480.11002597,1471.42169536,False
2025-09-11,StructuralResidualHybrid,2479.97639343,298.64240348,2181.33398995,False
2025-09-12,StructuralResidualHybrid,2149.56026053,213.23093505,1936.32932547,False
2025-09-13,StructuralResidualHybrid,2374.45821260,365.47714816,2008.98106444,False
2025-09-14,StructuralResidualHybrid,2016.69009122,319.28124718,1697.40884405,False
2025-09-15,StructuralResidualHybrid,2510.35742527,315.76447277,2194.59295250,False
2025-09-16,StructuralResidualHybrid,2060.37615780,289.51766946,1770.85848833,False
2025-09-17,StructuralResidualHybrid,2002.32915344,305.36089567,1696.96825777,False
2025-09-18,StructuralResidualHybrid,2033.88963132,230.72643420,1803.16319712,False
2025-09-19,StructuralResidualHybrid,1938.91136656,324.42844981,1614.48291674,False
2025-09-20,StructuralResidualHybrid,2017.21985467,278.52272452,1738.69713015,False
2025-09-21,StructuralResidualHybrid,2115.68711639,284.00030741,1831.68680898,False
2025-09-22,StructuralResidualHybrid,2026.07592332,137.90086903,1888.17505430,False
2025-09-23,StructuralResidualHybrid,1960.61946785,232.43819110,1728.18127675,False
2025-09-24,StructuralResidualHybrid,2039.02202845,182.25690905,1856.76511940,False
2025-09-25,StructuralResidualHybrid,2055.70746295,161.45813938,1894.24932357,False
2025-09-26,StructuralResidualHybrid,1864.51362879,316.13473998,1548.37888882,False
2025-09-27,StructuralResidualHybrid,1991.80010706,331.34592405,1660.45418301,False
2025-09-28,StructuralResidualHybrid,1903.09743890,240.01203725,1663.08540165,False
2025-09-29,StructuralResidualHybrid,1952.10180473,127.89177134,1824.21003338,False
2025-09-30,StructuralResidualHybrid,1862.25315834,286.30892606,1575.94423228,False
2025-10-01,StructuralResidualHybrid,2520.68472179,745.02036855,1775.66435324,False
2025-10-02,StructuralResidualHybrid,2387.12646988,478.21738997,1908.90907990,False
2025-10-03,StructuralResidualHybrid,2279.84782736,322.13735145,1957.71047591,False
2025-10-04,StructuralResidualHybrid,2373.41248749,164.15956529,2209.25292220,False
2025-10-05,StructuralResidualHybrid,2180.19169239,175.98976822,2004.20192417,False
2025-10-06,StructuralResidualHybrid,2069.19818220,187.96936987,1881.22881232,False
2025-10-07,StructuralResidualHybrid,2011.11818722,211.62916677,1799.48902045,False
2025-10-08,StructuralResidualHybrid,2432.08224056,270.34882877,2161.73341179,False
2025-10-09,StructuralResidualHybrid,2138.04049445,213.62104958,1924.41944487,False
2025-10-10,StructuralResidualHybrid,2239.68932307,307.59527955,1932.09404352,False
2025-10-11,StructuralResidualHybrid,1968.47051336,258.28377796,1710.18673540,False
2025-10-12,StructuralResidualHybrid,2353.73838313,224.83958412,2128.89879901,False
2025-10-13,StructuralResidualHybrid,2113.29833959,213.76840118,1899.52993841,False
2025-10-14,StructuralResidualHybrid,1980.13984300,226.34592822,1753.79391478,False
2025-10-15,StructuralResidualHybrid,1861.24883660,358.69627710,1502.55255950,False
2025-10-16,StructuralResidualHybrid,1896.42661099,370.18504198,1526.24156900,False
2025-10-17,StructuralResidualHybrid,1918.61223766,217.84736567,1700.76487199,False
2025-10-18,StructuralResidualHybrid,1931.27642961,196.57636993,1734.70005968,False
2025-10-19,StructuralResidualHybrid,1893.64747296,259.65394782,1633.99352514,False
2025-10-20,StructuralResidualHybrid,1830.24410148,291.44872552,1538.79537596,False
2025-10-21,StructuralResidualHybrid,1737.85187914,308.05948002,1429.79239913,False
2025-10-22,StructuralResidualHybrid,1798.09833969,313.52381450,1484.57452519,False
2025-10-23,StructuralResidualHybrid,2193.17160557,201.85561703,1991.31598854,False
2025-10-24,StructuralResidualHybrid,1910.15452056,136.06727875,1774.08724181,False
2025-10-25,StructuralResidualHybrid,1828.71743707,159.72635173,1668.99108534,False
2025-10-26,StructuralResidualHybrid,1845.97921518,139.42700257,1706.55221261,False
2025-10-27,StructuralResidualHybrid,2005.44275041,354.23405464,1651.20869577,False
2025-10-28,StructuralResidualHybrid,1839.17921034,172.62632769,1666.55288265,False
2025-10-29,StructuralResidualHybrid,1643.82360434,364.86818172,1278.95542262,False
2025-10-30,StructuralResidualHybrid,1857.87538154,147.96350136,1709.91188019,False
2025-10-31,StructuralResidualHybrid,1664.89145299,339.24639798,1325.64505501,False
2025-11-01,StructuralResidualHybrid,1736.47574897,155.61752430,1580.85822468,False
2025-11-02,StructuralResidualHybrid,1718.51774415,179.58350861,1538.93423554,False
2025-11-03,StructuralResidualHybrid,2024.63086027,270.10112896,1754.52973131,False
2025-11-04,StructuralResidualHybrid,1762.53484198,201.83832410,1560.69651789,False
2025-11-05,StructuralResidualHybrid,1690.91128668,130.57890726,1560.33237942,False
2025-11-06,StructuralResidualHybrid,1606.48797501,299.23706928,1307.25090573,False
2025-11-07,StructuralResidualHybrid,1981.85806588,283.84384972,1698.01421616,False
2025-11-08,StructuralResidualHybrid,1996.04763714,97.67223763,1898.37539951,False
2025-11-09,StructuralResidualHybrid,1640.31320853,207.66442511,1432.64878342,False
2025-11-10,StructuralResidualHybrid,1574.28581026,258.95937000,1315.32644026,False
2025-11-11,StructuralResidualHybrid,1639.24823858,131.96383945,1507.28439913,False
2025-11-12,StructuralResidualHybrid,1663.92950129,174.62280987,1489.30669142,False
2025-11-13,StructuralResidualHybrid,1607.06705341,258.32699325,1348.74006016,False
2025-11-14,StructuralResidualHybrid,1547.98456915,219.08339674,1328.90117241,False
2025-11-15,StructuralResidualHybrid,1555.17343387,144.84090833,1410.33252554,False
2025-11-16,StructuralResidualHybrid,1532.39306183,210.87803085,1321.51503098,False
2025-11-17,StructuralResidualHybrid,1593.27184764,134.51895250,1458.75289514,False
2025-11-18,StructuralResidualHybrid,1510.49804299,239.88698925,1270.61105374,False
2025-11-19,StructuralResidualHybrid,1517.91298482,167.85902474,1350.05396008,False
2025-11-20,StructuralResidualHybrid,1840.57684833,170.22928182,1670.34756652,False
2025-11-21,StructuralResidualHybrid,1557.01354257,138.14849585,1418.86504672,False
2025-11-22,StructuralResidualHybrid,1506.45802032,132.22462856,1374.23339177,False
2025-11-23,StructuralResidualHybrid,1518.31665353,240.58165472,1277.73499881,False
2025-11-24,StructuralResidualHybrid,1808.48734963,179.76997869,1628.71737094,False
2025-11-25,StructuralResidualHybrid,1487.86225090,150.04770408,1337.81454681,False
2025-11-26,StructuralResidualHybrid,1440.85699995,161.29580379,1279.56119617,False
2025-11-27,StructuralResidualHybrid,1737.90077819,157.91512494,1579.98565325,False
2025-11-28,StructuralResidualHybrid,1467.72009534,115.98614909,1351.73394625,False
2025-11-29,StructuralResidualHybrid,1314.31245467,402.02866483,912.28378984,False
2025-11-30,StructuralResidualHybrid,1321.62633016,270.43313711,1051.19319305,False
2025-12-01,StructuralResidualHybrid,1397.52103373,202.88320411,1194.63782963,False
2025-12-02,StructuralResidualHybrid,1292.27591998,250.00906418,1042.26685580,False
2025-12-03,StructuralResidualHybrid,1354.00305681,198.10033736,1155.90271946,False
2025-12-04,StructuralResidualHybrid,1398.99300589,130.95368613,1268.03931976,False
2025-12-05,StructuralResidualHybrid,1365.32842777,147.30738234,1218.02104543,False
2025-12-06,StructuralResidualHybrid,1262.94369520,208.34704836,1054.59664684,False
2025-12-07,StructuralResidualHybrid,1350.20928394,110.97376679,1239.23551715,False
2025-12-08,StructuralResidualHybrid,1318.71680531,167.03061888,1151.68618644,False
2025-12-09,StructuralResidualHybrid,1388.84131783,158.84708953,1229.99422830,False
2025-12-10,StructuralResidualHybrid,1291.17470442,173.20646494,1117.96823948,False
2025-12-11,StructuralResidualHybrid,1366.19872942,148.82223678,1217.37649264,False
2025-12-12,StructuralResidualHybrid,1245.36487371,237.69781949,1007.66705423,False
2025-12-13,StructuralResidualHybrid,1244.94913186,166.28881055,1078.66032131,False
2025-12-14,StructuralResidualHybrid,1526.68580011,108.72037709,1417.96542301,False
2025-12-15,StructuralResidualHybrid,1238.11817937,172.46151904,1065.65666033,False
2025-12-16,StructuralResidualHybrid,1516.60061204,127.65533577,1388.94527627,False
2025-12-17,StructuralResidualHybrid,1542.58921806,99.96078782,1442.62843024,False
2025-12-18,StructuralResidualHybrid,1360.49874644,224.74556641,1135.75318003,False
2025-12-19,StructuralResidualHybrid,1310.78547425,159.93396816,1150.85150609,False
2025-12-20,StructuralResidualHybrid,1321.79718780,133.55501124,1188.24217655,False
2025-12-21,StructuralResidualHybrid,1255.45555710,153.06674362,1102.38881348,False
2025-12-22,StructuralResidualHybrid,1304.12475517,76.00321822,1228.12153695,False
2025-12-23,StructuralResidualHybrid,1319.00273575,107.02327536,1211.97946039,False
2025-12-24,StructuralResidualHybrid,1323.36423976,150.33034409,1173.03389567,False
2025-12-25,StructuralResidualHybrid,1284.70409313,125.22251266,1159.48158048,False
2025-12-26,StructuralResidualHybrid,1303.49311646,168.56289962,1134.93021684,False
2025-12-27,StructuralResidualHybrid,1250.68212887,116.64693403,1134.03519484,False
2025-12-28,StructuralResidualHybrid,1330.45310393,152.01174568,1178.44135825,False
2025-12-29,StructuralResidualHybrid,1298.66187953,137.72769842,1160.93418111,False
2025-12-30,StructuralResidualHybrid,1372.96161515,209.15998830,1163.80162685,False
2025-12-31,StructuralResidualHybrid,1535.64194174,129.89588595,1405.74605579,False
2025-02-01,PhaseStructuralFusion,141.85847062,119.76409334,22.09437728,False
2025-02-02,PhaseStructuralFusion,243.64192064,177.50460891,66.13731172,False
2025-02-03,PhaseStructuralFusion,163.43895070,146.52044091,16.91850979,False
2025-02-04,PhaseStructuralFusion,183.02772782,197.02187096,-13.99414313,True
2025-02-05,PhaseStructuralFusion,199.87979854,176.24931468,23.63048386,False
2025-02-06,PhaseStructuralFusion,142.75874616,115.20857313,27.55017304,False
2025-02-07,PhaseStructuralFusion,329.59893156,312.45038885,17.14854271,False
2025-02-08,PhaseStructuralFusion,258.46623909,231.31417005,27.15206904,False
2025-02-09,PhaseStructuralFusion,286.98285913,200.68029961,86.30255951,False
2025-02-10,PhaseStructuralFusion,424.87687995,367.86382576,57.01305420,False
2025-02-11,PhaseStructuralFusion,203.78325551,230.96196840,-27.17871289,True
2025-02-12,PhaseStructuralFusion,249.06988269,220.42664055,28.64324213,False
2025-02-13,PhaseStructuralFusion,411.93182767,399.02386744,12.90796023,False
2025-02-14,PhaseStructuralFusion,266.18726548,208.21040215,57.97686333,False
2025-02-15,PhaseStructuralFusion,144.37182548,158.52980497,-14.15797949,True
2025-02-16,PhaseStructuralFusion,157.33350271,205.95852699,-48.62502427,True
2025-02-17,PhaseStructuralFusion,267.99471379,225.21119996,42.78351383,False
2025-02-18,PhaseStructuralFusion,178.57891822,190.15489976,-11.57598154,True
2025-02-19,PhaseStructuralFusion,184.02613420,215.90623221,-31.88009801,True
2025-02-20,PhaseStructuralFusion,252.03349638,201.29304879,50.74044759,False
2025-02-21,PhaseStructuralFusion,188.43364085,164.92613549,23.50750536,False
2025-02-22,PhaseStructuralFusion,151.31352721,131.84323270,19.47029451,False
2025-02-23,PhaseStructuralFusion,252.75768839,196.92805245,55.82963594,False
2025-02-24,PhaseStructuralFusion,263.12194992,242.70068481,20.42126511,False
2025-02-25,PhaseStructuralFusion,318.89241829,403.19226991,-84.29985162,True
2025-02-26,PhaseStructuralFusion,183.00910977,211.48351003,-28.47440026,True
2025-02-27,PhaseStructuralFusion,324.09636269,291.71884648,32.37751621,False
2025-02-28,PhaseStructuralFusion,286.66912288,201.58792349,85.08119939,False
2025-03-01,PhaseStructuralFusion,293.87828448,352.24872022,-58.37043574,True
2025-03-02,PhaseStructuralFusion,446.78551518,570.63664073,-123.85112554,True
2025-03-03,PhaseStructuralFusion,295.39470181,413.68740792,-118.29270611,True
2025-03-04,PhaseStructuralFusion,236.55758846,223.51803877,13.03954969,False
2025-03-05,PhaseStructuralFusion,239.12588463,231.74642096,7.37946368,False
2025-03-06,PhaseStructuralFusion,213.34003589,189.70110172,23.63893418,False
2025-03-07,PhaseStructuralFusion,203.90344577,225.07149008,-21.16804431,True
2025-03-08,PhaseStructuralFusion,252.71684677,288.95901035,-36.24216358,True
2025-03-09,PhaseStructuralFusion,415.58766351,383.76673123,31.82093228,False
2025-03-10,PhaseStructuralFusion,316.10815836,278.49340630,37.61475205,False
2025-03-11,PhaseStructuralFusion,398.14543023,258.91919409,139.22623614,False
2025-03-12,PhaseStructuralFusion,228.11822318,270.94654608,-42.82832290,True
2025-03-13,PhaseStructuralFusion,465.21080078,391.70174047,73.50906031,False
2025-03-14,PhaseStructuralFusion,472.40817869,312.47847821,159.92970047,False
2025-03-15,PhaseStructuralFusion,463.35222833,324.03027527,139.32195306,False
2025-03-16,PhaseStructuralFusion,393.65686919,284.10059425,109.55627494,False
2025-03-17,PhaseStructuralFusion,516.66480462,472.48451116,44.18029346,False
2025-03-18,PhaseStructuralFusion,309.46752115,249.96494047,59.50258068,False
2025-03-19,PhaseStructuralFusion,199.47788564,303.87436447,-104.39647883,True
2025-03-20,PhaseStructuralFusion,181.53120328,145.24049844,36.29070484,False
2025-03-21,PhaseStructuralFusion,367.94595145,348.96980727,18.97614418,False
2025-03-22,PhaseStructuralFusion,245.36533804,188.70776123,56.65757681,False
2025-03-23,PhaseStructuralFusion,410.81410184,320.92831714,89.88578470,False
2025-03-24,PhaseStructuralFusion,300.15108295,222.14105349,78.01002946,False
2025-03-25,PhaseStructuralFusion,292.34170321,241.79692109,50.54478212,False
2025-03-26,PhaseStructuralFusion,441.07549553,368.06384162,73.01165391,False
2025-03-27,PhaseStructuralFusion,197.06203850,191.79821140,5.26382710,False
2025-03-28,PhaseStructuralFusion,188.37379841,190.56428131,-2.19048290,True
2025-03-29,PhaseStructuralFusion,416.92243563,390.40030711,26.52212851,False
2025-03-30,PhaseStructuralFusion,297.51136029,240.32513496,57.18622533,False
2025-03-31,PhaseStructuralFusion,331.61050389,328.53641520,3.07408869,False
2025-04-01,PhaseStructuralFusion,313.26061849,471.82793908,-158.56732059,True
2025-04-02,PhaseStructuralFusion,409.37262704,473.46006270,-64.08743566,True
2025-04-03,PhaseStructuralFusion,411.82206136,265.66685539,146.15520597,False
2025-04-04,PhaseStructuralFusion,332.40523336,369.86793062,-37.46269726,True
2025-04-05,PhaseStructuralFusion,434.43696624,243.64543435,190.79153188,False
2025-04-06,PhaseStructuralFusion,215.65987473,195.99680403,19.66307070,False
2025-04-07,PhaseStructuralFusion,284.16496311,392.96410926,-108.79914615,True
2025-04-08,PhaseStructuralFusion,496.27340784,292.51752907,203.75587877,False
2025-04-09,PhaseStructuralFusion,363.31143587,366.51431732,-3.20288145,True
2025-04-10,PhaseStructuralFusion,360.48810995,275.71325299,84.77485696,False
2025-04-11,PhaseStructuralFusion,268.55923483,347.92994018,-79.37070535,True
2025-04-12,PhaseStructuralFusion,324.88256984,265.73576163,59.14680821,False
2025-04-13,PhaseStructuralFusion,240.97301267,211.67298577,29.30002690,False
2025-04-14,PhaseStructuralFusion,279.23732797,223.64838583,55.58894214,False
2025-04-15,PhaseStructuralFusion,409.83306315,413.77219375,-3.93913060,True
2025-04-16,PhaseStructuralFusion,324.52940478,243.16963764,81.35976714,False
2025-04-17,PhaseStructuralFusion,275.24183618,188.70084832,86.54098785,False
2025-04-18,PhaseStructuralFusion,222.39583871,194.82234358,27.57349514,False
2025-04-19,PhaseStructuralFusion,262.97479002,235.36757256,27.60721746,False
2025-04-20,PhaseStructuralFusion,269.70033418,240.41061321,29.28972097,False
2025-04-21,PhaseStructuralFusion,378.60677162,370.79428665,7.81248496,False
2025-04-22,PhaseStructuralFusion,336.97025997,226.79111378,110.17914619,False
2025-04-23,PhaseStructuralFusion,258.89979662,267.06865121,-8.16885458,True
2025-04-24,PhaseStructuralFusion,415.50290268,354.11676902,61.38613366,False
2025-04-25,PhaseStructuralFusion,256.64793129,270.53974453,-13.89181324,True
2025-04-26,PhaseStructuralFusion,552.87549466,508.45829811,44.41719655,False
2025-04-27,PhaseStructuralFusion,212.22617266,249.48225690,-37.25608424,True
2025-04-28,PhaseStructuralFusion,675.08202207,621.95285796,53.12916411,False
2025-04-29,PhaseStructuralFusion,548.18841385,307.93488968,240.25352417,False
2025-04-30,PhaseStructuralFusion,355.74080344,344.52213931,11.21866412,False
2025-05-01,PhaseStructuralFusion,373.82917932,231.85838084,141.97079848,False
2025-05-02,PhaseStructuralFusion,652.09582118,552.70918918,99.38663200,False
2025-05-03,PhaseStructuralFusion,223.46581497,212.32667784,11.13913713,False
2025-05-04,PhaseStructuralFusion,379.30352882,319.99728507,59.30624375,False
2025-05-05,PhaseStructuralFusion,382.38498142,327.82669927,54.55828215,False
2025-05-06,PhaseStructuralFusion,291.11149218,366.30955358,-75.19806140,True
2025-05-07,PhaseStructuralFusion,253.24862512,191.30824051,61.94038461,False
2025-05-08,PhaseStructuralFusion,428.63113592,311.37319657,117.25793934,False
2025-05-09,PhaseStructuralFusion,363.79384923,225.22414438,138.56970485,False
2025-05-10,PhaseStructuralFusion,359.05271413,361.54430132,-2.49158720,True
2025-05-11,PhaseStructuralFusion,320.92886836,268.26969860,52.65916976,False
2025-05-12,PhaseStructuralFusion,507.37706384,495.54483791,11.83222593,False
2025-05-13,PhaseStructuralFusion,238.04724516,157.21202884,80.83521632,False
2025-05-14,PhaseStructuralFusion,246.12605254,239.19020502,6.93584753,False
2025-05-15,PhaseStructuralFusion,288.16009440,263.72023765,24.43985675,False
2025-05-16,PhaseStructuralFusion,392.75464022,406.16763323,-13.41299301,True
2025-05-17,PhaseStructuralFusion,429.45272693,351.83925726,77.61346966,False
2025-05-18,PhaseStructuralFusion,402.20631705,303.32519842,98.88111863,False
2025-05-19,PhaseStructuralFusion,615.44735987,477.67983731,137.76752256,False
2025-05-20,PhaseStructuralFusion,509.05122888,313.97194961,195.07927927,False
2025-05-21,PhaseStructuralFusion,483.33148558,385.08368826,98.24779732,False
2025-05-22,PhaseStructuralFusion,202.80391499,178.98508946,23.81882553,False
2025-05-23,PhaseStructuralFusion,226.58852797,195.50958291,31.07894506,False
2025-05-24,PhaseStructuralFusion,438.58665840,344.23485232,94.35180608,False
2025-05-25,PhaseStructuralFusion,330.49567586,255.15712627,75.33854958,False
2025-05-26,PhaseStructuralFusion,580.42875726,446.36740255,134.06135471,False
2025-05-27,PhaseStructuralFusion,437.10705222,249.98904661,187.11800561,False
2025-05-28,PhaseStructuralFusion,449.87524729,412.37411150,37.50113579,False
2025-05-29,PhaseStructuralFusion,253.28785959,320.96144855,-67.67358896,True
2025-05-30,PhaseStructuralFusion,354.61937945,338.35584457,16.26353488,False
2025-05-31,PhaseStructuralFusion,334.93231053,308.21699605,26.71531448,False
2025-06-01,PhaseStructuralFusion,909.09207613,828.65733855,80.43473757,False
2025-06-02,PhaseStructuralFusion,588.50398283,573.16913100,15.33485183,False
2025-06-03,PhaseStructuralFusion,471.23111515,379.28780308,91.94331207,False
2025-06-04,PhaseStructuralFusion,509.71572257,435.01046681,74.70525577,False
2025-06-05,PhaseStructuralFusion,399.87520980,384.17033328,15.70487652,False
2025-06-06,PhaseStructuralFusion,715.15851123,615.59290347,99.56560776,False
2025-06-07,PhaseStructuralFusion,517.43317808,492.78890190,24.64427618,False
2025-06-08,PhaseStructuralFusion,734.02140076,515.41364098,218.60775979,False
2025-06-09,PhaseStructuralFusion,389.53859860,253.08762382,136.45097478,False
2025-06-10,PhaseStructuralFusion,348.09254296,250.88331465,97.20922832,False
2025-06-11,PhaseStructuralFusion,441.97927960,396.97502270,45.00425690,False
2025-06-12,PhaseStructuralFusion,248.72258924,179.72354462,68.99904463,False
2025-06-13,PhaseStructuralFusion,391.19080674,341.66584018,49.52496657,False
2025-06-14,PhaseStructuralFusion,455.52200305,288.41662377,167.10537928,False
2025-06-15,PhaseStructuralFusion,397.35295751,251.08401785,146.26893966,False
2025-06-16,PhaseStructuralFusion,288.42142873,212.10015062,76.32127811,False
2025-06-17,PhaseStructuralFusion,423.45600753,384.59975239,38.85625513,False
2025-06-18,PhaseStructuralFusion,345.27436697,220.61935078,124.65501619,False
2025-06-19,PhaseStructuralFusion,416.63207344,427.66011335,-11.02803992,True
2025-06-20,PhaseStructuralFusion,288.01883011,255.02922311,32.98960701,False
2025-06-21,PhaseStructuralFusion,536.42313810,550.71241801,-14.28927991,True
2025-06-22,PhaseStructuralFusion,399.50231476,299.24300203,100.25931273,False
2025-06-23,PhaseStructuralFusion,268.54885846,246.84925397,21.69960449,False
2025-06-24,PhaseStructuralFusion,536.14123792,543.17535761,-7.03411969,True
2025-06-25,PhaseStructuralFusion,302.13900273,355.41046411,-53.27146138,True
2025-06-26,PhaseStructuralFusion,358.01286615,310.86529481,47.14757134,False
2025-06-27,PhaseStructuralFusion,240.09061236,271.50172927,-31.41111691,True
2025-06-28,PhaseStructuralFusion,264.26533342,344.49876465,-80.23343122,True
2025-06-29,PhaseStructuralFusion,403.46690551,307.48519854,95.98170697,False
2025-06-30,PhaseStructuralFusion,356.01578564,272.56727568,83.44850996,False
2025-07-01,PhaseStructuralFusion,601.56472833,407.88935048,193.67537786,False
2025-07-02,PhaseStructuralFusion,624.13045227,641.72694077,-17.59648851,True
2025-07-03,PhaseStructuralFusion,287.44924278,208.73447334,78.71476944,False
2025-07-04,PhaseStructuralFusion,499.25333157,511.78625920,-12.53292763,True
2025-07-05,PhaseStructuralFusion,393.11492928,441.39441197,-48.27948269,True
2025-07-06,PhaseStructuralFusion,322.56681190,325.06542830,-2.49861640,True
2025-07-07,PhaseStructuralFusion,590.80406702,332.85850155,257.94556547,False
2025-07-08,PhaseStructuralFusion,392.22291577,339.41650783,52.80640795,False
2025-07-09,PhaseStructuralFusion,316.53290163,259.73748174,56.79541989,False
2025-07-10,PhaseStructuralFusion,385.91915471,248.05253027,137.86662444,False
2025-07-11,PhaseStructuralFusion,571.74996896,470.60733596,101.14263301,False
2025-07-12,PhaseStructuralFusion,241.32579680,218.08518073,23.24061607,False
2025-07-13,PhaseStructuralFusion,578.63669444,452.10517926,126.53151519,False
2025-07-14,PhaseStructuralFusion,241.58600731,259.87138186,-18.28537455,True
2025-07-15,PhaseStructuralFusion,484.05077604,441.05015609,43.00061994,False
2025-07-16,PhaseStructuralFusion,256.43771414,258.61998155,-2.18226740,True
2025-07-17,PhaseStructuralFusion,246.17914714,232.38864017,13.79050698,False
2025-07-18,PhaseStructuralFusion,270.30287068,378.83290246,-108.53003178,True
2025-07-19,PhaseStructuralFusion,329.13399972,213.47976591,115.65423381,False
2025-07-20,PhaseStructuralFusion,335.97508189,202.63003711,133.34504478,False
2025-07-21,PhaseStructuralFusion,350.15960914,258.36271121,91.79689794,False
2025-07-22,PhaseStructuralFusion,413.73601601,348.72278588,65.01323013,False
2025-07-23,PhaseStructuralFusion,356.42125996,267.37214084,89.04911913,False
2025-07-24,PhaseStructuralFusion,385.79614991,344.74159138,41.05455853,False
2025-07-25,PhaseStructuralFusion,258.88277934,181.72565878,77.15712055,False
2025-07-26,PhaseStructuralFusion,333.73399646,260.10592878,73.62806768,False
2025-07-27,PhaseStructuralFusion,340.22063335,269.53567299,70.68496036,False
2025-07-28,PhaseStructuralFusion,361.94016733,400.05699683,-38.11682950,True
2025-07-29,PhaseStructuralFusion,299.43378394,344.25978423,-44.82600029,True
2025-07-30,PhaseStructuralFusion,298.22458675,307.41564310,-9.19105635,True
2025-07-31,PhaseStructuralFusion,279.24984529,202.70822834,76.54161695,False
2025-08-01,PhaseStructuralFusion,510.25127075,534.64886783,-24.39759707,True
2025-08-02,PhaseStructuralFusion,348.41224233,488.17103580,-139.75879346,True
2025-08-03,PhaseStructuralFusion,545.97433333,684.67786856,-138.70353523,True
2025-08-04,PhaseStructuralFusion,358.64470256,448.09131478,-89.44661222,True
2025-08-05,PhaseStructuralFusion,300.19661033,258.84936711,41.34724322,False
2025-08-06,PhaseStructuralFusion,424.90913253,340.62193225,84.28720028,False
2025-08-07,PhaseStructuralFusion,572.61020099,288.39606973,284.21413126,False
2025-08-08,PhaseStructuralFusion,304.83502663,343.03287918,-38.19785255,True
2025-08-09,PhaseStructuralFusion,315.20532997,271.42533096,43.77999901,False
2025-08-10,PhaseStructuralFusion,320.89899524,320.01638697,0.88260827,False
2025-08-11,PhaseStructuralFusion,264.07411319,245.29907174,18.77504145,False
2025-08-12,PhaseStructuralFusion,331.37076609,327.25673492,4.11403118,False
2025-08-13,PhaseStructuralFusion,323.48172808,266.09797782,57.38375026,False
2025-08-14,PhaseStructuralFusion,294.99370090,242.39440988,52.59929103,False
2025-08-15,PhaseStructuralFusion,210.32050439,240.69330478,-30.37280039,True
2025-08-16,PhaseStructuralFusion,287.13283681,301.17406083,-14.04122401,True
2025-08-17,PhaseStructuralFusion,313.37150423,257.62693949,55.74456474,False
2025-08-18,PhaseStructuralFusion,291.57474720,249.99568922,41.57905798,False
2025-08-19,PhaseStructuralFusion,253.78880521,213.52559455,40.26321066,False
2025-08-20,PhaseStructuralFusion,505.02457674,545.81747948,-40.79290274,True
2025-08-21,PhaseStructuralFusion,376.81815640,296.18734004,80.63081636,False
2025-08-22,PhaseStructuralFusion,270.85430963,271.78403985,-0.92973022,True
2025-08-23,PhaseStructuralFusion,430.28239340,311.65757758,118.62481582,False
2025-08-24,PhaseStructuralFusion,427.83694591,377.93087583,49.90607009,False
2025-08-25,PhaseStructuralFusion,612.84283402,421.94533783,190.89749619,False
2025-08-26,PhaseStructuralFusion,353.69209469,275.97766976,77.71442493,False
2025-08-27,PhaseStructuralFusion,252.57762724,262.37555280,-9.79792555,True
2025-08-28,PhaseStructuralFusion,467.93386922,494.20124372,-26.26737451,True
2025-08-29,PhaseStructuralFusion,291.41070118,228.14853826,63.26216292,False
2025-08-30,PhaseStructuralFusion,489.74194669,417.06431470,72.67763199,False
2025-08-31,PhaseStructuralFusion,432.71187834,217.40830508,215.30357325,False
2025-09-01,PhaseStructuralFusion,290.28629965,282.65584466,7.63045499,False
2025-09-02,PhaseStructuralFusion,270.97458217,225.34968761,45.62489457,False
2025-09-03,PhaseStructuralFusion,341.24047478,278.43471797,62.80575681,False
2025-09-04,PhaseStructuralFusion,474.65395498,350.05955572,124.59439926,False
2025-09-05,PhaseStructuralFusion,270.26479940,230.22098476,40.04381464,False
2025-09-06,PhaseStructuralFusion,460.57856579,413.43619911,47.14236668,False
2025-09-07,PhaseStructuralFusion,319.96973380,235.25092294,84.71881086,False
2025-09-08,PhaseStructuralFusion,451.14280615,440.72670472,10.41610143,False
2025-09-09,PhaseStructuralFusion,419.25110257,331.95710936,87.29399321,False
2025-09-10,PhaseStructuralFusion,566.84672603,480.11002597,86.73670006,False
2025-09-11,PhaseStructuralFusion,434.06755058,298.64240348,135.42514710,False
2025-09-12,PhaseStructuralFusion,275.67819161,213.23093505,62.44725655,False
2025-09-13,PhaseStructuralFusion,398.35999726,365.47714816,32.88284910,False
2025-09-14,PhaseStructuralFusion,412.53940305,319.28124718,93.25815588,False
2025-09-15,PhaseStructuralFusion,509.32723960,315.76447277,193.56276683,False
2025-09-16,PhaseStructuralFusion,442.45365680,289.51766946,152.93598733,False
2025-09-17,PhaseStructuralFusion,285.30603508,305.36089567,-20.05486058,True
2025-09-18,PhaseStructuralFusion,284.04926735,230.72643420,53.32283315,False
2025-09-19,PhaseStructuralFusion,293.72397433,324.42844981,-30.70447548,True
2025-09-20,PhaseStructuralFusion,272.91605485,278.52272452,-5.60666967,True
2025-09-21,PhaseStructuralFusion,356.77102150,284.00030741,72.77071409,False
2025-09-22,PhaseStructuralFusion,243.70030667,137.90086903,105.79943764,False
2025-09-23,PhaseStructuralFusion,279.32260494,232.43819110,46.88441385,False
2025-09-24,PhaseStructuralFusion,262.62934587,182.25690905,80.37243681,False
2025-09-25,PhaseStructuralFusion,191.02938494,161.45813938,29.57124556,False
2025-09-26,PhaseStructuralFusion,320.43799117,316.13473998,4.30325119,False
2025-09-27,PhaseStructuralFusion,417.89576222,331.34592405,86.54983817,False
2025-09-28,PhaseStructuralFusion,323.34340654,240.01203725,83.33136929,False
2025-09-29,PhaseStructuralFusion,105.09165011,127.89177134,-22.80012124,True
2025-09-30,PhaseStructuralFusion,267.69127672,286.30892606,-18.61764935,True
2025-10-01,PhaseStructuralFusion,764.17909243,745.02036855,19.15872388,False
2025-10-02,PhaseStructuralFusion,283.95968866,478.21738997,-194.25770131,True
2025-10-03,PhaseStructuralFusion,281.42954859,322.13735145,-40.70780285,True
2025-10-04,PhaseStructuralFusion,230.37644125,164.15956529,66.21687596,False
2025-10-05,PhaseStructuralFusion,353.09286551,175.98976822,177.10309729,False
2025-10-06,PhaseStructuralFusion,154.15062980,187.96936987,-33.81874008,True
2025-10-07,PhaseStructuralFusion,182.39509824,211.62916677,-29.23406852,True
2025-10-08,PhaseStructuralFusion,323.74807922,270.34882877,53.39925045,False
2025-10-09,PhaseStructuralFusion,231.27161709,213.62104958,17.65056751,False
2025-10-10,PhaseStructuralFusion,207.37964398,307.59527955,-100.21563557,True
2025-10-11,PhaseStructuralFusion,305.82222683,258.28377796,47.53844887,False
2025-10-12,PhaseStructuralFusion,211.19011853,224.83958412,-13.64946559,True
2025-10-13,PhaseStructuralFusion,224.58658150,213.76840118,10.81818032,False
2025-10-14,PhaseStructuralFusion,226.75748125,226.34592822,0.41155303,False
2025-10-15,PhaseStructuralFusion,298.22786383,358.69627710,-60.46841327,True
2025-10-16,PhaseStructuralFusion,331.20913448,370.18504198,-38.97590750,True
2025-10-17,PhaseStructuralFusion,288.72499496,217.84736567,70.87762929,False
2025-10-18,PhaseStructuralFusion,179.97691851,196.57636993,-16.59945142,True
2025-10-19,PhaseStructuralFusion,311.39766573,259.65394782,51.74371791,False
2025-10-20,PhaseStructuralFusion,349.20426783,291.44872552,57.75554231,False
2025-10-21,PhaseStructuralFusion,319.93497201,308.05948002,11.87549199,False
2025-10-22,PhaseStructuralFusion,261.42896473,313.52381450,-52.09484977,True
2025-10-23,PhaseStructuralFusion,179.79394884,201.85561703,-22.06166819,True
2025-10-24,PhaseStructuralFusion,151.63890672,136.06727875,15.57162797,False
2025-10-25,PhaseStructuralFusion,235.66407520,159.72635173,75.93772348,False
2025-10-26,PhaseStructuralFusion,182.47432949,139.42700257,43.04732692,False
2025-10-27,PhaseStructuralFusion,357.98067253,354.23405464,3.74661789,False
2025-10-28,PhaseStructuralFusion,185.04798138,172.62632769,12.42165369,False
2025-10-29,PhaseStructuralFusion,292.28003653,364.86818172,-72.58814519,True
2025-10-30,PhaseStructuralFusion,219.58378607,147.96350136,71.62028472,False
2025-10-31,PhaseStructuralFusion,380.10784457,339.24639798,40.86144659,False
2025-11-01,PhaseStructuralFusion,134.13948787,155.61752430,-21.47803643,True
2025-11-02,PhaseStructuralFusion,175.46593959,179.58350861,-4.11756902,True
2025-11-03,PhaseStructuralFusion,383.41344416,270.10112896,113.31231519,False
2025-11-04,PhaseStructuralFusion,223.31966568,201.83832410,21.48134158,False
2025-11-05,PhaseStructuralFusion,172.02828000,130.57890726,41.44937274,False
2025-11-06,PhaseStructuralFusion,353.24686387,299.23706928,54.00979459,False
2025-11-07,PhaseStructuralFusion,276.74898801,283.84384972,-7.09486171,True
2025-11-08,PhaseStructuralFusion,146.26940427,97.67223763,48.59716665,False
2025-11-09,PhaseStructuralFusion,218.11412838,207.66442511,10.44970326,False
2025-11-10,PhaseStructuralFusion,211.46716064,258.95937000,-47.49220936,True
2025-11-11,PhaseStructuralFusion,134.11848780,131.96383945,2.15464834,False
2025-11-12,PhaseStructuralFusion,182.82208866,174.62280987,8.19927879,False
2025-11-13,PhaseStructuralFusion,290.38949113,258.32699325,32.06249788,False
2025-11-14,PhaseStructuralFusion,235.44987756,219.08339674,16.36648082,False
2025-11-15,PhaseStructuralFusion,171.25245886,144.84090833,26.41155053,False
2025-11-16,PhaseStructuralFusion,201.03362168,210.87803085,-9.84440917,True
2025-11-17,PhaseStructuralFusion,140.12592476,134.51895250,5.60697226,False
2025-11-18,PhaseStructuralFusion,307.34737816,239.88698925,67.46038890,False
2025-11-19,PhaseStructuralFusion,192.38391094,167.85902474,24.52488620,False
2025-11-20,PhaseStructuralFusion,164.20296287,170.22928182,-6.02631895,True
2025-11-21,PhaseStructuralFusion,116.29518460,138.14849585,-21.85331125,True
2025-11-22,PhaseStructuralFusion,162.69107630,132.22462856,30.46644774,False
2025-11-23,PhaseStructuralFusion,177.58818177,240.58165472,-62.99347294,True
2025-11-24,PhaseStructuralFusion,288.51157512,179.76997869,108.74159643,False
2025-11-25,PhaseStructuralFusion,247.03732765,150.04770408,96.98962356,False
2025-11-26,PhaseStructuralFusion,167.95420474,161.29580379,6.65840096,False
2025-11-27,PhaseStructuralFusion,147.65207124,157.91512494,-10.26305371,True
2025-11-28,PhaseStructuralFusion,183.16346193,115.98614909,67.17731284,False
2025-11-29,PhaseStructuralFusion,404.76184332,402.02866483,2.73317850,False
2025-11-30,PhaseStructuralFusion,172.14364736,270.43313711,-98.28948975,True
2025-12-01,PhaseStructuralFusion,207.53440182,202.88320411,4.65119771,False
2025-12-02,PhaseStructuralFusion,277.96741949,250.00906418,27.95835531,False
2025-12-03,PhaseStructuralFusion,224.39971485,198.10033736,26.29937749,False
2025-12-04,PhaseStructuralFusion,186.01892898,130.95368613,55.06524285,False
2025-12-05,PhaseStructuralFusion,236.64680075,147.30738234,89.33941841,False
2025-12-06,PhaseStructuralFusion,219.74081958,208.34704836,11.39377122,False
2025-12-07,PhaseStructuralFusion,173.70181793,110.97376679,62.72805114,False
2025-12-08,PhaseStructuralFusion,179.46943847,167.03061888,12.43881959,False
2025-12-09,PhaseStructuralFusion,190.68858867,158.84708953,31.84149913,False
2025-12-10,PhaseStructuralFusion,206.45619204,173.20646494,33.24972711,False
2025-12-11,PhaseStructuralFusion,147.52083990,148.82223678,-1.30139688,True
2025-12-12,PhaseStructuralFusion,286.61267733,237.69781949,48.91485785,False
2025-12-13,PhaseStructuralFusion,176.95315782,166.28881055,10.66434727,False
2025-12-14,PhaseStructuralFusion,115.54969629,108.72037709,6.82931920,False
2025-12-15,PhaseStructuralFusion,182.57422857,172.46151904,10.11270953,False
2025-12-16,PhaseStructuralFusion,156.79383686,127.65533577,29.13850109,False
2025-12-17,PhaseStructuralFusion,101.58015997,99.96078782,1.61937215,False
2025-12-18,PhaseStructuralFusion,206.96942470,224.74556641,-17.77614172,True
2025-12-19,PhaseStructuralFusion,185.79826724,159.93396816,25.86429908,False
2025-12-20,PhaseStructuralFusion,133.48163720,133.55501124,-0.07337404,True
2025-12-21,PhaseStructuralFusion,167.87923686,153.06674362,14.81249324,False
2025-12-22,PhaseStructuralFusion,148.43402556,76.00321822,72.43080734,False
2025-12-23,PhaseStructuralFusion,145.11059641,107.02327536,38.08732105,False
2025-12-24,PhaseStructuralFusion,171.54527457,150.33034409,21.21493049,False
2025-12-25,PhaseStructuralFusion,212.56194458,125.22251266,87.33943193,False
2025-12-26,PhaseStructuralFusion,181.62709483,168.56289962,13.06419521,False
2025-12-27,PhaseStructuralFusion,161.97964523,116.64693403,45.33271119,False
2025-12-28,PhaseStructuralFusion,173.97622715,152.01174568,21.96448147,False
2025-12-29,PhaseStructuralFusion,155.15393472,137.72769842,17.42623630,False
2025-12-30,PhaseStructuralFusion,224.65652008,209.15998830,15.49653178,False
2025-12-31,PhaseStructuralFusion,187.23641448,129.89588595,57.34052853,False
