model,parameter_count,normalization,validation_start,validation_end,validation_mae_kw,validation_rmse_kw,validation_bias_kw,validation_cvrmse,validation_effective_mae_kw,validation_effective_rmse_kw,validation_effective_bias_kw,validation_effective_cvrmse,oos_mae_kw,oos_rmse_kw,oos_bias_kw,oos_cvrmse,oos_effective_mae_kw,oos_effective_rmse_kw,oos_effective_bias_kw,oos_effective_cvrmse,selected_by_january
Yesterday,0,none,2025-01-18,2025-01-31,125.24395774,272.93690103,-9.10307798,0.16354496,257.64471306,391.46639118,-18.72633184,0.11402628,185.34649153,375.17487814,0.76101731,0.15771247,331.63383160,501.84959699,1.35767952,0.11790336,False
Last Week,0,none,2025-01-18,2025-01-31,143.42191622,291.26606396,-82.29059955,0.17452788,295.03485980,417.75543255,-169.28802980,0.12168375,214.68823138,419.94796823,4.71353383,0.17653376,383.91026285,561.72940615,8.20553617,0.13197138,False
7-day same-slot mean,0,none,2025-01-18,2025-01-31,101.38170508,213.55082318,-47.12561774,0.12796057,208.55579073,306.29046377,-96.94498764,0.08921625,153.39970672,303.85773926,2.76920221,0.12773285,274.38416993,406.44995698,4.86316007,0.09549039,True
Seasonal/Phase,0,none,2025-01-18,2025-01-31,116.04456320,242.95919202,-42.03746269,0.14558219,238.71821448,348.47013105,-86.47909592,0.10150233,170.57091268,341.37296065,2.53964975,0.14350314,305.09515334,456.63197724,4.43921502,0.10728004,False
SSA best config,0,local_mean_centering,2025-01-18,2025-01-31,219.38326412,334.14727566,56.61061934,0.20022248,327.10139087,425.72171299,-7.74519269,0.12400416,260.83397161,393.83284738,76.45092314,0.16555574,367.66013026,484.84625516,37.74617567,0.11390863,False
Polynomial analytical-only teacher,0,local_mean_centering,2025-01-18,2025-01-31,1890.78728218,2470.10360251,-597.23645601,1.48009670,2763.55384799,3321.48799216,-2354.66641343,0.96748259,2525.12277166,3130.81226391,-656.95835942,1.31610131,3196.50032637,3839.13957580,-2497.15198317,0.90195839,False
DLinear,290592,causal_zscore,2025-01-18,2025-01-31,151.79514429,261.48080553,-3.28400102,0.15668042,270.49457695,364.72964698,-48.52537911,0.10623840,423.39744515,692.69233841,-191.07278049,0.29118747,677.21759161,903.89187020,-422.24520498,0.21235822,False
StructuralResidualHybrid,18592,causal_residual_zscore,2025-01-18,2025-01-31,872.67210713,1397.55093722,-59.86119547,0.83741853,1209.25005737,1718.42818392,-709.10416512,0.50054354,1400.66335114,1993.19831675,-211.75455877,0.83788190,1763.09654777,2304.92287910,-1121.97978389,0.54151314,False
PhaseStructuralFusion,18592,component_specific,2025-01-18,2025-01-31,116.04456320,242.95919202,-42.03746269,0.14558219,238.71821448,348.47013105,-86.47909592,0.10150233,170.57091268,341.37296065,2.53964975,0.14350314,305.09515334,456.63197724,4.43921502,0.10728004,False
