date,seven_day_mae_kw,seven_day_rmse_kw,ssa_mae_kw,ssa_rmse_kw,rmse_difference_ssa_minus_7day_kw,ssa_wins,effective_seven_day_mae_kw,effective_seven_day_rmse_kw,effective_ssa_mae_kw,effective_ssa_rmse_kw
2025-02-01,63.8709540673,119.7640933407,224.7416746950,308.4573855938,188.6932922531,False,129.5410899393,170.5605951443,309.8985392779,365.7955136308
2025-02-02,90.8993412697,177.5046089134,220.4487154343,307.5730817405,130.0684728271,False,184.3592273638,252.7910569239,296.6541013787,358.7476542229
2025-02-03,76.2195826388,146.5204409089,172.2901923697,249.8490879944,103.3286470855,False,159.0669111800,211.6678592797,222.7339936119,277.1085993550
2025-02-04,100.4061418651,197.0218709565,185.5569310224,270.5343042904,73.5124333338,False,203.6405881287,280.5863312570,254.9649281800,324.5458217960
2025-02-05,85.9580661704,176.2493146838,217.0819433377,310.4341272254,134.1848125416,False,174.3374545266,251.0033447231,277.2831449895,351.8279520980
2025-02-06,63.8639830358,115.2085731293,200.7638209035,292.3930619006,177.1844887713,False,133.1851103522,166.4329559267,263.1120694267,339.3796465235
2025-02-07,157.9670032737,312.4503888463,303.5872308877,448.5143589258,136.0639700794,False,320.3098195170,444.9722795021,466.3330376150,589.4940205743
2025-02-08,116.7470762897,231.3141700496,223.4792940347,324.1380041222,92.8238340726,False,236.7305207245,329.4231695504,305.5102022335,384.5685993981
2025-02-09,108.6302950394,200.6802996148,199.3213966612,289.3578621865,88.6775625717,False,220.2856591546,285.7963728039,284.0769462499,355.0967270307
2025-02-10,199.7376416664,367.8638257568,373.2113857891,532.9193981004,165.0555723436,False,405.0824760558,523.8888384978,614.4227497826,721.9364034419
2025-02-11,132.5186129959,230.9619683977,163.0019349097,235.0030999347,4.0411315370,False,265.0295472219,326.6295452843,235.0343836040,287.1735697304
2025-02-12,113.9240708335,220.4266405522,176.1405482173,249.6307541892,29.2041136370,False,224.7242328771,309.5878422210,237.7998583464,290.3972502072
2025-02-13,226.6863667656,399.0238674399,264.2722421949,410.8937236818,11.8698562419,False,447.1621481404,560.4265344456,479.9421742140,565.1771422038
2025-02-14,108.7420321428,208.2104021513,168.9897009917,315.4010601665,107.1906580152,False,214.5048305284,292.4302119115,312.9034492326,434.0775048911
2025-02-15,83.0294008928,158.5298049663,208.5529060364,291.3302653730,132.8004604067,False,163.7840236789,222.6541228564,299.5415214761,357.1261541473
2025-02-16,101.8202692458,205.9585269849,202.7542226811,291.9527318920,85.9942049071,False,200.8509420740,289.2674672776,284.1018848821,355.2838355516
2025-02-17,131.5957282737,225.2111999593,309.2803530901,440.9967857572,215.7855857979,False,259.5860941289,316.3077264559,485.4274629208,579.6529992426
2025-02-18,94.2878624999,190.1548997638,147.8143152278,228.3616563121,38.2067565483,False,185.9924958903,267.0713713598,213.6369919039,281.2640631942
2025-02-19,109.4539495042,215.9062322078,147.7008308553,234.5798692101,18.6736370023,False,210.1515830480,299.1684510837,214.2302348171,294.7511109973
2025-02-20,109.6564920637,201.2930487914,210.5541756948,311.9522071473,110.6591583558,False,210.5404647623,278.9198301737,303.9416267302,389.6543352289
2025-02-21,92.4515749997,164.9261354944,154.7784642965,237.6383060598,72.7121705654,False,177.5070239995,228.5283569378,237.2853209527,302.4247128571
2025-02-22,72.6495616074,131.8432327007,155.9787675387,230.0219745664,98.1787418657,False,143.3086692763,185.1729984637,211.8998317955,269.9520692761
2025-02-23,104.6438778769,196.9280524450,231.1939507561,318.6908827546,121.7628303095,False,203.6309301157,274.7090531730,343.8378721421,401.8419428776
2025-02-24,132.9112668651,242.7006848058,285.2409691741,401.6123839066,158.9116991008,False,255.0624660955,336.2951525077,453.9263302207,529.6806517927
2025-02-25,228.9709839283,403.1922699071,261.9924397684,372.4231758467,-30.7690940604,True,439.5214731423,558.6792899091,430.6073650246,496.8832772411
2025-02-26,113.0313652781,211.4835100308,142.2718510471,212.1139027222,0.6303926914,False,216.9452607623,293.0398356654,224.6320176387,275.5532948793
2025-02-27,144.9681603177,291.7188464804,262.1273589700,363.8794758380,72.1606293576,False,278.2919215243,404.2174015506,419.4471816879,479.0707698295
2025-02-28,98.2713398810,201.5879234914,194.5320800944,287.5972185628,86.0092950714,False,188.6551986665,279.3283811064,283.5036505847,359.1479544073
2025-03-01,167.3099306548,352.2487202170,241.8634729704,367.4587264476,15.2100062306,False,321.2243539049,488.0901402874,391.5010459330,488.8842414109
2025-03-02,286.2045459322,570.6366407247,350.2359512645,500.8833992033,-69.7532415215,True,549.5105584755,790.6973233786,514.7955234440,643.8543471844
2025-03-03,231.9042055555,413.6874079210,305.7964148845,400.9702434987,-12.7171644223,True,433.6909818181,565.7286657692,382.9352241612,465.7759077838
2025-03-04,108.9646298612,223.5180387683,276.8686473851,363.5730785458,140.0550397775,False,203.7780090910,305.6669345659,308.7214821861,379.7956392767
2025-03-05,137.1808881943,231.7464209549,267.7910321624,361.2465236268,129.5001026718,False,256.5460766231,316.9194686938,357.2292514594,432.3022187302
2025-03-06,108.2297919642,189.7011017152,136.8081012530,210.3891211327,20.6880194174,False,202.4037667903,259.4213628780,176.3820585082,242.1088573851
2025-03-07,106.3935140871,225.0714900818,169.1809962821,246.4598804990,21.3883904172,False,198.9696886823,307.7913210522,223.1307632532,289.5333233748
2025-03-08,176.0038541667,288.9590103535,217.6300406191,303.4779639454,14.5189535919,False,329.1500649352,395.1592247171,305.9685720005,372.6018364209
2025-03-09,193.1283799606,383.7667312346,187.5716178502,304.2077468960,-79.5589843386,True,365.9274411661,528.2527576877,278.3234429085,390.8372641800
2025-03-10,137.0007884920,278.4934063030,213.0090448808,372.4154804336,93.9220741305,False,256.2092337662,380.8472294699,332.6327088935,492.1762533235
2025-03-11,133.1606266866,258.9191940864,323.0278906960,464.9332479224,206.0140538360,False,262.5724968692,363.6499545784,515.9244396237,620.9105129881
2025-03-12,150.9176054565,270.9465460827,232.8365827944,324.8704625361,53.9239164534,False,282.1539243047,370.5263949400,357.4020879219,419.0755441051
2025-03-13,210.9277851188,391.7017404690,280.9670700061,476.2120133077,84.5102728386,False,394.3969647491,535.6625403506,483.1071591636,644.6547079249
2025-03-14,166.8324159724,312.4784782148,369.0595581751,564.8088432236,252.3303650088,False,311.9512003713,427.3226430922,604.5924672268,753.4620898929
2025-03-15,165.7044224208,324.0302752719,270.2024003986,457.3737808762,133.3435056043,False,309.8581439705,443.1200877434,459.8775111205,618.2165682958
2025-03-16,141.1367467263,284.1005942509,280.0480095740,458.2926438022,174.1920495513,False,260.5441677658,386.0166824957,446.4443352214,603.7151296870
2025-03-17,276.8264791667,472.4845111592,322.1511734959,489.3066845024,16.8221733432,False,504.5903661846,637.9039275962,516.1624963072,646.3363092434
2025-03-18,147.1947664679,249.9649404692,152.4642072334,236.8884159862,-13.0765244831,True,268.3043844478,337.4790362132,260.0503330948,314.0819188842
2025-03-19,174.7823196426,303.8743644668,178.2897070341,261.0240262672,-42.8503381996,True,318.5905573233,410.2624450359,265.5168312718,329.7173896067
2025-03-20,82.0160154758,145.2404984379,169.3807031856,252.6287955675,107.3882971296,False,149.4975471965,196.0899930203,257.1363674492,322.2255421602
2025-03-21,201.6889751981,348.9698072717,314.9089094377,446.8924815144,97.9226742427,False,367.6356003611,471.1460495398,498.3950037316,584.7251888411
2025-03-22,106.2627583337,188.7077612266,142.6503141117,248.8861731014,60.1784118748,False,193.6941417728,254.7753827602,227.0841404544,324.9448749046
2025-03-23,174.8333046626,320.9283171366,256.1263666102,404.9880390737,84.0597219371,False,310.8147638447,427.9044228487,387.6504056358,523.3721103830
2025-03-24,120.8070559524,222.1410534895,213.6558897416,325.2772207540,103.1361672645,False,214.7680994709,296.1880713194,350.2503870646,424.8508075997
2025-03-25,124.0993970239,241.7969210851,190.9840975185,307.6706615932,65.8737405081,False,223.3788901787,324.4046113778,289.9825291892,397.1478568994
2025-03-26,190.7243241072,368.0638416242,314.8547191786,485.3685903245,117.3047487003,False,339.0654185186,490.7517888322,514.4385843497,640.2430338868
2025-03-27,107.9742755951,191.7982113976,133.6990756456,223.2228585414,31.4246471437,False,191.8321590827,255.7299240538,205.9457816738,288.2117473118
2025-03-28,111.5524262897,190.5642813051,189.4988330086,270.3197919246,79.7555106195,False,198.2139061727,254.0849955386,283.2475979918,343.7749667256
2025-03-29,234.1272896827,390.4003071150,247.2010452521,359.2738566689,-31.1264504461,True,416.1478858910,520.5335348555,398.4822703466,470.6646430706
2025-03-30,139.8830909719,240.3251349598,116.5621903797,186.3466699172,-53.9784650426,True,248.6304440912,320.4333718090,186.2901337790,242.9792812561
2025-03-31,185.1163142857,328.5364152002,228.3560786162,352.1258778316,23.5894626314,False,329.0662377423,438.0485188237,364.4316132367,461.0221204103
2025-04-01,229.4692973210,471.8279390780,293.7692974021,446.8714230079,-24.9565160701,True,407.9331125215,629.1039144996,452.6158751216,580.5424261869
2025-04-02,274.2682313493,473.4600626990,332.0794993615,455.5391175795,-17.9209451195,True,481.6389010455,627.4190068786,496.7961605770,578.9170909323
2025-04-03,139.8131075395,265.6668553883,363.2823084693,520.6331309056,254.9662755173,False,242.5673191047,349.9287094258,531.0730420328,659.7942253746
2025-04-04,193.8963482145,369.8679306204,239.8613944385,377.3928752251,7.5249446047,False,336.3984836493,487.1793563816,347.5751805967,478.5405370550
2025-04-05,134.1432326391,243.6454343543,225.5865777775,360.2708213869,116.6253870326,False,232.7304277112,320.9227296212,374.3687258769,471.2150722072
2025-04-06,105.0138518847,195.9968040346,185.0143172841,266.0870304547,70.0902264200,False,182.1927068842,258.1613298625,252.6190585274,323.4170629072
2025-04-07,192.0759185515,392.9641092635,233.9937961995,383.8436797262,-9.1204295373,True,333.2401478483,517.6009758698,354.8590661646,493.6316642593
2025-04-08,141.3598273809,292.5175290663,240.1254097412,341.4587638837,48.9412348174,False,245.2507848536,385.2956413438,366.4736185541,437.0169396962
2025-04-09,202.6467761904,366.5143173195,269.2309327206,448.9187798410,82.4044625215,False,360.2609051146,488.6857564259,421.5077929908,587.3735829814
2025-04-10,144.1426873012,275.7132529909,324.5528678607,454.2119849348,178.4987319440,False,250.0788514624,363.1615342067,458.7009659708,570.9885134147
2025-04-11,185.9899330358,347.9299401785,262.1059474609,403.2931994923,55.3632593138,False,322.6813055080,458.2832689433,408.0190345967,521.9781765117
2025-04-12,160.1947589285,265.7357616293,253.7532195862,402.0986461778,136.3628845485,False,277.8585604130,350.0192211146,426.1846474172,526.9826134399
2025-04-13,105.9736744044,211.6729857700,213.4424856345,337.6085961676,125.9356103977,False,183.8023134246,278.8093439676,322.1982549647,430.2745244829
2025-04-14,130.2929688492,223.6483858274,220.4683342071,315.2571971011,91.6088112737,False,226.0107397588,294.5830984001,333.0638854372,401.6393866621
2025-04-15,231.3624393851,413.7721937480,270.0615396174,445.8628647272,32.0906709793,False,401.3759306371,545.0087648679,440.9111040266,581.5743104607
2025-04-16,127.4566596229,243.1696376391,257.0621211861,439.8673455781,196.6977079389,False,218.4842931970,318.3837823219,411.6339366184,572.1757002225
2025-04-17,105.8863493052,188.7008483222,240.6973100502,344.2121862407,155.5113379185,False,179.3789910918,245.6097666556,342.1559164227,423.2968580381
2025-04-18,103.2369886904,194.8223435757,201.5515525924,299.1556201525,104.3332765767,False,174.8937737814,253.5774008671,287.6206064667,371.6252953975
2025-04-19,137.0999814486,235.3675725637,144.6001877826,221.3792869826,-13.9882855811,True,232.2634979835,306.3503716315,208.7281612333,270.0567198927
2025-04-20,140.8225525793,240.4106132087,195.4327644418,283.9048011003,43.4941878917,False,238.5699714285,312.9143063269,286.2741852345,353.2834173020
2025-04-21,211.5764993054,370.7942866535,289.8095675148,422.4913896498,51.6971029963,False,358.4354811762,482.6194461617,435.3931507127,537.7635925506
2025-04-22,133.9539369047,226.7911137753,207.9269518362,344.1582809455,117.3671671702,False,226.9337284033,295.1874008429,336.1202404345,441.6570423837
2025-04-23,158.1323671625,267.0686512052,237.6159826708,341.7292637359,74.6606125308,False,261.7363318552,343.5931783431,354.7021657623,431.1297208328
2025-04-24,192.1136069444,354.1167690206,316.1680890893,495.7936776998,141.6769086792,False,317.9811425287,455.5836322359,490.6399360082,631.4962801718
2025-04-25,146.8748174600,270.5397445325,196.8594016444,318.3435071088,47.8037625764,False,243.1031461407,348.0588615421,313.4029137629,404.8137974932
2025-04-26,276.2920722222,508.4582981066,335.1902736800,531.0035024697,22.5452043632,False,468.0712304201,661.8005483397,554.0118118597,687.9585606349
2025-04-27,125.8500310512,249.4822568991,148.2892257396,233.7018382838,-15.7804186153,True,210.7252888698,322.8283635053,240.1105398529,301.4616337768
2025-04-28,354.5311978175,621.9528579617,389.3162041342,671.0919039953,49.1390460336,False,593.5278257476,804.8025580329,619.5684602195,865.3528629177
2025-04-29,186.1704990078,307.9348896842,506.6496918175,657.2812822180,349.3463925338,False,308.0611893266,396.1686971876,694.8322498294,817.2393881377
2025-04-30,210.0589629959,344.5221393146,342.0752356265,513.0945594548,168.5724201402,False,347.6218574710,443.2396415364,548.0379468230,657.9536553820
2025-05-01,133.6833977178,231.8583808395,214.2805570424,321.0893804980,89.2309996585,False,221.2280280783,298.2938252785,331.0839111835,402.4810319283
2025-05-02,339.1230472224,552.7091891797,377.7553871292,640.0936729876,87.3844838079,False,561.2828758622,711.0797242240,587.4990186104,819.5337965560
2025-05-03,118.9119125993,212.3266778396,313.2394045713,379.0888298642,166.7621520246,False,196.8096169131,273.1657042893,337.4683991455,411.7341706539
2025-05-04,206.2827306549,319.9972850685,349.3552689989,463.8258528650,143.8285677965,False,341.4319341546,411.6877203577,504.5476848132,580.7159238625
2025-05-05,206.9767482141,327.8266992722,262.5923102732,374.6245371360,46.7978378639,False,342.5822039406,421.7605362530,398.4938965872,467.6575116923
2025-05-06,207.5859175595,366.3095535830,212.3217279246,280.5567907261,-85.7527628569,True,343.5904842364,471.2700768327,267.8746301495,327.9382310995
2025-05-07,101.0662058531,191.3082405100,213.8289073391,288.0814985930,96.7732580831,False,167.2819958947,246.1247552022,305.9015352531,357.1464297804
2025-05-08,185.2070183531,311.3731965747,271.8909553308,393.2578482983,81.8846517237,False,303.0660300324,398.3099313820,372.3261801423,484.4452044180
2025-05-09,119.8389992064,225.2241443802,266.0023827830,343.6776710302,118.4535266501,False,193.8968077047,286.4845386831,335.4525622474,401.9894829654
2025-05-10,205.1061046627,361.5443013244,226.1363047657,345.8643672817,-15.6799340427,True,331.8570682183,459.8834315187,296.8348395229,419.5337240004
2025-05-11,165.7710645834,268.2696986039,252.6960830392,316.3645078457,48.0948092418,False,268.2138573035,341.2383741481,294.1970344712,355.7699651416
2025-05-12,290.7286293649,495.5448379071,381.2944677555,548.6197337734,53.0748958663,False,470.3923890848,630.3317731555,570.1131517142,685.8895055690
2025-05-13,93.0266162698,157.2120288389,217.6718391139,332.8571297146,175.6451008756,False,150.5149746388,199.9733007369,317.4808166338,405.3719685861
2025-05-14,128.9563921626,239.1902050163,245.1696742626,363.7150706866,124.5248656703,False,213.4450395730,307.7265804101,370.1646717758,453.5494856236
2025-05-15,144.4805064482,263.7202376481,176.6436267285,285.4336000236,21.7133623755,False,233.7661898873,335.4514713861,264.7268443479,355.4963459969
2025-05-16,243.9373306547,406.1676332324,295.2304545705,418.4639601452,12.2963269128,False,394.6850982343,516.6441961842,450.0284480949,528.6206082509
2025-05-17,190.2206196427,351.8392572627,328.2259819958,552.0500250267,200.2107677640,False,307.7726704652,447.5386401618,526.1742480471,701.5236002575
2025-05-18,161.8474966268,303.3251984244,355.4037724878,486.4829118626,183.1577134382,False,264.8114194803,388.0148095437,510.9132315281,606.1466341654
2025-05-19,241.5259513888,477.6798373136,380.6715805283,556.0939766537,78.4141393401,False,390.7404632421,607.6074788500,579.2033976335,698.3815647464
2025-05-20,162.4127375992,313.9719496070,332.4370921753,578.3969749831,264.4250253761,False,262.7487943820,399.3714736510,531.0101851275,734.9076122803
2025-05-21,221.6860895835,385.0836882637,298.4204263266,418.9828413995,33.8991531358,False,358.6625895670,489.8254552410,409.3753933163,514.5728363815
2025-05-22,95.6256333334,178.9850894555,185.1405369315,270.9696553577,91.9845659021,False,154.7074728734,227.6685648899,281.2258130296,336.0485562074
2025-05-23,110.1366942462,195.5095829054,179.8374625285,274.9227923985,79.4132094931,False,178.1919093100,248.6876884925,272.3774423283,341.6979458087
2025-05-24,201.4387568453,344.2348523178,238.8423892522,364.6964420177,20.4615896999,False,325.9209011237,437.8658561393,361.6397860529,456.9653536592
2025-05-25,141.3495118054,255.1571262743,177.9389227583,288.6958174932,33.5386912189,False,228.6999308184,324.5592154838,275.5197382989,362.6957624126
2025-05-26,236.9093706347,446.3674025543,293.6560421023,548.0048954779,101.6374929236,False,383.3140378808,567.7782004938,462.1676622803,694.5106307198
2025-05-27,141.2975604165,249.9890466100,323.5051718453,436.2034623305,186.2144157205,False,228.6162775278,317.9854313177,436.0472875515,528.3467608166
2025-05-28,244.1155978173,412.3741115009,306.8305251304,487.7332828036,75.3591713027,False,394.9735515246,524.5388207526,474.5833621666,614.5691781361
2025-05-29,173.8829081347,320.9614485474,221.0125230959,323.8808495794,2.9194010320,False,275.1553711143,403.7508236214,303.3172692001,387.2315777815
2025-05-30,187.9815044642,338.3558445748,322.4932151794,418.8404484358,80.4846038610,False,297.4652378335,425.6319615408,422.8742204961,503.6987018692
2025-05-31,166.2370356150,308.2169960514,233.8449946618,327.4354062644,19.2184102131,False,263.0564080062,387.7190440567,319.3140845639,399.2164455415
2025-06-01,460.0277560516,828.6573385543,503.3450229668,849.0850732503,20.4277346959,False,727.9560095762,1042.4027074138,734.8880729504,1060.7131232178
2025-06-02,353.1679581346,573.1691310039,559.2658949860,638.4152685871,65.2461375832,False,571.4178043334,729.0696764991,614.7671862073,705.9497867233
2025-06-03,225.3845550598,379.2878030777,263.6147819633,364.1450949909,-15.1427080868,True,360.6152803179,479.7653385787,349.6192722828,441.5368141754
2025-06-04,201.5239124999,435.0104668050,251.8246673056,389.6445203487,-45.3659464563,True,318.8949824175,547.2178514004,353.1180056792,478.7827513443
2025-06-05,224.3637267856,384.1703332781,186.3923634563,249.8523858620,-134.3179474161,True,355.0371061222,483.2639221126,243.2341120624,288.2919088801
2025-06-06,379.2590815476,615.5929034661,305.1200989563,440.8714437210,-174.7214597452,True,600.1462389324,774.3800475566,428.5099788883,543.7243215684
2025-06-07,280.0228049602,492.7889018999,252.3388538206,345.5032827976,-147.2856191023,True,443.1130100469,619.8997602798,347.0228738121,422.4066488143
2025-06-08,288.3201671628,515.4136409772,578.6136307686,874.0831833937,358.6695424165,False,456.2429018840,648.3603653713,860.2292355657,1091.0048195697
2025-06-09,147.3552263888,253.0876238213,267.6955604279,394.8435470356,141.7559232142,False,233.1775010987,318.3695020967,390.4374128538,486.8253881996
2025-06-10,149.3618804565,250.8833146488,194.1982138079,291.3519784661,40.4686638173,False,236.3528657774,315.5966094394,254.1110784044,350.6981861326
2025-06-11,205.5016260912,396.9750226966,246.3557776322,370.5971629547,-26.3778597419,True,325.1893863422,499.3714762202,336.6988238070,452.1519998511
2025-06-12,101.2185152778,179.7235446153,240.4233260222,337.9480440610,158.2244994457,False,156.7254430108,223.6375610062,318.2448192771,408.4533118058
2025-06-13,194.7594306550,341.6658401764,253.3376679839,346.0938379032,4.4279977268,False,301.5629894013,425.1491664029,339.1470476894,418.6105544414
2025-06-14,144.7345080358,288.4166237688,299.8598221871,438.4873843400,150.0707605711,False,224.1050447005,358.8889281666,393.7335328759,532.5448733740
2025-06-15,154.9896663691,251.0840178469,193.3120149971,307.1835759956,56.0995581487,False,239.9839995392,312.4343973913,278.4301245750,374.6977611145
2025-06-16,112.8194791668,212.1001506220,198.2087926576,294.2003169502,82.1001663282,False,174.6882258067,263.9251327680,278.4908651367,352.4422527449
2025-06-17,183.6931644842,384.5997523931,270.4356881932,456.3208962645,71.7211438713,False,284.4281256529,478.5736380444,387.2024619395,563.4394674610
2025-06-18,123.3588311511,220.6193507807,283.3464443514,395.3130998273,174.6937490466,False,191.0072224275,274.5259316189,382.2008371677,477.8817883382
2025-06-19,217.9586337301,427.6601133547,266.8430146859,410.2331996222,-17.4269137325,True,337.4843360983,532.1554551741,393.0302802315,504.6488808320
2025-06-20,156.1202538689,255.0292231057,165.3871336871,288.4593302255,33.4301071198,False,241.7345866357,317.3435821263,252.2559776306,358.0912373401
2025-06-21,286.2827227185,550.7124180102,266.6908099482,427.5563712737,-123.1560467365,True,443.2764738868,685.2746101978,404.1872995871,530.2804852880
2025-06-22,185.7651188492,299.2430020256,326.6480841677,531.4925623449,232.2495603193,False,287.6363130569,372.3606457040,502.2890895604,660.9981719439
2025-06-23,141.3282684524,246.8492539691,205.4737918316,296.7618720727,49.9126181036,False,218.8308672811,307.1649026955,296.6583975662,360.6605946949
2025-06-24,308.4101696430,543.1753576079,379.1301114810,635.3947549498,92.2193973419,False,477.5383271891,675.8959291287,577.3253101858,789.3329232453
2025-06-25,180.3751524802,355.4104641124,292.5548752928,398.1414472022,42.7309830898,False,279.2905586790,442.2521797035,405.5540538053,483.8796656238
2025-06-26,178.8358486117,310.8652948060,262.9044789783,397.1304972968,86.2652024908,False,276.9071204311,386.8227531383,378.4218259875,484.3657198051
2025-06-27,135.2840384922,271.5017292675,176.1115867344,280.5796113609,9.0778820934,False,209.4720596009,337.8410139434,260.6584316718,344.9250224037
2025-06-28,180.3540760912,344.4987646469,165.3503033600,269.3240683551,-75.1746962918,True,279.2579242702,428.6742933998,245.8390370034,333.4755254155
2025-06-29,164.4513732145,307.4851985352,222.9100873206,399.6070259152,92.1218273800,False,254.6343843322,382.6167572707,321.1867828367,494.2805311687
2025-06-30,154.3115106147,272.5672756790,195.2556493997,289.8859752054,17.3186995264,False,238.9339519195,339.1669181320,286.0881648236,354.8695383682
2025-07-01,245.1369900792,407.8893504760,302.7134195358,426.5179044671,18.6285539910,False,379.5669523808,507.5538638863,443.2911830951,526.9894389229
2025-07-02,408.2723772820,641.7269407735,327.6110109632,487.6280570475,-154.0988837260,True,645.9758536897,807.2549582163,499.0698951999,608.3977228969
2025-07-03,122.5063749010,208.7344733439,320.1161431709,490.9320180707,282.1975447268,False,193.7961945057,262.5755075584,476.5274748089,609.0928381526
2025-07-04,261.8044692463,511.7862591970,283.1487961674,473.7502495288,-38.0360096682,True,414.2427864997,643.7972701508,421.6513604718,588.6660533220
2025-07-05,238.7230922618,441.3944119744,131.9400125284,198.2902833810,-243.1041285935,True,377.7334215069,555.2484547679,183.4207300879,239.6268353622
2025-07-06,197.6858520833,325.0654282997,297.8890708685,492.0421497356,166.9767214359,False,312.8083813186,408.9133816396,445.9270922001,615.8433206512
2025-07-07,203.6839614088,332.8585015492,324.4294934731,479.3003688793,146.4418673300,False,322.3086665621,418.7166228768,481.2922919869,597.9584569054
2025-07-08,192.2510446426,339.4165078269,213.1029565489,309.5908105106,-29.8256973162,True,304.2211978018,426.9662141827,316.0764584016,380.0563846543
2025-07-09,143.5382473217,259.7374817399,222.8439098944,324.4637837654,64.7263020255,False,227.1374463112,326.7346363635,323.6509448118,403.0576182735
2025-07-10,124.9584988094,248.0525302701,128.0912142378,210.4935459424,-37.5589843277,True,197.7365255886,312.0356474312,185.5714131196,256.2219855073
2025-07-11,266.9010788690,470.6073359593,316.6589902796,552.9516504052,82.3443144460,False,422.3489599685,591.9966412035,478.9468441828,692.8418840265
2025-07-12,114.1398136905,218.0851807347,211.4650820804,315.2640537239,97.1788729892,False,180.6168480377,274.3384656935,304.9522583155,381.8476842553
2025-07-13,241.5905139880,452.1051792558,314.0958061151,482.1726642022,30.0674849464,False,382.2970770799,568.7220048208,467.2610688796,602.0408884479
2025-07-14,142.8624819445,259.8713818597,211.7327027976,325.0344950860,65.1631132263,False,226.0681032968,326.9030749217,329.2862329521,408.0732260791
2025-07-15,238.6825325396,441.0501560933,277.3707422663,485.5674576500,44.5173015568,False,381.8920384126,557.8892222510,427.6972951342,610.2518570723
2025-07-16,146.5548768849,258.6199815458,226.5636354882,324.5294171456,65.9094355997,False,237.1224719101,328.9639585990,338.5392445354,400.4347720032
2025-07-17,125.8836110122,232.3886401684,136.3858370134,200.8434793563,-31.5451608120,True,203.6768329057,295.5977590992,202.1441388980,247.6715127094
2025-07-18,208.2322737106,378.8329024561,259.6455747875,443.2293649222,64.3964624661,False,336.9151224722,481.8744881762,390.2008265208,559.2538054524
2025-07-19,123.4600457341,213.4797659068,313.2637792398,404.0401927926,190.5604268858,False,199.7555664526,271.5457191426,413.3814135079,486.5779703021
2025-07-20,113.3139339283,202.6300371070,177.3637272068,283.1988721794,80.5688350724,False,183.3393894057,257.7448917108,266.6457255080,352.6629865035
2025-07-21,156.5124146822,258.3627112072,218.6678576038,329.4589415877,71.0962303804,False,253.2335645260,328.6367113828,318.4071355835,408.9110606378
2025-07-22,178.8358463296,348.7227858794,266.9356639359,367.1023710345,18.3795851551,False,289.3523788126,443.5744964905,366.0003326083,450.5302630855
2025-07-23,158.1924583332,267.3721408357,195.8686370909,280.7727911199,13.4006502842,False,255.9518426964,340.0966829503,272.4571843268,342.0100187453
2025-07-24,201.9041885911,344.7415913774,247.1354022656,371.7227482929,26.9811569155,False,326.6764399676,438.5104272121,345.2506664915,460.9170482534
2025-07-25,107.8571866069,181.7256587836,276.7227620258,390.1818115486,208.4561527650,False,174.5105041730,231.1545756641,394.1119428166,485.3131794800
2025-07-26,142.7595219247,260.1059287783,227.6303477060,344.6042188315,84.4982900532,False,233.5938003248,332.7286037747,341.3120001678,431.8343668135
2025-07-27,145.1581993055,269.5356729950,203.3535926559,271.0399707508,1.5042977559,False,237.5124894480,344.7911711785,271.3057408744,324.8812559127
2025-07-28,212.0519517857,400.0569968302,301.9178246324,456.4958504259,56.4388535957,False,343.0813642054,508.8714748730,417.5396963817,565.8395582603
2025-07-29,169.9716693452,344.2597842272,301.3203994181,383.0949845380,38.8352003108,False,280.7979072249,442.8887634249,352.6741830170,443.0987302342
2025-07-30,168.8596206352,307.4156430964,287.7476088400,412.4257513663,105.0101082699,False,279.1117083747,395.4932823545,373.9021268116,494.0701396839
2025-07-31,112.8749473214,202.7082283412,201.7442283167,282.3320818837,79.6238535425,False,182.3692327447,257.8386437054,270.0377897066,341.3678198935
2025-08-01,333.0072823413,534.6488678277,414.1460373407,570.8566252024,36.2077573747,False,538.6264223115,680.0710489350,602.4173287549,714.6163314443
2025-08-02,270.1971706349,488.1710357972,170.2457360474,258.1813792395,-229.9896565577,True,437.0804784912,620.9520098521,265.1588656563,324.5292265759
2025-08-03,421.4770363094,684.6778685569,345.1247206696,525.2889225903,-159.3889459666,True,681.8936799356,870.9084511040,549.7670110611,667.1738369438
2025-08-04,268.5468788690,448.0913147768,210.5710594786,300.6990839908,-147.3922307860,True,434.4932547351,569.9710079072,298.6577641374,366.6198985609
2025-08-05,157.6549968257,258.8493671062,212.2049996850,343.9802167494,85.1308496432,False,257.9808931823,331.1212229714,312.9755483845,431.4828103374
2025-08-06,193.9167019844,340.6219322475,289.1245712109,430.0695562876,89.4476240400,False,317.3182288965,435.7250397696,443.3886923369,542.7710338036
2025-08-07,146.9247150793,288.3960697305,280.9268566442,442.9631490140,154.5670792835,False,243.1857103447,371.0316496272,417.0831670663,561.0836225701
2025-08-08,197.2882949403,343.0328791814,179.4111348685,288.2657697083,-54.7671094731,True,326.5461220030,441.3238195583,268.2248036428,363.1446417666
2025-08-09,150.7216319447,271.4253309625,292.7906760806,499.3589647438,227.9336337812,False,249.4702707722,349.1981995169,448.4120517662,637.2230371675
2025-08-10,164.6169929560,320.0163869702,218.1645991287,334.0541235024,14.0377365322,False,272.4694937598,411.7122957891,332.8752246150,421.0561703029
2025-08-11,131.9846214287,245.2990717415,203.0217248857,315.7856336721,70.4865619306,False,218.4572972087,315.5858515177,310.5145215628,398.1339434190
2025-08-12,197.5898875992,327.2567349151,279.8540778368,409.9123394114,82.6556044963,False,327.0453277505,421.0272571350,435.8668234708,522.6333785582
2025-08-13,141.4114301589,266.0979778184,254.5678762759,371.3116097463,105.2136319279,False,234.0602963878,342.3443730169,364.5238092342,461.7649290870
2025-08-14,144.5169832342,242.3944098783,225.8043120350,328.1691327218,85.7747228435,False,239.2005239738,311.8489022461,329.0293211549,406.2349003731
2025-08-15,133.0141614085,240.6933047815,235.9079646148,325.3621619278,84.6688571463,False,222.7076563121,311.4554962270,316.7692987007,395.4541083627
2025-08-16,150.7206722222,301.1740608265,236.1008572499,369.0009089786,67.8268481521,False,254.9486996636,391.9955529622,348.5732176715,468.1515956430
2025-08-17,139.9349339289,257.6269394910,274.5543970636,398.6300728702,141.0031333792,False,236.7728744544,335.3178538767,422.4241996369,508.9996592328
2025-08-18,132.5581404760,249.9956892247,194.0479805991,270.6245493886,20.6288601639,False,219.2094745482,321.6258304270,269.6319396227,330.5929771517
2025-08-19,126.3125110118,213.5255945548,215.1296070298,305.3680640398,91.8424694849,False,208.9521518883,274.7071712672,290.2988103505,370.7673446302
2025-08-20,317.7454430555,545.8174794751,418.9898229853,591.4630019916,45.6455225164,False,537.0202114284,710.3825551267,634.0852741305,753.1532119168
2025-08-21,163.4802014882,296.1873400392,417.6441596140,517.8033085007,221.6159684615,False,276.0478648742,385.4697570994,491.3818217230,596.9629194947
2025-08-22,159.0455206349,271.7840398454,235.3326058559,324.9618811751,53.1778413297,False,268.7939793278,353.7246971614,280.6135105643,364.6508375893
2025-08-23,160.6505924603,311.6575775832,298.2953940135,428.0924101281,116.4348325449,False,271.7532936134,405.6394179194,409.3796458900,527.3759819601
2025-08-24,203.7296873016,377.9308758294,339.3655412362,476.7707960893,98.8399202599,False,344.9191383194,491.9061604723,464.1599164918,584.8007803040
2025-08-25,250.6124391864,421.9453378293,360.2336002299,587.3347451589,165.3894073296,False,424.4606322687,549.1963333369,534.8028454018,750.1712569365
2025-08-26,143.2337523808,275.9776697613,340.6103521216,433.6701375222,157.6924677610,False,242.6216763022,359.2077082386,383.9495232701,484.8300317839
2025-08-27,159.4088873018,262.3755527982,223.5409390617,309.3361767998,46.9606240016,False,276.5647734943,345.5935007072,293.7064568411,369.2939760566
2025-08-28,249.9020756944,494.2012437242,356.1630220638,548.8550705470,54.6538268229,False,433.5650122202,650.9476056404,487.5183664495,688.1301254117
2025-08-29,133.6148996032,228.1485382596,330.2484026289,411.3317269930,183.1831887334,False,231.8137741824,300.5106656375,411.2243429875,477.0266461864
2025-08-30,210.5143919639,417.0643147009,353.1823106560,505.2236427299,88.1593280290,False,365.2297681576,549.3450704550,473.5522891179,623.1170296731
2025-08-31,127.3037223215,217.4083050828,260.1928910994,383.3668096194,165.9585045367,False,220.8642755596,286.3639406762,392.6985219571,490.3817657180
2025-09-01,166.2879097221,282.6558446596,300.9824203083,407.8011979831,125.1453533235,False,291.9690271774,374.5692825722,452.5619591585,520.1166300960
2025-09-02,137.3746950395,225.3496876055,215.0766694866,316.5339310119,91.1842434064,False,238.3006709120,296.8240212308,315.8515538516,395.6433591098
2025-09-03,170.0872125000,278.4347179702,288.2580190404,406.1570894766,127.7223715063,False,297.6467571428,368.9180238675,426.7469665704,514.8744860788
2025-09-04,187.2621110118,350.0595557173,243.5515621753,349.1740480256,-0.8855076917,True,324.1254595524,461.0632277102,315.2387658546,415.8976793407
2025-09-05,110.7180354164,230.2209847634,284.8921536746,410.1350701635,179.9140854000,False,191.5676640271,303.2224585716,392.0674161451,505.4963761222
2025-09-06,240.3230366072,413.4361991147,284.4038646479,396.8385635924,-16.5976355223,True,416.6074046472,544.5619628072,431.7040511903,504.1996966404
2025-09-07,114.9855286705,235.2509229414,267.4628901973,406.9855290748,171.7346061334,False,199.3106160067,309.8635166000,386.2801615595,513.2197972659
2025-09-08,232.4003323412,440.7267047240,331.2683497882,444.4616192350,3.7349145109,False,403.1197172114,580.5122492146,473.7175119585,555.1562302716
2025-09-09,191.2358846231,331.9571093626,395.9673741757,526.8813070285,194.9241976659,False,331.7642802066,437.2442949982,516.5119911067,638.7943564133
2025-09-10,276.1247870040,480.1100259743,409.1971439577,598.4129253338,118.3028993595,False,490.8884791888,640.1467012990,649.6323071159,783.3115742268
2025-09-11,137.6458230160,298.6424034789,409.1682499697,530.6528077165,232.0104042377,False,244.7036564375,398.1898713051,525.5360518361,639.4737982261
2025-09-12,125.6252035717,213.2309350546,220.2139414043,316.8173951016,103.5864600470,False,223.3336707237,284.3079134060,310.6669598397,393.0252947867
2025-09-13,199.4985042660,365.4771481614,309.1254485967,440.4116792725,74.9345311111,False,354.6639888890,487.3028642152,419.1310054394,541.7178304440
2025-09-14,172.2337886908,319.2812471756,336.0343273084,522.7878681898,203.5066210142,False,306.1933887132,425.7083295675,490.7115682391,665.6831491361
2025-09-15,167.0981849202,315.7644727701,384.8620796427,523.5577187596,207.7932459895,False,297.0634312162,421.0192970268,521.1940638868,646.0367582139
2025-09-16,138.5735679564,289.5176694637,277.6798315225,417.1074811516,127.5898116879,False,252.5895786620,390.8793924192,379.3032380698,512.1040222470
2025-09-17,154.9194769840,305.3608956669,277.1223387521,368.9644507910,63.6035551240,False,281.7960535261,412.2545645827,362.4004801393,436.1993926875
2025-09-18,114.0121570435,230.7264342047,243.4889797643,332.2354364947,101.5090022899,False,202.2605596117,307.6244517185,271.2610197117,353.9910596629
2025-09-19,175.0709267855,324.4284498134,265.3059353894,361.8188095890,37.3903597756,False,310.9478455023,432.5677388040,319.6688461403,407.6551212488
2025-09-20,155.8202453376,278.5227245192,308.7967672662,397.4581468816,118.9354223624,False,276.8262948859,371.3618998110,376.2031968163,451.1641817036
2025-09-21,155.1580491071,284.0003074128,314.7759568545,422.4451718063,138.4448643935,False,281.2139652801,383.3147064758,376.1078586680,471.4994151234
2025-09-22,78.6459820438,137.9008690276,205.4233152508,289.6148565360,151.7139875084,False,142.2338294757,186.0580579203,256.3381488148,324.5374944209
2025-09-23,121.7196762897,232.4381910982,245.4614428212,343.6853739622,111.2471828640,False,221.1151041591,313.7816676367,284.9954036011,377.3565365997
2025-09-24,105.1594334325,182.2569090536,242.0331390499,322.5302825148,140.2733734612,False,191.2395956600,246.0502661848,277.9260522280,341.1119143467
2025-09-25,93.5058164684,161.4581393821,253.7145565482,343.3355864969,181.8774471148,False,170.1949602172,217.9800328619,301.2151356863,377.7643174313
2025-09-26,157.1322341269,316.1347399764,289.7138718226,414.6069700606,98.4722300843,False,286.3231094032,426.8148263598,378.2876740531,497.8038877950
2025-09-27,194.8270042663,331.3459240519,395.8381479046,506.5082424770,175.1623184250,False,359.6601327846,450.2104380490,530.8646821753,613.2304856264
2025-09-28,133.0677940476,240.0120372456,312.3295237978,406.0754855336,166.0634482880,False,248.8540150279,328.2229214611,400.9433639447,467.0556207954
2025-09-29,69.8832922618,127.8917713447,235.7919951080,328.2943270605,200.4025557158,False,130.6907999999,174.8954398426,263.2605184776,347.9796022820
2025-09-30,168.5032288691,286.3089260645,275.1050965775,366.5301312151,80.2212051505,False,315.1228974027,391.5351631182,368.9548010788,436.7523174679
2025-10-01,407.6054584325,745.0203685472,587.9076714242,853.3503261044,108.3299575573,False,762.2751254174,1018.8354080857,914.3098268978,1127.5200077100
2025-10-02,274.3606271824,478.2173899738,201.5825725045,312.2999773828,-165.9174125910,True,513.0348766231,653.9750756874,332.9586581643,415.0382436120
2025-10-03,171.5229485118,322.1373514454,140.2676100294,219.6182233116,-102.5191281338,True,320.7287677178,440.5314342598,223.4905191134,286.3195093475
2025-10-04,91.8616561507,164.1595652946,202.4982425921,290.4775763288,126.3180110342,False,170.5994729126,224.3760186761,292.2938460858,359.1208000766
2025-10-05,96.4007730158,175.9897682229,275.2757138048,361.3203592488,185.3305910259,False,179.4260016695,240.6144587578,360.8455242229,417.7096249531
2025-10-06,91.3368958334,187.9693698731,181.2615578545,268.4655020307,80.4961321576,False,170.2175276440,257.0276217201,223.1160014070,299.3142636068
2025-10-07,120.2373730158,211.6291667667,205.3051183793,291.0601554515,79.4309886848,False,224.4910875695,289.3997797923,236.8640691142,305.7089052623
2025-10-08,137.8905207343,270.3488287730,272.0472753320,372.6559666789,102.3071379059,False,257.6626530617,369.7070222802,339.4695088288,421.0897939322
2025-10-09,121.6334750990,213.6210495788,270.4124276001,369.8568992369,156.2358496580,False,227.3906460109,292.1321081905,367.7450448654,443.4624892730
2025-10-10,151.0161568449,307.5952795483,246.5829861273,359.4850775690,51.8897980207,False,282.4014877544,420.6448048120,314.9943196181,416.9909370968
2025-10-11,144.2945671627,258.2837779611,303.0958655777,446.6658583794,188.3820804183,False,273.4002112782,355.5261748068,412.8308897229,540.7476131617
2025-10-12,120.0522407736,224.8395841203,283.8267832496,391.2848419570,166.4452578367,False,230.5002622853,311.5468665992,330.6936517758,417.4159855108
2025-10-13,106.1369625993,213.7684011795,263.8257136583,364.9441093459,151.1757081663,False,203.7829350479,296.2061855165,332.6428020977,415.8686473885
2025-10-14,133.8793408729,226.3459282180,292.4407640599,387.0695791551,160.7236509371,False,257.0483091427,313.6341182078,396.1036883946,455.9849125978
2025-10-15,193.2857812500,358.6962770961,319.6560249678,434.6410641425,75.9447870464,False,371.1086815239,497.0241411329,354.7865374249,444.3496967952
2025-10-16,196.5398092262,370.1850419829,356.5015643571,464.9010650070,94.7160230241,False,377.3564213335,512.9434407331,439.9348635863,525.0875555352
2025-10-17,118.1577284723,217.8473656736,244.2620157125,360.1441588177,142.2967931442,False,229.9284160232,303.8909023913,285.7987415899,402.2549856013
2025-10-18,110.0610490078,196.5763699348,267.7086381221,379.3087364112,182.7323664764,False,213.7805397680,274.2018479176,318.4498747997,416.4758105154
2025-10-19,141.0115026788,259.6539478206,296.7146890345,416.9192258839,157.2652780632,False,273.8368878381,362.1953464656,395.9307772232,498.8256485744
2025-10-20,140.1847309522,291.4487255185,309.8497746689,433.7899258981,142.3412003796,False,268.7616521901,403.8367531564,430.3749140268,533.5539658665
2025-10-21,174.6995896824,308.0594800172,331.1801951255,435.9004921341,127.8410121169,False,335.1682630472,426.8571563861,379.3401195167,454.1021673465
2025-10-22,161.9626595240,313.5238144999,354.7451584119,459.2952233320,145.7714088322,False,310.8207462859,434.4304808142,404.5942513683,484.7836449018
2025-10-23,105.4699759921,201.8556170348,324.7461930169,460.0908269632,258.2352099284,False,206.4901035226,283.3621123258,340.1224501525,469.5967368050
2025-10-24,79.2015626981,136.0672787504,193.5307466278,292.1306344130,156.0633556626,False,155.1374802342,190.9964201192,228.7737434001,321.3187164066
2025-10-25,83.5764389883,159.7263517271,197.2784348182,294.6502180449,134.9238663178,False,164.1799978477,224.2969141973,268.0331310332,349.6902475165
2025-10-26,67.5325412696,139.4270025674,237.8522992485,351.8990486631,212.4720460957,False,132.8242448136,195.8101319306,227.9893189914,321.7448337259
2025-10-27,189.3835551588,354.2340546388,367.8096808934,509.0859402953,154.8518856565,False,373.3881577300,497.5181920419,503.6931384620,623.9415968178
2025-10-28,88.4065685516,172.6263276866,220.4074967587,339.2084671707,166.5821394841,False,174.3292487279,242.4523122887,369.9752354561,451.6272051553
2025-10-29,191.0813361112,364.8681817186,326.9316919892,433.2679700794,68.3997883608,False,376.9224301371,512.4550858179,421.1675297417,493.7936166999
2025-10-30,83.2214989086,147.9635013559,387.1056185016,505.3478873973,357.3843860414,False,168.7872092554,210.7204433893,492.7462417374,579.1766455809
2025-10-31,182.6230716270,339.2463979819,336.4789524116,444.0117339748,104.7653359929,False,370.3904090544,483.1336832798,457.1827004526,520.1582944532
2025-11-01,86.4104793650,155.6175242963,289.3750865528,401.5760379666,245.9585136703,False,175.2550207242,221.6208282340,300.0724330521,383.2395694102
2025-11-02,96.0943149801,179.5835086100,273.3654941351,383.5753897879,203.9918811779,False,194.8954851106,255.7516969589,308.7460478461,395.2951233425
2025-11-03,129.5250486112,270.1011289625,273.5118575079,379.1244983768,109.0233694143,False,262.6986716300,384.6612788521,321.1745967889,402.4443594390
2025-11-04,97.6199574405,201.8383240983,300.2209885925,426.4620397907,224.6237156924,False,200.7841140819,289.4914067988,379.7668925582,493.8551266930
2025-11-05,73.7209738094,130.5789072555,262.4407618634,370.8575319888,240.2786247333,False,149.4692665993,185.9621812318,309.8062605017,392.7903012295
2025-11-06,164.1575134920,299.2370692814,333.0619716334,441.0931628284,141.8560935470,False,332.9058987927,426.1548382947,428.4616082299,497.9337512144
2025-11-07,167.1879327383,283.8438497213,351.1932491389,476.6292961770,192.7854464557,False,342.8148922453,407.0586203793,420.7962637966,522.6707125087
2025-11-08,50.3442247022,97.6722376274,258.1149872044,389.9731892319,292.3009516044,False,101.3128464785,139.0209962641,262.8247869981,378.6108208548
2025-11-09,105.5105792660,207.6644251143,254.7968982876,373.3811343042,165.7167091899,False,213.4671348092,295.7266009844,277.8929392940,382.7308790270
2025-11-10,150.2759146825,258.9593699990,301.0300440088,418.3293236895,159.3699536905,False,304.4593096579,368.7888463593,342.3290697080,438.0603573027
2025-11-11,72.0573817463,131.9638394522,308.2116558873,421.3575271689,289.3936877167,False,145.9771098596,187.9320632231,335.0506937083,419.9851900497
2025-11-12,88.2183443449,174.6228098698,278.6887514573,386.6924478229,212.0696379532,False,178.8518792751,248.6866280028,315.8397016528,394.0363813957
2025-11-13,131.6736562498,258.3269932490,269.4656651892,380.7479108712,122.4209176222,False,267.0409084503,367.8932732153,292.0571757246,373.1433910414
2025-11-14,114.6078787699,219.0833967391,211.6765524477,326.2008800615,107.1174833224,False,232.4441484910,312.0049882377,300.1091541704,404.8425708441
2025-11-15,75.7110925596,144.8409083258,282.2093271468,394.3138487485,249.4729404227,False,153.5548919518,206.2734400287,311.1971053064,403.3306824685
2025-11-16,97.4898701388,210.8780308515,298.3315408670,406.7273092439,195.8492783924,False,197.7259338027,300.3194149568,346.7082482870,427.0518471104
2025-11-17,70.3658939486,134.5189525009,287.1288281210,400.1182432325,265.5992907315,False,146.8505182200,194.3301462362,327.5028152091,411.2858020134
2025-11-18,111.5402284719,239.8869892519,271.6175717709,387.3828536105,147.4958643586,False,232.7795716351,346.5479981432,313.5086402298,406.5900823250
2025-11-19,86.9035215276,167.8590247377,249.8082663928,344.2322291182,176.3732043804,False,181.3638426499,242.4942226943,377.2719218072,440.8232397028
2025-11-20,84.7816611113,170.2292818176,202.7296314337,297.9142907659,127.6850089483,False,176.9356186341,245.9183677415,277.8222531079,359.3832831913
2025-11-21,69.9868205357,138.1484958484,218.9993168811,311.5724592049,173.4239633565,False,146.0594364388,199.5734943027,325.4628400612,395.7033605248
2025-11-22,65.3520146827,132.2246285579,206.0800445721,299.4006252723,167.1759967144,False,136.3868035200,191.0156964947,320.8851753300,388.5515745527
2025-11-23,130.9420247024,240.5816547170,318.8777431477,429.1378359222,188.5561812052,False,273.2703078677,347.5515328787,415.0091431285,489.9558342374
2025-11-24,88.1025598213,179.7699786936,321.8267419585,445.1363132015,265.3663345079,False,183.8662118009,259.7011469309,421.6781918102,516.2948913292
2025-11-25,79.2088050597,150.0477040842,211.7761425844,315.2499590566,165.2022549724,False,165.3053322984,216.7634503169,373.5232539802,434.2331121107
2025-11-26,78.3884039681,161.2958037851,222.8444373900,352.4887673416,191.1929635566,False,163.5931908900,233.0127952538,214.3302905158,338.7210679012
2025-11-27,81.3848823413,157.9151249432,287.5061873218,402.0519923930,244.1368674498,False,172.3443821428,229.8002611839,359.7913718001,452.3819414378
2025-11-28,58.9998650794,115.9861490906,251.6340784949,372.5470685549,256.5609194643,False,124.9297605043,168.7846175907,397.8640608095,493.5002560022
2025-11-29,198.1470340276,402.0286648269,340.0028549817,457.5863437035,55.5576788766,False,419.4060966385,585.0357056698,482.8538728082,556.6635329051
2025-11-30,145.4133231150,270.4331371113,236.4735040221,332.3615302818,61.9283931706,False,312.2541093815,396.4610423785,299.4654388818,391.7806463568
2025-12-01,102.2694678570,202.8832041068,311.4760013723,432.8573306829,229.9741265762,False,219.6081695093,297.4315638263,372.7742434534,477.9189111343
2025-12-02,130.1178331347,250.0090641796,304.0145283258,420.9026874649,170.8936232853,False,271.4268026913,361.1699710276,379.8649080147,473.4333999517
2025-12-03,106.0885169642,198.1003373558,294.7345815964,414.9371423654,216.8368050096,False,221.3261933746,286.1814073346,323.7806991292,430.1102758978
2025-12-04,66.6605714285,130.9536861305,327.9444734159,434.3638563077,303.4101701772,False,139.0777204970,189.1795101816,425.4809441340,498.3855477131
2025-12-05,70.7023078372,147.3073823433,268.0098580658,372.2841700308,224.9767876875,False,147.5374697720,212.8046801987,307.7962976461,378.9138016995
2025-12-06,96.1178770836,208.3470483635,224.6783049450,325.5563627228,117.2093143593,False,200.5905463774,300.9844446255,363.1651393226,436.4658381721
2025-12-07,60.8281751985,110.9737667888,258.5996260164,355.0306636196,244.0568968307,False,126.9457569359,160.3160590202,343.2126792638,421.3128208246
2025-12-08,79.0664295636,167.0306188785,230.8404433806,343.7885048360,176.7578859575,False,165.0082008284,241.2974825416,246.0971402681,345.0479725871
2025-12-09,82.9074431547,158.8470895336,203.4000808506,303.6545329095,144.8074433758,False,173.0242291925,229.4753086044,317.1903841059,398.7400557067
2025-12-10,87.5329838291,173.2064649366,177.0116330236,279.6240186887,106.4175537521,False,182.6775314694,250.2192964963,291.1073746810,372.9280941328
2025-12-11,71.9778721230,148.8222367818,285.9080587385,407.4373643764,258.6151275946,False,154.3066793176,218.1665568793,387.4159635107,488.6905430800
2025-12-12,109.5558675596,237.6978194878,245.7742995120,352.4381791512,114.7403596635,False,235.1855852879,348.4692173393,306.4517233829,393.2608163762
2025-12-13,84.3120989087,166.2888105543,230.7792709226,336.7231245597,170.4343140054,False,181.0216326227,243.7825480815,248.7691138505,337.7957060564
2025-12-14,45.3467380952,108.7203770947,225.4275912706,332.8754113355,224.1550342408,False,97.3453081024,159.3862730134,301.6006434663,388.2546428581
2025-12-15,78.9997276784,172.4615190409,240.1522503873,337.1024778782,164.6409588373,False,169.7268933899,252.8340677597,278.4425951522,347.9484932798
2025-12-16,63.5583026785,127.6553357706,227.9622107067,330.0959465766,202.4406108060,False,136.5749341151,187.1469071512,248.9790182932,332.6417946792
2025-12-17,45.6598711309,99.9607878210,251.6567671665,352.3689739893,252.4081861683,False,98.1264127931,146.5458390955,303.6406782991,380.6489244725
2025-12-18,94.6033327383,224.7455664145,189.0837394033,288.4479671998,63.7024007853,False,203.3265658854,329.4844916449,313.7755534805,377.4583332944
2025-12-19,77.0284117062,159.9339681569,228.1704997892,320.4618377363,160.5278695793,False,165.5536012790,234.4685282812,273.2272563406,331.5985686746
2025-12-20,67.9851380951,133.5550112417,147.7386437107,232.4803306159,98.9253193742,False,146.1173117269,195.7960981728,236.9370802729,295.6553522848
2025-12-21,74.5384357145,153.0667436215,233.3162457668,326.7675285769,173.7007849554,False,160.2020110879,224.4009482121,278.6490242872,340.5869870026
2025-12-22,38.4867935516,76.0032182202,235.2669901931,326.0018769499,249.9986587297,False,82.7178846482,111.4232512710,282.3825769126,342.1220143515
2025-12-23,52.3037228176,107.0232753563,230.0440207698,323.5485396272,216.5252642710,False,112.4139714288,156.8996890016,278.6744656177,344.5612088175
2025-12-24,70.4662014881,150.3303440887,218.3044760753,313.2790994595,162.9487553708,False,151.4497464819,220.3892952865,270.7841821150,341.7965493044
2025-12-25,56.0919976192,125.2225126573,133.0573927912,218.5852288034,93.3627161461,False,120.5559351816,183.5803775069,217.6562180496,277.2748914744
2025-12-26,75.6419302579,168.5628996160,161.1997541765,261.8632556854,93.3003560694,False,162.5737008528,247.1188294220,266.4113212753,337.8993658065
2025-12-27,56.8897451390,116.6469340327,125.5316548893,207.5837429909,90.9368089582,False,122.2704970152,171.0082933997,198.1201861641,255.7906453651
2025-12-28,66.6270256942,152.0117456748,188.6801242872,296.2961014152,144.2843557404,False,143.1983835816,222.8542860567,309.6633695175,388.6939325399
2025-12-29,66.2181500000,137.7276984236,162.9716038897,263.0148058512,125.2871074276,False,142.3196059701,201.9133966665,277.1532486553,343.9655230925
2025-12-30,99.8300243054,209.1599883020,211.3367470785,340.6424468979,131.4824585959,False,214.5600522385,306.6355146291,371.9216894225,463.7234506477
2025-12-31,60.4507531748,129.8958859532,194.1342728290,284.9886952500,155.0928092968,False,126.1580935822,187.6515245137,228.0206613239,294.0717443748
