scope,window_days,rank,expected_days,valid_days,invalid_days,failure_rate,selection_eligible,mean_cumulative_singular_energy,median_cumulative_singular_energy,mean_daily_rmse_kw,median_daily_rmse_kw,full_count,full_mae_kw,full_rmse_kw,full_bias_kw,full_mean_actual_kw,full_cv_rmse,full_cv_status,effective_count,effective_mae_kw,effective_rmse_kw,effective_bias_kw,effective_mean_actual_kw,effective_cv_rmse,effective_cv_status
january_common_origin_validation,3,1,17,17,0,0.0000000000,True,0.3652016633,0.3643305180,1534.5984945419,1454.5207252444,2448,1181.0236770768,1564.8538698679,33.7476906929,1650.8768877042,0.9478925300,ok,1187,1674.2414993722,1961.5699969626,-691.8339973993,3404.6728063185,0.5761405305,ok
january_common_origin_validation,3,3,17,17,0,0.0000000000,True,0.8500547276,0.8482582884,726.3148973426,674.9204132921,2448,516.7996808986,746.8613381141,82.9101479994,1650.8768877042,0.4524028071,ok,1187,821.4455452117,969.5027508827,-73.3830786614,3404.6728063185,0.2847565114,ok
january_common_origin_validation,3,5,17,17,0,0.0000000000,True,0.9817483257,0.9820851923,328.4485174054,311.2298051277,2448,220.3094020335,344.4387838256,84.3999110920,1650.8768877042,0.2086398970,ok,1187,348.7044373781,451.5062985684,68.4125807440,3404.6728063185,0.1326137119,ok
january_common_origin_validation,7,1,17,17,0,0.0000000000,True,0.3630301745,0.3626399214,1585.1154009216,1466.6783892022,2448,1234.2818881195,1620.7148415036,9.5899374561,1650.8768877042,0.9817296817,ok,1187,1735.6011719477,2035.6277727330,-790.1325224280,3404.6728063185,0.5978923346,ok
january_common_origin_validation,7,3,17,17,0,0.0000000000,True,0.8479072197,0.8473241269,724.0266384159,711.4453050708,2448,509.0654161821,746.5499375011,87.9013379540,1650.8768877042,0.4522141797,ok,1187,817.7286277135,968.0856869192,-50.8557560291,3404.6728063185,0.2843402999,ok
january_common_origin_validation,7,5,17,17,0,0.0000000000,True,0.9812789897,0.9813211569,317.5280453535,276.4563761487,2448,215.0357334314,327.8017835695,75.9398529562,1650.8768877042,0.1985622223,ok,1187,325.1930306654,417.2529028241,38.3297489439,3404.6728063185,0.1225530107,ok
january_common_origin_validation,14,1,17,17,0,0.0000000000,True,0.3614648725,0.3614709240,1583.5674563466,1433.7867955596,2448,1217.4713326078,1636.1606680997,-24.6412981076,1650.8768877042,0.9910858164,ok,1187,1738.1184822941,2079.5396082018,-823.5426128964,3404.6728063185,0.6107898546,ok
january_common_origin_validation,14,3,17,17,0,0.0000000000,True,0.8460313379,0.8458969197,740.4484044192,695.8854201283,2448,516.2473346554,770.9081708032,70.2763269990,1650.8768877042,0.4669689039,ok,1187,844.5196321198,1002.6598602122,-75.2251250352,3404.6728063185,0.2944952180,ok
january_common_origin_validation,14,5,17,17,0,0.0000000000,True,0.9807693804,0.9808946088,318.4823786400,291.9256807755,2448,215.2277679134,327.1795906745,61.7843790638,1650.8768877042,0.1981853360,ok,1187,317.7017262458,413.7567994477,1.2489748524,3404.6728063185,0.1215261563,ok
