group_type,group_value,variable,count,mean,std,min,25%,median,75%,max
overall,all,PV,52560,2311.785709,2948.666738,0,0,18.8589,4903.734725,10216.2
overall,all,Load,52560,4626.03367,1411.745817,1995.7176,3517.3475,4270.6836,6138.408125,7978.8849
overall,all,Net Load,52560,2314.247961,2432.803837,-6601.9911,914.147625,3126.76245,4021.9675,6687.7481
overall,all,Price,52560,0.7661976046,0.3406733369,0.0076,0.4537,0.73845,1.0274,1.7936
month,1,PV,4464,1589.183894,2247.257486,0,0,0,3423.803675,7159.125
month,1,Load,4464,4726.090275,1450.288477,2211.69,3644.982975,4286.383,6311.4243,7546.7527
month,1,Net Load,4464,3136.90638,1767.038574,-2806.2275,2464.372,3486.48065,4302.05715,6630.473
month,1,Price,4464,0.8596450493,0.3744589558,0.2432,0.478,0.85965,1.149325,1.6401
month,2,PV,4032,1966.480347,2656.139451,0,0,0.0021,4299.241725,8445.2427
month,2,Load,4032,4516.892912,1423.052025,2055.4315,3432.946725,4103.505,6108.96075,7370.8801
month,2,Net Load,4032,2550.412565,2071.780656,-3802.4675,1465.6411,3173.72875,3984.341925,6382.9293
month,2,Price,4032,0.7695700645,0.3200617808,0.2247,0.447975,0.77595,1.0403,1.447
month,3,PV,4464,2304.196756,2932.635282,0,0,3.95585,5031.274775,9127.0875
month,3,Load,4464,4355.520519,1381.521826,2081.95,3363.3185,3797.03385,6041.437475,6925.7674
month,3,Net Load,4464,2051.323763,2338.135664,-5432.9375,573.6084,2743.51065,3628.284925,6417.7809
month,3,Price,4464,0.7255021057,0.3146821533,0.0913,0.430575,0.71465,0.978725,1.3583
month,4,PV,4320,2701.685689,3231.719491,0,0,516.20035,5837.1076,10216.2
month,4,Load,4320,4392.875841,1373.57084,2105.39,3381.321425,3874.1182,6069.81235,6958.0721
month,4,Net Load,4320,1691.190151,2563.027902,-6452.0775,-208.6654,2657.2785,3584.39665,5704.7228
month,4,Price,4320,0.6988475463,0.3065572711,0.0076,0.4294,0.65265,0.932525,1.3932
month,5,PV,4464,2806.502397,3203.999749,0,0,1032.76875,6035.37865,9923.7033
month,5,Load,4464,4401.588165,1355.611595,2159.52,3426.198675,3766.83135,6048.142175,6978.6702
month,5,Net Load,4464,1595.085768,2620.803527,-6318.4107,-505.510825,2616.42675,3567.960975,5658.2886
month,5,Price,4464,0.6911818772,0.3078652781,0.0389,0.43235,0.6347,0.912475,1.4134
month,6,PV,4320,2369.826565,2662.64003,0,0,1042.32195,4926.677475,8626.2441
month,6,Load,4320,4800.219009,1338.821987,2466.7341,3731.749175,4304.7413,6355.980425,7491.4643
month,6,Net Load,4320,2430.392444,2210.573042,-4875.6156,875.191675,3084.53825,3973.23545,6207.1145
month,6,Price,4320,0.7662646528,0.3156254409,0.1708,0.4774,0.7357,1.019825,1.4509
month,7,PV,4464,2723.254275,3095.810953,0,0,1081.85625,5735.726925,9752.2309
month,7,Load,4464,5337.540905,1334.902693,2758.4698,4268.43745,4885.5727,6791.835,7978.8849
month,7,Net Load,4464,2614.28663,2616.672264,-5086.5125,578.680625,3584.24575,4533.149675,6570.0583
month,7,Price,4464,0.8301136873,0.3665384928,0.1337,0.523875,0.76385,1.07945,1.7936
month,8,PV,4464,2915.993093,3428.261529,0,0,760.8612,6280.737375,10057.9095
month,8,Load,4464,5045.15261,1341.141863,2436.84,4022.021875,4540.8288,6531.80355,7936.3951
month,8,Net Load,4464,2129.159517,2991.765466,-5900.0625,-241.337625,3364.7146,4307.18495,6588.8247
month,8,Price,4464,0.7864668011,0.3691614559,0.0665,0.494275,0.69245,1.0283,1.7686
month,9,PV,4320,2607.599506,3251.354051,0,0,86.175,5702.852425,10105.3207
month,9,Load,4320,4535.980657,1348.85641,2258.3025,3499.2915,3921.73,6146.8297,6989.0914
month,9,Net Load,4320,1928.381151,2689.656457,-6601.9911,10.86505,2920.53945,3693.8812,6687.7481
month,9,Price,4320,0.7202856019,0.3210315383,0.0376,0.436975,0.6864,0.96215,1.4221
month,10,PV,4464,2364.313052,3143.05501,0,0,0.02965,5110.159775,10076.8909
month,10,Load,4464,4347.227603,1376.717268,1995.7176,3351.335,3789.2069,6028.6153,6988.0408
month,10,Net Load,4464,1982.914551,2549.558143,-6218.0575,397.94675,2790.1123,3644.64415,6437.0594
month,10,Price,4464,0.7202931676,0.3177331133,0.039,0.4287,0.72,0.969925,1.3793
month,11,PV,4320,1854.376336,2592.062825,0,0,0,4009.940625,8212.6875
month,11,Load,4320,4337.423379,1382.640824,2052.41,3344.449125,3771.855,6039.371175,7006.888
month,11,Net Load,4320,2483.047043,2106.416938,-4423.6845,1504.7639,3033.33425,3768.898275,6431.6933
month,11,Price,4320,0.7609939352,0.3245343412,0.2088,0.4379,0.77395,1.0388,1.4244
month,12,PV,4464,1513.836896,2168.509438,0,0,0,3285.346075,6856.3368
month,12,Load,4464,4691.212874,1437.496948,2142.6309,3605.237075,4247.86135,6249.494175,7507.0588
month,12,Net Load,4464,3177.375978,1683.245862,-2376.8855,2466.9075,3492.69935,4275.895375,6521.926
month,12,Price,4464,0.8617138217,0.3760470009,0.2354,0.4731,0.87665,1.158525,1.6698
hour_of_day,0.0,PV,365,0,0,0,0,0,0,0
hour_of_day,0.0,Load,365,3444.72589,626.7300815,2207.79,3222.62,3455.21,3671.71,4942.6
hour_of_day,0.0,Net Load,365,3444.72589,626.7300815,2207.79,3222.62,3455.21,3671.71,4942.6
hour_of_day,0.0,Price,365,0.4275789041,0.07128008229,0.2375,0.3847,0.4279,0.4699,0.5967
hour_of_day,0.16666666666666666,PV,365,0,0,0,0,0,0,0
hour_of_day,0.16666666666666666,Load,365,3439.846634,634.5571539,2249.1115,3288.8805,3465.0342,3695.8008,4951.8268
hour_of_day,0.16666666666666666,Net Load,365,3439.846634,634.5571539,2249.1115,3288.8805,3465.0342,3695.8008,4951.8268
hour_of_day,0.16666666666666666,Price,365,0.4248183562,0.06865758738,0.2543,0.3845,0.4278,0.4636,0.6069
hour_of_day,0.3333333333333333,PV,365,0,0,0,0,0,0,0
hour_of_day,0.3333333333333333,Load,365,3437.979241,603.3679954,2251.2662,3247.762,3452.6851,3667.3643,5023.9817
hour_of_day,0.3333333333333333,Net Load,365,3437.979241,603.3679954,2251.2662,3247.762,3452.6851,3667.3643,5023.9817
hour_of_day,0.3333333333333333,Price,365,0.424510411,0.06479366109,0.2369,0.3875,0.4238,0.459,0.5905
hour_of_day,0.5,PV,365,0,0,0,0,0,0,0
hour_of_day,0.5,Load,365,3444.303096,601.3839976,2159.52,3217.56,3467.02,3698.67,5003.29
hour_of_day,0.5,Net Load,365,3444.303096,601.3839976,2159.52,3217.56,3467.02,3698.67,5003.29
hour_of_day,0.5,Price,365,0.4269364384,0.06757329365,0.2643,0.3861,0.4276,0.4701,0.6302
hour_of_day,0.6666666666666666,PV,365,0,0,0,0,0,0,0
hour_of_day,0.6666666666666666,Load,365,3454.44366,587.0427036,2293.8601,3277.6123,3476.4439,3687.5239,4915.9432
hour_of_day,0.6666666666666666,Net Load,365,3454.44366,587.0427036,2293.8601,3277.6123,3476.4439,3687.5239,4915.9432
hour_of_day,0.6666666666666666,Price,365,0.4272427397,0.06631357355,0.2747,0.3855,0.4298,0.467,0.617
hour_of_day,0.8333333333333334,PV,365,0,0,0,0,0,0,0
hour_of_day,0.8333333333333334,Load,365,3458.827338,583.908181,2360.9112,3272.2996,3491.0769,3697.9927,4895.2793
hour_of_day,0.8333333333333334,Net Load,365,3458.827338,583.908181,2360.9112,3272.2996,3491.0769,3697.9927,4895.2793
hour_of_day,0.8333333333333334,Price,365,0.4270868493,0.06466447504,0.2893,0.3861,0.4285,0.4676,0.5989
hour_of_day,1.0,PV,365,0,0,0,0,0,0,0
hour_of_day,1.0,Load,365,3459.840055,590.8829555,2298.01,3255.66,3507.56,3753.15,4927.19
hour_of_day,1.0,Net Load,365,3459.840055,590.8829555,2298.01,3255.66,3507.56,3753.15,4927.19
hour_of_day,1.0,Price,365,0.4285232877,0.06475726299,0.2653,0.3794,0.4338,0.4695,0.613
hour_of_day,1.1666666666666667,PV,365,0,0,0,0,0,0,0
hour_of_day,1.1666666666666667,Load,365,3467.158165,585.0832816,2258.3025,3279.2818,3510.7796,3748.198,4832.9474
hour_of_day,1.1666666666666667,Net Load,365,3467.158165,585.0832816,2258.3025,3279.2818,3510.7796,3748.198,4832.9474
hour_of_day,1.1666666666666667,Price,365,0.4311065753,0.06503587185,0.252,0.3907,0.4362,0.4675,0.6458
hour_of_day,1.3333333333333333,PV,365,0,0,0,0,0,0,0
hour_of_day,1.3333333333333333,Load,365,3467.96318,565.4936929,2262.2015,3282.7104,3532.2407,3739.7369,4789.2611
hour_of_day,1.3333333333333333,Net Load,365,3467.96318,565.4936929,2262.2015,3282.7104,3532.2407,3739.7369,4789.2611
hour_of_day,1.3333333333333333,Price,365,0.4301556164,0.0628643831,0.2648,0.3854,0.4359,0.4676,0.5903
hour_of_day,1.5,PV,365,0,0,0,0,0,0,0
hour_of_day,1.5,Load,365,3466.968274,547.9185192,2343.78,3260.08,3519.32,3778.38,4970.01
hour_of_day,1.5,Net Load,365,3466.968274,547.9185192,2343.78,3260.08,3519.32,3778.38,4970.01
hour_of_day,1.5,Price,365,0.4279389041,0.06022043179,0.2717,0.3819,0.4332,0.4672,0.5887
hour_of_day,1.6666666666666665,PV,365,0,0,0,0,0,0,0
hour_of_day,1.6666666666666665,Load,365,3482.492672,547.2173596,2381.6861,3310.2527,3533.0136,3782.4675,4795.34
hour_of_day,1.6666666666666665,Net Load,365,3482.492672,547.2173596,2381.6861,3310.2527,3533.0136,3782.4675,4795.34
hour_of_day,1.6666666666666665,Price,365,0.4312449315,0.06104318016,0.2803,0.394,0.4326,0.4691,0.6039
hour_of_day,1.8333333333333335,PV,365,0,0,0,0,0,0,0
hour_of_day,1.8333333333333335,Load,365,3495.084101,546.5853382,2385.1405,3248.5167,3553.1771,3797.2685,4775.4872
hour_of_day,1.8333333333333335,Net Load,365,3495.084101,546.5853382,2385.1405,3248.5167,3553.1771,3797.2685,4775.4872
hour_of_day,1.8333333333333335,Price,365,0.4332564384,0.0626322464,0.2695,0.3904,0.4373,0.475,0.6082
hour_of_day,2.0,PV,365,0,0,0,0,0,0,0
hour_of_day,2.0,Load,365,3498.444301,542.8982776,2344,3284.26,3553.83,3793.01,4739.83
hour_of_day,2.0,Net Load,365,3498.444301,542.8982776,2344,3284.26,3553.83,3793.01,4739.83
hour_of_day,2.0,Price,365,0.4310969863,0.06121807862,0.2537,0.3924,0.4383,0.4683,0.6028
hour_of_day,2.1666666666666665,PV,365,0,0,0,0,0,0,0
hour_of_day,2.1666666666666665,Load,365,3505.229476,544.6585342,2382.5576,3291.7475,3566.7016,3807.5496,4810.9375
hour_of_day,2.1666666666666665,Net Load,365,3505.229476,544.6585342,2382.5576,3291.7475,3566.7016,3807.5496,4810.9375
hour_of_day,2.1666666666666665,Price,365,0.4293443836,0.06369806527,0.263,0.3954,0.4352,0.4713,0.5782
hour_of_day,2.3333333333333335,PV,365,0,0,0,0,0,0,0
hour_of_day,2.3333333333333335,Load,365,3512.638685,541.7011995,2386.5339,3332.636,3580.066,3838.4725,4814.5046
hour_of_day,2.3333333333333335,Net Load,365,3512.638685,541.7011995,2386.5339,3332.636,3580.066,3838.4725,4814.5046
hour_of_day,2.3333333333333335,Price,365,0.4323580822,0.06319280432,0.2464,0.3939,0.4391,0.4739,0.5963
hour_of_day,2.5,PV,365,0,0,0,0,0,0,0
hour_of_day,2.5,Load,365,3516.868466,527.7954972,2280.54,3305.73,3594.62,3825.6,4900.09
hour_of_day,2.5,Net Load,365,3516.868466,527.7954972,2280.54,3305.73,3594.62,3825.6,4900.09
hour_of_day,2.5,Price,365,0.436680274,0.05863726776,0.2314,0.4026,0.4405,0.4731,0.6131
hour_of_day,2.6666666666666665,PV,365,0,0,0,0,0,0,0
hour_of_day,2.6666666666666665,Load,365,3517.924568,520.3853502,2391.961,3298.5664,3601.2505,3848.9758,4797.506
hour_of_day,2.6666666666666665,Net Load,365,3517.924568,520.3853502,2391.961,3298.5664,3601.2505,3848.9758,4797.506
hour_of_day,2.6666666666666665,Price,365,0.4348071233,0.0571358176,0.2588,0.3963,0.4405,0.4716,0.5786
hour_of_day,2.8333333333333335,PV,365,0,0,0,0,0,0,0
hour_of_day,2.8333333333333335,Load,365,3518.551812,521.5724398,2435.0377,3277.2192,3603.0912,3851.4531,4652.5714
hour_of_day,2.8333333333333335,Net Load,365,3518.551812,521.5724398,2435.0377,3277.2192,3603.0912,3851.4531,4652.5714
hour_of_day,2.8333333333333335,Price,365,0.4335205479,0.05888139261,0.2797,0.3936,0.4399,0.4742,0.5925
hour_of_day,3.0,PV,365,0,0,0,0,0,0,0
hour_of_day,3.0,Load,365,3521.097616,524.2318007,2395.78,3268.22,3601.04,3869.66,4932.87
hour_of_day,3.0,Net Load,365,3521.097616,524.2318007,2395.78,3268.22,3601.04,3869.66,4932.87
hour_of_day,3.0,Price,365,0.4357235616,0.05980279031,0.2622,0.3974,0.4429,0.4799,0.588
hour_of_day,3.1666666666666665,PV,365,0.0001753424658,0.0004759550324,0,0,0,0,0.0019
hour_of_day,3.1666666666666665,Load,365,3526.926095,509.2989272,2439.6319,3316.6504,3614.0257,3857.5361,4544.2902
hour_of_day,3.1666666666666665,Net Load,365,3526.92592,509.2988776,2439.6319,3316.6504,3614.0241,3857.5361,4544.289
hour_of_day,3.1666666666666665,Price,365,0.4374183562,0.05736537817,0.282,0.4063,0.4439,0.4764,0.5919
hour_of_day,3.3333333333333335,PV,365,3.97260274e-05,0.0002280710596,0,0,0,0,0.0016
hour_of_day,3.3333333333333335,Load,365,3537.285397,510.2379636,2482.3129,3272.9441,3610.2324,3862.2807,4620.1067
hour_of_day,3.3333333333333335,Net Load,365,3537.285357,510.2379628,2482.3129,3272.9441,3610.2324,3862.2807,4620.1067
hour_of_day,3.3333333333333335,Price,365,0.437079726,0.05820087727,0.2882,0.4049,0.4417,0.4774,0.5717
hour_of_day,3.5,PV,365,0,0,0,0,0,0,0
hour_of_day,3.5,Load,365,3544.880849,523.1598663,2371.33,3229.89,3617.8,3901.74,4649.58
hour_of_day,3.5,Net Load,365,3544.880849,523.1598663,2371.33,3229.89,3617.8,3901.74,4649.58
hour_of_day,3.5,Price,365,0.4356424658,0.06021160013,0.2466,0.3948,0.4412,0.4795,0.5719
hour_of_day,3.6666666666666665,PV,365,0.003056986301,0.006787940722,0,0,0,0,0.0266
hour_of_day,3.6666666666666665,Load,365,3541.278699,519.8596101,2419.1498,3178.2047,3631.228,3877.5844,4586.2504
hour_of_day,3.6666666666666665,Net Load,365,3541.275642,519.8589557,2419.1498,3178.2047,3631.228,3877.5844,4586.226
hour_of_day,3.6666666666666665,Price,365,0.4352690411,0.05776367352,0.2902,0.4017,0.4418,0.4758,0.5899
hour_of_day,3.8333333333333335,PV,365,0.001176986301,0.003804005511,0,0,0,0,0.0218
hour_of_day,3.8333333333333335,Load,365,3546.397649,503.6012349,2388.8321,3207.1327,3642.9442,3888.5788,4664.7235
hour_of_day,3.8333333333333335,Net Load,365,3546.396472,503.6011315,2388.8321,3207.1327,3642.9442,3888.5788,4664.7235
hour_of_day,3.8333333333333335,Price,365,0.4360191781,0.05586832404,0.3021,0.4026,0.4416,0.4748,0.5657
hour_of_day,4.0,PV,365,0,0,0,0,0,0,0
hour_of_day,4.0,Load,365,3560.207014,501.5591748,2441.28,3248.35,3640.17,3912.76,4706.46
hour_of_day,4.0,Net Load,365,3560.207014,501.5591748,2441.28,3248.35,3640.17,3912.76,4706.46
hour_of_day,4.0,Price,365,0.4378254795,0.05934099293,0.2919,0.3974,0.442,0.4821,0.5849
hour_of_day,4.166666666666667,PV,365,0.04300739726,0.09441918473,0,0,0,0.0108,0.3708
hour_of_day,4.166666666666667,Load,365,3561.958081,508.2852474,2403.4578,3288.2451,3627.8981,3938.7831,4521.5007
hour_of_day,4.166666666666667,Net Load,365,3561.915074,508.2817832,2403.1982,3288.2451,3627.8981,3938.7831,4521.3242
hour_of_day,4.166666666666667,Price,365,0.4401183562,0.05769795374,0.2941,0.3989,0.4463,0.482,0.5815
hour_of_day,4.333333333333333,PV,365,0.01680493151,0.05289322312,0,0,0,0,0.3034
hour_of_day,4.333333333333333,Load,365,3556.71835,513.4425382,2440.3722,3235.0494,3639.6836,3920.1051,4555.1626
hour_of_day,4.333333333333333,Net Load,365,3556.701545,513.4409285,2440.3722,3235.0494,3639.6836,3920.1051,4555.1626
hour_of_day,4.333333333333333,Price,365,0.4388531507,0.05741687946,0.2996,0.3992,0.4464,0.4832,0.5749
hour_of_day,4.5,PV,365,0,0,0,0,0,0,0
hour_of_day,4.5,Load,365,3560.027205,513.2224865,2404.64,3228.82,3644.65,3935.69,4501.07
hour_of_day,4.5,Net Load,365,3560.027205,513.2224865,2404.64,3228.82,3644.65,3935.69,4501.07
hour_of_day,4.5,Price,365,0.4363734247,0.05999824476,0.272,0.3985,0.4444,0.4818,0.5728
hour_of_day,4.666666666666667,PV,365,0.5993561644,1.314946812,0,0,0,0.1498,5.1641
hour_of_day,4.666666666666667,Load,365,3580.653962,508.6773337,2363.9012,3243.325,3659.6071,3952.9142,4468.813
hour_of_day,4.666666666666667,Net Load,365,3580.054606,508.6504574,2363.8673,3243.2387,3659.4809,3952.9142,4464.3312
hour_of_day,4.666666666666667,Price,365,0.4392841096,0.0603573331,0.292,0.3948,0.4482,0.4811,0.5881
hour_of_day,4.833333333333333,PV,365,0.2345183562,0.7365539749,0,0,0,0.0096,4.2252
hour_of_day,4.833333333333333,Load,365,3586.915966,502.5405472,2509.1585,3244.8152,3663.3583,3949.707,4509.0492
hour_of_day,4.833333333333333,Net Load,365,3586.681447,502.5481863,2509.1585,3244.8152,3662.381,3948.2516,4509.0492
hour_of_day,4.833333333333333,Price,365,0.4422408219,0.05744395601,0.2848,0.4045,0.4488,0.482,0.5909
hour_of_day,5.0,PV,365,0.2884931507,1.37510937,0,0,0,0,10.0125
hour_of_day,5.0,Load,365,3571.263479,500.722974,2495.83,3263.26,3659.6,3903.92,4640.3
hour_of_day,5.0,Net Load,365,3570.974986,500.8094087,2495.83,3263.26,3659.6,3903.92,4640.3
hour_of_day,5.0,Price,365,0.4395035616,0.05710122604,0.2925,0.4004,0.4468,0.48,0.5822
hour_of_day,5.166666666666667,PV,365,18.67809151,40.80568111,0,0,0.0024,3.1771,157.2547
hour_of_day,5.166666666666667,Load,365,3562.317055,514.5326211,2484.2122,3242.6515,3655.9561,3927.9995,4530.9293
hour_of_day,5.166666666666667,Net Load,365,3543.638963,516.795776,2343.8573,3242.6491,3629.9352,3906.8092,4530.9282
hour_of_day,5.166666666666667,Price,365,0.4332564384,0.0587279591,0.2785,0.3935,0.4386,0.4758,0.5628
hour_of_day,5.333333333333333,PV,365,54.46981589,102.1372576,0,0,0.0199,40.5799,343.8012
hour_of_day,5.333333333333333,Load,365,3591.380909,524.4214704,2507.0845,3277.9747,3668.3357,3949.0725,4625.0674
hour_of_day,5.333333333333333,Net Load,365,3536.911093,535.9547613,2247.8275,3214.1114,3647.9916,3920.8466,4625.0579
hour_of_day,5.333333333333333,Price,365,0.4438547945,0.06043101516,0.2774,0.4057,0.4512,0.4873,0.5636
hour_of_day,5.5,PV,365,108.9718151,179.7866496,0,0,0,195.45,548.7
hour_of_day,5.5,Load,365,3579.704548,496.0126314,2448.18,3253.25,3675.03,3947.91,4503.04
hour_of_day,5.5,Net Load,365,3470.732733,530.354023,2033.725,3144.9475,3599.195,3827.22,4503.04
hour_of_day,5.5,Price,365,0.4300843836,0.05919632128,0.26,0.3908,0.4356,0.4727,0.6005
hour_of_day,5.666666666666667,PV,365,184.1602784,267.5958967,0,0,0.4258,415.7813,787.7757
hour_of_day,5.666666666666667,Load,365,3486.119047,444.6333569,2521.6228,3241.934,3550.4264,3807.1543,4357.9975
hour_of_day,5.666666666666667,Net Load,365,3301.958768,525.3064319,1838.8421,2919.6695,3421.6149,3642.2512,4357.9648
hour_of_day,5.666666666666667,Price,365,0.371260274,0.05584275692,0.2269,0.3362,0.3744,0.4114,0.5007
hour_of_day,5.833333333333333,PV,365,277.0581556,365.2280089,0,0,3.5775,662.1038,1033.9151
hour_of_day,5.833333333333333,Load,365,3823.899358,637.7378394,2549.367,3224.431,4013.7353,4268.285,4894.6373
hour_of_day,5.833333333333333,Net Load,365,3546.841203,743.9609539,1675.1681,3088.6969,3715.6665,4081.5741,4894.6373
hour_of_day,5.833333333333333,Price,365,0.5708342466,0.07515074927,0.3734,0.5187,0.5815,0.628,0.7143
hour_of_day,6.0,PV,365,388.5494178,469.1195913,0,0,0,881.3625,1316.925
hour_of_day,6.0,Load,365,4398.072712,988.1743626,2457.33,3211.02,4805.33,5062.36,5690.36
hour_of_day,6.0,Net Load,365,4009.523295,1105.827817,1454.3225,3209.63,4223.5075,4848.09,5676.45
hour_of_day,6.0,Price,365,0.9098520548,0.1103733334,0.6538,0.8263,0.9364,0.9932,1.0933
hour_of_day,6.166666666666667,PV,365,521.2802882,573.8174429,0,0.3313,184.2092,1141.1722,1587.9508
hour_of_day,6.166666666666667,Load,365,4454.012273,1029.769433,2478.893,3249.9468,4905.4054,5146.3117,5738.8011
hour_of_day,6.166666666666667,Net Load,365,3932.731985,1201.134438,1136.0627,3233.1624,4061.2915,4897.2739,5738.3732
hour_of_day,6.166666666666667,Price,365,0.9368282192,0.1184864496,0.6631,0.8582,0.9609,1.0219,1.1569
hour_of_day,6.333333333333333,PV,365,672.7677304,679.6973009,0,0.8433,444.575,1387.4953,1915.1033
hour_of_day,6.333333333333333,Load,365,4371.791908,968.7580585,2463.2414,3264.5042,4797.6279,5017.4353,5695.3891
hour_of_day,6.333333333333333,Net Load,365,3699.024178,1226.85929,869.1383,3086.4955,3682.2686,4772.133,5695.3891
hour_of_day,6.333333333333333,Price,365,0.875809863,0.1189137381,0.5483,0.8006,0.8892,0.9681,1.1031
hour_of_day,6.5,PV,365,844.2260959,783.5163043,0,0,721.2375,1649.4,2216.4375
hour_of_day,6.5,Load,365,4392.952959,979.8983076,2410.13,3254.97,4816.28,5002.11,5687.57
hour_of_day,6.5,Net Load,365,3548.726863,1318.836645,451.205,2891.33,3395.3525,4730.87,5687.57
hour_of_day,6.5,Price,365,0.8758632877,0.1266612295,0.5624,0.8016,0.8784,0.9807,1.1245
hour_of_day,6.666666666666667,PV,365,1039.674428,876.9434992,0,12.6594,995.86,1894.3047,2545.5484
hour_of_day,6.666666666666667,Load,365,4384.59555,1005.007204,2438.3024,3234.0356,4817.7937,5047.3402,5764.588
hour_of_day,6.666666666666667,Net Load,365,3344.921122,1406.028389,170.7318,2667.1999,3228.519,4526.3307,5764.4171
hour_of_day,6.666666666666667,Price,365,0.8601454795,0.1335377551,0.5289,0.7968,0.8574,0.9609,1.1401
hour_of_day,6.833333333333333,PV,365,1259.337483,963.6141543,0,153.4932,1317.3711,2192.9589,2905.33
hour_of_day,6.833333333333333,Load,365,4434.775705,916.6727617,2612.3842,3428.0402,4815.4282,5034.951,5749.3421
hour_of_day,6.833333333333333,Net Load,365,3175.438221,1408.742321,43.7178,2439.5273,3039.8925,4247.3181,5746.9324
hour_of_day,6.833333333333333,Price,365,0.8441986301,0.1312202671,0.5411,0.7759,0.8409,0.9372,1.1269
hour_of_day,7.0,PV,365,1508.631781,1032.497833,0,433.35,1678.1625,2459.475,3201.7125
hour_of_day,7.0,Load,365,4523.456055,767.7846742,2949.88,3787.21,4792.84,5038.4,5635.78
hour_of_day,7.0,Net Load,365,3014.824274,1378.517837,-20.57,2194.0925,2811.3275,3993.45,5563.63
hour_of_day,7.0,Price,365,0.8334449315,0.1236734177,0.526,0.7608,0.8242,0.9183,1.0953
hour_of_day,7.166666666666667,PV,365,1791.410667,1058.555812,154.8087,709.914,2002.3413,2772.7958,3413.9973
hour_of_day,7.166666666666667,Load,365,4524.072086,746.1905256,3026.4318,3832.2447,4791.268,4996.6636,5639.4377
hour_of_day,7.166666666666667,Net Load,365,2732.661419,1399.513977,-333.7512,1868.9556,2492.4896,3730.0361,5419.3939
hour_of_day,7.166666666666667,Price,365,0.8091994521,0.1257390408,0.499,0.7372,0.7974,0.8895,1.1035
hour_of_day,7.333333333333333,PV,365,2085.486482,1065.544727,373.5954,995.901,2320.1896,3037.6967,3775.629
hour_of_day,7.333333333333333,Load,365,4545.886744,791.2253912,2884.169,3753.1081,4835.3889,5019.9514,5728.6236
hour_of_day,7.333333333333333,Net Load,365,2460.400261,1434.442218,-482.5533,1610.8972,2234.3487,3462.912,5227.279
hour_of_day,7.333333333333333,Price,365,0.7971865753,0.1306301907,0.4755,0.7267,0.7873,0.8811,1.1031
hour_of_day,7.5,PV,365,2381.261096,1069.716377,606.525,1303.2375,2629.275,3305.7,4192.725
hour_of_day,7.5,Load,365,4523.241781,777.3354104,2830.45,3754.85,4799.88,5017.07,5762.49
hour_of_day,7.5,Net Load,365,2141.980685,1428.629995,-670.9075,1246.845,1954.69,3173.8775,4927.0075
hour_of_day,7.5,Price,365,0.7644364384,0.1290607118,0.473,0.6928,0.7507,0.8575,1.0684
hour_of_day,7.666666666666667,PV,365,2683.175245,1070.231125,867.132,1590.174,2943.1824,3608.825,4510.3183
hour_of_day,7.666666666666667,Load,365,4383.356639,700.2952102,2922.3169,3814.3541,4608.2702,4854.2716,5527.2493
hour_of_day,7.666666666666667,Net Load,365,1700.181395,1393.989278,-1085.6654,742.9557,1493.8715,2762.4689,4487.8204
hour_of_day,7.666666666666667,Price,365,0.6898906849,0.1229383095,0.4258,0.6102,0.6803,0.7834,0.9785
hour_of_day,7.833333333333333,PV,365,2986.355155,1069.690653,1127.5925,1923.3759,3243.6188,3855.0696,4973.2536
hour_of_day,7.833333333333333,Load,365,4910.459873,1018.542087,2934.4796,3784.9077,5342.3413,5590.8203,6284.1769
hour_of_day,7.833333333333333,Net Load,365,1924.104718,1580.812697,-1480.8551,1056.0383,1808.9858,2927.4715,4973.197
hour_of_day,7.833333333333333,Price,365,0.8599663014,0.1436139119,0.5332,0.7854,0.8629,0.9445,1.1622
hour_of_day,8.0,PV,365,3289.204007,1068.288997,1391.4,2276.775,3496.725,4168.1625,5368.275
hour_of_day,8.0,Load,365,5799.732685,1562.651539,2870.51,3796.43,6582.74,6803.97,7501.31
hour_of_day,8.0,Net Load,365,2510.528678,1973.958682,-1674.9125,1669.81,2587.22,3831.89,5925.7975
hour_of_day,8.0,Price,365,1.161682192,0.1878524497,0.7473,1.0783,1.1859,1.2868,1.541
hour_of_day,8.166666666666666,PV,365,3593.36125,1063.365451,1682.7674,2628.2615,3803.8242,4470.9937,5558.897
hour_of_day,8.166666666666666,Load,365,5884.826045,1617.078793,2979.9759,3737.1236,6707.1785,6909.2138,7546.7527
hour_of_day,8.166666666666666,Net Load,365,2291.464795,2017.391584,-2002.6234,1479.1101,2471.2463,3554.701,5728.0472
hour_of_day,8.166666666666666,Price,365,1.168286027,0.1916658807,0.7594,1.0715,1.1959,1.2955,1.5469
hour_of_day,8.333333333333334,PV,365,3890.733173,1060.884846,1942.6551,2925.433,4091.6333,4731.7837,6159.6625
hour_of_day,8.333333333333334,Load,365,5748.071281,1535.994985,2961.5007,3733.9841,6532.3389,6728.0422,7439.8292
hour_of_day,8.333333333333334,Net Load,365,1857.338107,1954.29686,-2736.9964,1079.2978,2023.8449,3010.4782,5350.2511
hour_of_day,8.333333333333334,Price,365,1.0956,0.1844580375,0.6545,1.008,1.1236,1.2105,1.4735
hour_of_day,8.5,PV,365,4181.341747,1062.998063,2176.275,3244.125,4396.8,5018.5125,6590.55
hour_of_day,8.5,Load,365,5769.058055,1572.83666,2912.48,3695.8,6560.48,6774.03,7428.53
hour_of_day,8.5,Net Load,365,1587.716308,1983.454492,-3333.82,687.1925,1770.545,2833.6075,5133.6425
hour_of_day,8.5,Price,365,1.084900822,0.1888106877,0.6554,0.9912,1.111,1.2021,1.419
hour_of_day,8.666666666666666,PV,365,4471.765715,1061.070111,2447.0445,3503.615,4669.0965,5340.5696,6746.4628
hour_of_day,8.666666666666666,Load,365,5754.210488,1594.25264,2694.6318,3689.646,6563.5191,6784.8729,7465.2636
hour_of_day,8.666666666666666,Net Load,365,1282.444772,1994.171821,-3404.7943,445.7405,1399.0077,2552.7754,4767.5479
hour_of_day,8.666666666666666,Price,365,1.061024384,0.1912199026,0.6419,0.9758,1.0908,1.1921,1.3972
hour_of_day,8.833333333333334,PV,365,4752.827172,1066.530524,2711.8548,3799.8443,4910.9583,5646.4757,6948.884
hour_of_day,8.833333333333334,Load,365,5824.180742,1453.808441,3035.4451,3952.895,6539.8425,6782.3162,7430.2399
hour_of_day,8.833333333333334,Net Load,365,1071.353571,1874.397759,-3267.1172,246.011,1090.4111,2277.7656,4398.6673
hour_of_day,8.833333333333334,Price,365,1.043026027,0.179028883,0.6459,0.966,1.0653,1.1603,1.3717
hour_of_day,9.0,PV,365,5021.907432,1079.142187,2963.2125,4054.1625,5195.175,5924.775,7292.1
hour_of_day,9.0,Load,365,5954.26011,1253.513136,3554.98,4398.14,6545.14,6778.17,7535.11
hour_of_day,9.0,Net Load,365,932.3526781,1720.848702,-3262.76,-34.2775,978.0875,1959.48,4286.2775
hour_of_day,9.0,Price,365,1.035988219,0.1627263715,0.6528,0.9374,1.0482,1.1409,1.3766
hour_of_day,9.166666666666666,PV,365,5285.412551,1087.018358,3236.2485,4384.5371,5434.705,6148.5753,7544.2723
hour_of_day,9.166666666666666,Load,365,5958.969631,1236.39989,3604.0326,4435.8367,6540.6298,6759.0704,7333.7226
hour_of_day,9.166666666666666,Net Load,365,673.55708,1708.841946,-3523.5764,-313.7546,760.1905,1674.102,3939.2516
hour_of_day,9.166666666666666,Price,365,1.014678082,0.1611480775,0.6318,0.9255,1.0281,1.1171,1.3481
hour_of_day,9.333333333333334,PV,365,5543.174235,1100.240054,3463.5549,4604.0297,5737.1225,6411.51,7701.4848
hour_of_day,9.333333333333334,Load,365,5929.555398,1258.857142,3573.979,4407.4568,6523.8899,6776.7988,7397.5353
hour_of_day,9.333333333333334,Net Load,365,386.381163,1734.542019,-3770.7677,-556.9358,442.4346,1423.1351,3713.415
hour_of_day,9.333333333333334,Price,365,0.9922032877,0.1640918801,0.5946,0.9087,1.0035,1.0906,1.3104
hour_of_day,9.5,PV,365,5788.409281,1111.350152,3628.0875,4873.8375,6012.1125,6660.3,8012.025
hour_of_day,9.5,Load,365,5923.782767,1239.985428,3505.17,4368.42,6528.87,6733.18,7462.64
hour_of_day,9.5,Net Load,365,135.3734863,1728.749473,-3898.11,-811.4675,183.4425,1223.175,3574.2275
hour_of_day,9.5,Price,365,0.9700057534,0.1626766193,0.5802,0.8887,0.9722,1.0677,1.3031
hour_of_day,9.666666666666666,PV,365,6012.130439,1098.266603,3735.5582,5129.5263,6261.1907,6883.1423,8347.3413
hour_of_day,9.666666666666666,Load,365,5907.58599,1242.959877,3566.3362,4399.2754,6503.5749,6724.9364,7317.9348
hour_of_day,9.666666666666666,Net Load,365,-104.544449,1724.148726,-4136.2694,-999.8893,-59.5013,981.7427,3262.7578
hour_of_day,9.666666666666666,Price,365,0.9422043836,0.161045877,0.5511,0.8549,0.9478,1.0536,1.2752
hour_of_day,9.833333333333334,PV,365,6216.152788,1089.114223,3958.7279,5348.0232,6431.727,7109.6331,8493.1704
hour_of_day,9.833333333333334,Load,365,5899.126155,1253.979531,3509.4392,4345.2158,6503.6566,6714.1402,7313.1756
hour_of_day,9.833333333333334,Net Load,365,-317.0266332,1733.126808,-4364.3303,-1240.0049,-266.3695,794.0936,3022.796
hour_of_day,9.833333333333334,Price,365,0.9569432877,0.1749454163,0.5601,0.8581,0.9661,1.0533,1.3318
hour_of_day,10.0,PV,365,6409.59411,1096.051501,4273.6125,5537.3625,6601.425,7253.1375,8698.6875
hour_of_day,10.0,Load,365,5902.219589,1256.478395,3589.82,4306.72,6480.73,6744.95,7419.21
hour_of_day,10.0,Net Load,365,-507.3745205,1746.597047,-4710.5425,-1432.1675,-516.125,644.055,2845.73
hour_of_day,10.0,Price,365,0.9976506849,0.2160921933,0.5098,0.8712,0.9784,1.1265,1.4993
hour_of_day,10.166666666666666,PV,365,6599.380773,1091.143337,4433.6409,5702.658,6743.9122,7472.5148,8913.5616
hour_of_day,10.166666666666666,Load,365,5897.479282,1255.740649,3592.5642,4286.0237,6479.0144,6734.6809,7451.2952
hour_of_day,10.166666666666666,Net Load,365,-701.9014901,1741.203537,-4830.6754,-1617.6344,-664.9354,438.3355,2871.9123
hour_of_day,10.166666666666666,Price,365,0.9919515068,0.219671305,0.5015,0.862,0.9741,1.1226,1.4966
hour_of_day,10.333333333333334,PV,365,6766.720371,1076.815228,4447.2386,5863.1348,6937.145,7574.1594,9257.2136
hour_of_day,10.333333333333334,Load,365,5886.75681,1250.789665,3506.1042,4342.3468,6486.7084,6728.0062,7399.4453
hour_of_day,10.333333333333334,Net Load,365,-879.9635611,1724.389089,-5063.5763,-1785.8473,-806.3478,173.3539,2697.7582
hour_of_day,10.333333333333334,Price,365,0.95878,0.209123244,0.5036,0.8356,0.9463,1.0808,1.4275
hour_of_day,10.5,PV,365,6914.592329,1074.640463,4708.0875,5999.3625,7079.8875,7708.35,9318.675
hour_of_day,10.5,Load,365,5873.470767,1245.45174,3532.57,4320.47,6451.51,6727.41,7254.91
hour_of_day,10.5,Net Load,365,-1041.121562,1720.451567,-5342.865,-2016.5775,-887.665,13.6875,2380.4525
hour_of_day,10.5,Price,365,0.9548854795,0.2136828606,0.5131,0.8243,0.9284,1.0852,1.4258
hour_of_day,10.666666666666666,PV,365,7064.205336,1088.612688,4946.2149,6135.5758,7258.8133,7833.9534,9396.5358
hour_of_day,10.666666666666666,Load,365,5858.030781,1245.560783,3550.1007,4310.2085,6433.349,6740.4952,7229.8642
hour_of_day,10.666666666666666,Net Load,365,-1206.174556,1736.10709,-5346.7402,-2175.3586,-1060.6538,-102.8788,2138.9391
hour_of_day,10.666666666666666,Price,365,0.9839383562,0.2236819918,0.5348,0.8449,0.9578,1.1234,1.4627
hour_of_day,10.833333333333334,PV,365,7197.431476,1098.202817,4968.8079,6270.6336,7374.4244,7975.2635,9624.7239
hour_of_day,10.833333333333334,Load,365,5844.994823,1250.193765,3438.0704,4279.7768,6428.5835,6709.8929,7249.6654
hour_of_day,10.833333333333334,Net Load,365,-1352.436653,1750.133892,-5541.6301,-2326.1766,-1221.6195,-264.9351,2226.3645
hour_of_day,10.833333333333334,Price,365,0.7990120548,0.1974913643,0.3334,0.6842,0.7989,0.9067,1.241
hour_of_day,11.0,PV,365,7303.114212,1096.994155,4979.2125,6405.15,7489.0875,8155.3875,9670.4625
hour_of_day,11.0,Load,365,5839.05874,1252.796883,3437.28,4274.35,6435.03,6706.05,7367.86
hour_of_day,11.0,Net Load,365,-1464.055473,1751.186383,-5782.8,-2453.8575,-1435.375,-372.1625,2287.4075
hour_of_day,11.0,Price,365,0.5025016438,0.165979493,0.0489,0.4123,0.5163,0.6109,0.8645
hour_of_day,11.166666666666666,PV,365,7387.684755,1095.61103,4907.9946,6537.7781,7498.667,8216.8863,9875.6709
hour_of_day,11.166666666666666,Load,365,5838.71033,1250.459246,3480.9991,4236.8391,6427.534,6688.1647,7281.2919
hour_of_day,11.166666666666666,Net Load,365,-1548.974424,1746.169206,-6090.5021,-2463.3833,-1509.4848,-451.4629,2172.5858
hour_of_day,11.166666666666666,Price,365,0.466240274,0.1592931426,0.0506,0.373,0.4796,0.5717,0.7785
hour_of_day,11.333333333333334,PV,365,7459.226967,1098.764182,5015.1025,6589.0064,7623.6845,8289.5509,10104.8442
hour_of_day,11.333333333333334,Load,365,5823.437755,1254.870699,3389.1476,4217.871,6390.6269,6663.6085,7265.2666
hour_of_day,11.333333333333334,Net Load,365,-1635.789212,1740.954176,-6350.1983,-2549.2885,-1651.0947,-487.8027,2029.7638
hour_of_day,11.333333333333334,Price,365,0.5006649315,0.1608818725,0.1016,0.4083,0.5186,0.6067,0.8229
hour_of_day,11.5,PV,365,7520.71911,1112.190428,5256.3375,6635.1375,7697.5875,8394.4875,10216.2
hour_of_day,11.5,Load,365,5814.793233,1269.184838,3382.12,4205.23,6413.25,6697.89,7356.73
hour_of_day,11.5,Net Load,365,-1705.925877,1750.767797,-6363.82,-2638.875,-1683.4975,-546.54,1889.33
hour_of_day,11.5,Price,365,0.482739726,0.1639246907,0.0776,0.3906,0.497,0.586,0.802
hour_of_day,11.666666666666666,PV,365,7568.203852,1130.664702,5345.688,6599.4554,7765.986,8455.7294,9948.4073
hour_of_day,11.666666666666666,Load,365,5832.395147,1269.877792,3437.32,4211.9937,6429.2379,6675.9632,7293.0812
hour_of_day,11.666666666666666,Net Load,365,-1735.808705,1771.696876,-6440.579,-2720.8385,-1684.5452,-533.6587,1820.6596
hour_of_day,11.666666666666666,Price,365,0.4784608219,0.1633570965,0.04,0.3939,0.4867,0.5985,0.7991
hour_of_day,11.833333333333334,PV,365,7592.153903,1133.01365,5340.3233,6665.4742,7719.8453,8478.3775,10105.3207
hour_of_day,11.833333333333334,Load,365,5712.900999,1194.125789,3455.1837,4225.7314,6261.7595,6528.8309,7165.6152
hour_of_day,11.833333333333334,Net Load,365,-1879.252904,1728.67487,-6601.9911,-2847.1216,-1840.9164,-650.3341,1632.1555
hour_of_day,11.833333333333334,Price,365,0.4661709589,0.1579128325,0.034,0.3789,0.4715,0.5752,0.7757
hour_of_day,12.0,PV,365,7601.043288,1130.053764,5146.35,6661.275,7694.025,8473.425,9995.8875
hour_of_day,12.0,Load,365,5519.460658,1090.399615,3427.58,4273.15,5991.26,6262.06,6958.9
hour_of_day,12.0,Net Load,365,-2081.58263,1649.676305,-6452.0775,-3060.06,-2039.7875,-973.505,1299.58
hour_of_day,12.0,Price,365,0.4431909589,0.1514976854,0.0076,0.361,0.4454,0.5482,0.7706
hour_of_day,12.166666666666666,PV,365,7612.316029,1150.774056,5125.9587,6651.3779,7780.3265,8487.8746,10006.419
hour_of_day,12.166666666666666,Load,365,5494.790749,1075.897522,3392.8426,4221.3399,5956.0462,6252.8643,6824.2839
hour_of_day,12.166666666666666,Net Load,365,-2117.52528,1639.853373,-6047.7537,-3044.3918,-2065.7009,-979.6527,1554.5322
hour_of_day,12.166666666666666,Price,365,0.4411427397,0.1498003579,0.0376,0.3586,0.4468,0.539,0.8026
hour_of_day,12.333333333333334,PV,365,7602.652404,1157.851321,4948.7048,6627.8125,7714.4945,8524.4239,10057.9095
hour_of_day,12.333333333333334,Load,365,5514.452446,1094.241109,3288.1525,4226.986,5986.4457,6281.2467,6906.6595
hour_of_day,12.333333333333334,Net Load,365,-2088.199958,1662.245148,-6128.614,-2997.6521,-2054.835,-997.4908,1466.7819
hour_of_day,12.333333333333334,Price,365,0.4550761644,0.1527696028,0.085,0.3688,0.4672,0.5604,0.8183
hour_of_day,12.5,PV,365,7554.187192,1145.169067,4996.05,6649.425,7711.0875,8421.4875,10059.6375
hour_of_day,12.5,Load,365,5485.829041,1090.71466,3351.29,4250.9,5958.43,6251.21,6883.28
hour_of_day,12.5,Net Load,365,-2068.358151,1666.455206,-6218.0575,-3012.69,-2027.7475,-965.135,1467.385
hour_of_day,12.5,Price,365,0.4462936986,0.1528714645,0.0987,0.3536,0.4596,0.5485,0.7799
hour_of_day,12.666666666666666,PV,365,7472.738401,1147.462292,5061.6004,6584.2747,7619.6393,8356.5501,9953.7999
hour_of_day,12.666666666666666,Load,365,5462.362759,1069.117394,3350.6249,4225.0041,5926.6448,6204.8323,6847.4379
hour_of_day,12.666666666666666,Net Load,365,-2010.375642,1646.778798,-6409.8636,-3017.412,-1989.6265,-873.7105,1645.5525
hour_of_day,12.666666666666666,Price,365,0.4113410959,0.147876986,0.0224,0.3238,0.4176,0.5148,0.7267
hour_of_day,12.833333333333334,PV,365,7393.417237,1142.735568,4912.5647,6531.8447,7451.1877,8277.4777,9887.751
hour_of_day,12.833333333333334,Load,365,5566.106639,1139.318047,3359.1047,4213.1908,6064.0725,6344.6983,7135.5358
hour_of_day,12.833333333333334,Net Load,365,-1827.310598,1684.772092,-6106.4887,-2848.795,-1756.4751,-632.0325,1923.893
hour_of_day,12.833333333333334,Price,365,0.5682405479,0.1519897253,0.1533,0.4808,0.585,0.6795,0.903
hour_of_day,13.0,PV,365,7312.797945,1122.234117,4792.575,6534.4875,7408.5,8195.2125,9785.3625
hour_of_day,13.0,Load,365,5725.754795,1259.162384,3344.41,4204.43,6299.59,6559.89,7523.22
hour_of_day,13.0,Net Load,365,-1587.043151,1755.936844,-5983.49,-2651.2425,-1445.5175,-358.06,2122.845
hour_of_day,13.0,Price,365,0.8278586301,0.163682159,0.4046,0.7306,0.8522,0.9409,1.1525
hour_of_day,13.166666666666666,PV,365,7194.541005,1107.447232,4704.4123,6418.8269,7309.0588,8088.2584,9598.6939
hour_of_day,13.166666666666666,Load,365,5739.495672,1272.312043,3261.3217,4172.4181,6331.239,6577.5165,7449.2543
hour_of_day,13.166666666666666,Net Load,365,-1455.045333,1741.404307,-5701.2098,-2488.3478,-1353.7739,-217.4909,1991.1232
hour_of_day,13.166666666666666,Price,365,0.8635953425,0.1618048066,0.4606,0.7611,0.8878,0.9781,1.1717
hour_of_day,13.333333333333334,PV,365,7053.137066,1097.222609,4608.4697,6231.784,7134.6887,7869.7965,9351.4358
hour_of_day,13.333333333333334,Load,365,5714.683625,1248.725849,3222.5266,4223.2013,6288.4228,6522.8664,7332.9233
hour_of_day,13.333333333333334,Net Load,365,-1338.453441,1701.998303,-5570.2924,-2479.7847,-1202.6735,-147.0988,2006.96
hour_of_day,13.333333333333334,Price,365,0.8415671233,0.157515697,0.4443,0.74,0.8595,0.9522,1.1437
hour_of_day,13.5,PV,365,6910.406404,1092.206051,4418.55,6077.3625,7014.3375,7737.7125,9155.4
hour_of_day,13.5,Load,365,5717.850521,1249.21911,3273.07,4261.55,6277.11,6521.17,7584.7
hour_of_day,13.5,Net Load,365,-1192.555884,1684.069914,-5520,-2158.955,-1082.6,-79.9975,2163.35
hour_of_day,13.5,Price,365,0.8617860274,0.1549601711,0.4637,0.766,0.8828,0.9808,1.1705
hour_of_day,13.666666666666666,PV,365,6772.407483,1102.275689,4347.5324,5913.9377,6895.1608,7640.3957,9149.5772
hour_of_day,13.666666666666666,Load,365,5708.248627,1260.793083,3230.2971,4234.8559,6272.0999,6530.375,7406.5819
hour_of_day,13.666666666666666,Net Load,365,-1064.158856,1679.380357,-5164.5323,-2079.5263,-945.6434,80.0708,2446.8788
hour_of_day,13.666666666666666,Price,365,0.8623241096,0.1516452972,0.4662,0.7699,0.8904,0.9667,1.1863
hour_of_day,13.833333333333334,PV,365,6607.360012,1103.840343,4271.9088,5779.6043,6733.5899,7481.8255,9083.379
hour_of_day,13.833333333333334,Load,365,5696.918243,1267.63338,3301.8114,4201.8689,6242.4743,6518.3256,7412.3027
hour_of_day,13.833333333333334,Net Load,365,-910.4417688,1680.237997,-5186.305,-1918.9839,-779.8019,289.5798,2169.0389
hour_of_day,13.833333333333334,Price,365,0.9025854795,0.1679012832,0.478,0.797,0.9105,1.0124,1.2461
hour_of_day,14.0,PV,365,6412.508527,1091.72233,4139.25,5604.15,6502.3875,7270.0125,8954.8125
hour_of_day,14.0,Load,365,5692.298301,1264.053752,3242.94,4303.98,6231.9,6481.06,7490.08
hour_of_day,14.0,Net Load,365,-720.210226,1673.104128,-4696.3425,-1664.7725,-623.6925,439.3375,2404.795
hour_of_day,14.0,Price,365,0.9754490411,0.2142427144,0.4811,0.8518,0.9523,1.1006,1.4592
hour_of_day,14.166666666666666,PV,365,6214.015801,1085.547896,3961.665,5393.2403,6288.2667,7028.3701,9038.1514
hour_of_day,14.166666666666666,Load,365,5687.12908,1264.871957,3300.5516,4241.7131,6233.7006,6453.391,7573.0382
hour_of_day,14.166666666666666,Net Load,365,-526.8867211,1655.342152,-4518.7785,-1435.3348,-377.3361,550.4691,2527.4208
hour_of_day,14.166666666666666,Price,365,1.000205479,0.2196965556,0.5074,0.8703,0.9751,1.1379,1.4822
hour_of_day,14.333333333333334,PV,365,6000.711209,1079.928359,3800.0876,5199.8465,6078.893,6820.3957,8657.4812
hour_of_day,14.333333333333334,Load,365,5678.961982,1273.84006,3306.0805,4217.0366,6227.9968,6469.586,7531.8554
hour_of_day,14.333333333333334,Net Load,365,-321.7492268,1648.423771,-4389.3405,-1309.8783,-187.7811,765.9747,2562.9497
hour_of_day,14.333333333333334,Price,365,0.9977819178,0.2075266906,0.5381,0.8662,0.9847,1.1227,1.4394
hour_of_day,14.5,PV,365,5766.981575,1072.9005,3611.2125,4988.9625,5895.45,6598.4625,8239.95
hour_of_day,14.5,Load,365,5669.450767,1279.385464,3142.06,4304.97,6215.54,6445.36,7488.41
hour_of_day,14.5,Net Load,365,-97.53080822,1645.034812,-4131.73,-1022.3925,33.82,1005.69,2889.0525
hour_of_day,14.5,Price,365,1.027086575,0.2096950016,0.5646,0.9025,1.0153,1.1561,1.5053
hour_of_day,14.666666666666666,PV,365,5521.50658,1074.950729,3374.8115,4614.6492,5657.356,6359.729,7915.8208
hour_of_day,14.666666666666666,Load,365,5664.194844,1266.693191,3221.234,4369.5779,6203.2927,6428.1199,7544.4323
hour_of_day,14.666666666666666,Net Load,365,142.6882644,1614.037823,-4014.9878,-849.4586,258.1548,1226.9236,3094.4784
hour_of_day,14.666666666666666,Price,365,1.090606301,0.2190890333,0.5867,0.9593,1.0726,1.2378,1.5372
hour_of_day,14.833333333333334,PV,365,5268.781016,1069.518902,3198.9887,4387.1571,5432.0634,6107.4417,7441.5256
hour_of_day,14.833333333333334,Load,365,5672.701133,1268.206788,3254.3376,4449.7989,6197.2913,6398.9096,7471.7098
hour_of_day,14.833333333333334,Net Load,365,403.9201173,1594.3472,-3753.8763,-543.4204,468.9474,1491.2194,3385.3822
hour_of_day,14.833333333333334,Price,365,0.9376180822,0.1888128041,0.4626,0.8234,0.9366,1.0426,1.3326
hour_of_day,15.0,PV,365,5009.715205,1058.94639,2957.5875,4166.5875,5211.0375,5821.725,7191.225
hour_of_day,15.0,Load,365,5682.254356,1283.163762,3177.62,4470.62,6208.4,6417.35,7810.24
hour_of_day,15.0,Net Load,365,672.5391507,1593.158584,-3385.98,-268.01,749.6075,1805.7125,3597.7975
hour_of_day,15.0,Price,365,0.6694043836,0.1508215237,0.2515,0.5685,0.6851,0.7871,0.9561
hour_of_day,15.166666666666666,PV,365,4743.448424,1057.588639,2665.595,3895.4631,4986.4788,5562.0528,6931.4362
hour_of_day,15.166666666666666,Load,365,5669.019524,1279.889092,3099.8817,4423.3852,6198.6853,6386.142,7809.7512
hour_of_day,15.166666666666666,Net Load,365,925.5711005,1579.082196,-3176.8152,63.7989,1019.3057,2038.771,3840.587
hour_of_day,15.166666666666666,Price,365,0.6599739726,0.1455531252,0.2829,0.5651,0.6792,0.7706,0.9117
hour_of_day,15.333333333333334,PV,365,4471.223962,1063.996711,2404.6045,3574.7475,4696.0821,5295.1247,6544.797
hour_of_day,15.333333333333334,Load,365,5656.365147,1280.772716,3272.3045,4412.1987,6177.4322,6380.5095,7590.8895
hour_of_day,15.333333333333334,Net Load,365,1185.141185,1575.089638,-3040.2171,250.0373,1303.5061,2298.9129,4019.0283
hour_of_day,15.333333333333334,Price,365,0.7217131507,0.148266642,0.3429,0.6364,0.7503,0.8247,0.9899
hour_of_day,15.5,PV,365,4188.2025,1064.475515,2166.8625,3293.625,4391.25,5010.975,6261.6
hour_of_day,15.5,Load,365,5657.086712,1293.56658,3192.81,4381.06,6162.59,6384.12,7801.61
hour_of_day,15.5,Net Load,365,1468.884212,1580.923074,-2739.31,567.13,1654.415,2544.93,4246.1275
hour_of_day,15.5,Price,365,0.7307558904,0.1497051261,0.3284,0.6354,0.7635,0.8426,1.0413
hour_of_day,15.666666666666666,PV,365,3889.393121,1050.325411,1895.7265,2973.2793,4110.2526,4711.9702,5799.3532
hour_of_day,15.666666666666666,Load,365,5662.600759,1294.763277,3219.0463,4417.893,6156.8041,6397.1635,7633.2605
hour_of_day,15.666666666666666,Net Load,365,1773.207638,1567.706895,-2147.1017,899.0557,1952.1543,2871.9762,4526.7994
hour_of_day,15.666666666666666,Price,365,0.7534054795,0.1485430706,0.3517,0.658,0.7824,0.8639,1.0102
hour_of_day,15.833333333333334,PV,365,3594.594639,1049.828914,1545.1629,2615.0861,3803.3077,4468.3309,5315.3608
hour_of_day,15.833333333333334,Load,365,5669.259558,1294.419405,3212.1415,4419.705,6168.1656,6418.7974,7732.962
hour_of_day,15.833333333333334,Net Load,365,2074.664918,1550.43879,-1784.919,1164.8283,2237.185,3105.1723,4811.4484
hour_of_day,15.833333333333334,Price,365,0.7823328767,0.1470406962,0.3876,0.6835,0.8107,0.889,1.0505
hour_of_day,16.0,PV,365,3303.887774,1062.36661,1255.275,2299.9125,3569.1375,4152.825,5102.325
hour_of_day,16.0,Load,365,5673.476712,1299.231018,3234.88,4475.57,6171.98,6404.25,7784.84
hour_of_day,16.0,Net Load,365,2369.588938,1542.308029,-1593.5275,1541.6,2572.97,3464.565,4989.84
hour_of_day,16.0,Price,365,0.8055224658,0.1463278431,0.4239,0.7064,0.829,0.9145,1.0839
hour_of_day,16.166666666666668,PV,365,2998.424655,1060.382415,1100.85,1976.7903,3253.5826,3885.7737,4878.2495
hour_of_day,16.166666666666668,Load,365,5671.014556,1306.537114,3156.6408,4540.5396,6153.3743,6386.6397,7633.4736
hour_of_day,16.166666666666668,Net Load,365,2672.589901,1541.782407,-1110.1651,1734.7444,2902.6483,3748.8615,5195.7695
hour_of_day,16.166666666666668,Price,365,0.82714,0.1466674001,0.4817,0.7243,0.8604,0.9422,1.0778
hour_of_day,16.333333333333332,PV,365,2687.413113,1055.158749,861.2207,1681.2301,2916.9982,3599.1232,4537.82
hour_of_day,16.333333333333332,Load,365,5661.592644,1318.681702,3146.5399,4452.3636,6149.898,6379.5503,7744.4755
hour_of_day,16.333333333333332,Net Load,365,2974.179532,1542.655409,-748.4241,2088.8553,3207.2534,4012.1577,5431.2367
hour_of_day,16.333333333333332,Price,365,0.8519134247,0.1477608054,0.4914,0.7497,0.8888,0.9682,1.0929
hour_of_day,16.5,PV,365,2383.177911,1055.399717,611.5125,1372.5375,2591.8125,3310.9125,4093.275
hour_of_day,16.5,Load,365,5665.892247,1311.814994,3123.24,4584.53,6137.72,6382.31,7786.68
hour_of_day,16.5,Net Load,365,3282.714336,1525.560053,-434.895,2449.5825,3523.64,4269.6625,5741.77
hour_of_day,16.5,Price,365,0.8790728767,0.1464307054,0.4975,0.7784,0.9152,0.9886,1.1491
hour_of_day,16.666666666666668,PV,365,2089.12456,1056.467934,387.9245,1054.9659,2298.2373,3042.0509,3848.9625
hour_of_day,16.666666666666668,Load,365,5689.037155,1279.910707,3277.3729,4614.5657,6137.0216,6364.9216,7685.9396
hour_of_day,16.666666666666668,Net Load,365,3599.912595,1490.044426,-48.5962,2695.964,3875.8718,4560.0568,6189.682
hour_of_day,16.666666666666668,Price,365,0.9024243836,0.1418785984,0.56,0.8036,0.9388,1.0064,1.1532
hour_of_day,16.833333333333332,PV,365,1791.082927,1050.796977,165.296,748.3192,1985.8436,2744.0656,3506.8252
hour_of_day,16.833333333333332,Load,365,5603.661364,1404.947448,2935.9918,4273.0829,6135.3278,6368.1724,7748.7319
hour_of_day,16.833333333333332,Net Load,365,3812.578438,1587.499427,-83.4679,2831.9823,4184.9588,4917.1189,6377.1101
hour_of_day,16.833333333333332,Price,365,0.916289863,0.1530824572,0.5557,0.7956,0.9589,1.0346,1.1698
hour_of_day,17.0,PV,365,1501.728288,1023.113856,0,442.8375,1642.3875,2470.4625,3138.9375
hour_of_day,17.0,Load,365,5466.712356,1617.353164,2478.11,3853.81,6135.32,6374.42,7797.58
hour_of_day,17.0,Net Load,365,3964.984068,1755.216078,-385.8925,2583.375,4475.29,5222.1525,6386.0975
hour_of_day,17.0,Price,365,0.9263846575,0.1709049527,0.5262,0.7584,0.988,1.0605,1.2008
hour_of_day,17.166666666666668,PV,365,1255.172345,959.7831729,0,160.4541,1323.4272,2178.6864,2827.8144
hour_of_day,17.166666666666668,Load,365,5467.393866,1642.666398,2329.3455,3823.8707,6134.1999,6367.7307,7873.013
hour_of_day,17.166666666666668,Net Load,365,4212.221522,1741.341243,-193.1221,2695.3067,4740.1653,5528.9901,6516.7242
hour_of_day,17.166666666666668,Price,365,0.9461676712,0.1669074011,0.5336,0.7892,1.0067,1.0786,1.174
hour_of_day,17.333333333333332,PV,365,1036.332261,873.7231762,0,14.3337,1024.221,1924.8608,2540.266
hour_of_day,17.333333333333332,Load,365,5464.727021,1593.27279,2500.385,3968.9661,6100.2031,6351.6336,7846.4899
hour_of_day,17.333333333333332,Net Load,365,4428.394759,1651.30753,435.7444,2821.0679,5050.4223,5761.6112,6527.8795
hour_of_day,17.333333333333332,Price,365,0.9741663014,0.1596374506,0.5758,0.8104,1.0431,1.0967,1.181
hour_of_day,17.5,PV,365,836.7774658,774.6656693,0,0,729.6375,1640.85,2255.85
hour_of_day,17.5,Load,365,5492.445808,1624.424014,2466.69,3939.26,6144.24,6437.67,7792.13
hour_of_day,17.5,Net Load,365,4655.668342,1641.724312,639.1375,2782.66,5440.485,6000.31,6397.64
hour_of_day,17.5,Price,365,0.9862210959,0.164660577,0.5853,0.798,1.063,1.1112,1.2098
hour_of_day,17.666666666666668,PV,365,665.2313175,669.8649017,0,0.8695,463.5716,1375.81,1943.9756
hour_of_day,17.666666666666668,Load,365,5621.730769,1710.675251,2428.6276,3931.2324,6293.4938,6581.8646,7978.8849
hour_of_day,17.666666666666668,Net Load,365,4956.499451,1698.881408,762.9038,2788.4988,5882.4495,6256.7392,6687.7481
hour_of_day,17.666666666666668,Price,365,0.9759786301,0.170575759,0.5743,0.7805,1.0632,1.1014,1.1793
hour_of_day,17.833333333333332,PV,365,516.6757633,566.8163041,0,0.3084,197.0739,1141.0941,1657.6369
hour_of_day,17.833333333333332,Load,365,5091.21265,1394.640502,2496.0867,3953.1904,5542.1147,5865.7857,7318.9129
hour_of_day,17.833333333333332,Net Load,365,4574.536886,1354.68908,1281.3025,2890.0348,5329.9926,5593.1082,6166.3636
hour_of_day,17.833333333333332,Price,365,1.074176164,0.1357089924,0.7589,0.9241,1.1351,1.1732,1.287
hour_of_day,18.0,PV,365,386.6730822,465.7798682,0,0,0,913.5,1357.125
hour_of_day,18.0,Load,365,4208.568849,901.3352919,2446.93,4015.39,4312.13,4615.76,6155.93
hour_of_day,18.0,Net Load,365,3821.895767,814.3262517,1554.2575,3209.88,4192.38,4388.13,5247.405
hour_of_day,18.0,Price,365,1.231275068,0.08650321316,0.9981,1.1686,1.249,1.2968,1.4337
hour_of_day,18.166666666666668,PV,365,275.7932995,363.3104367,0,0,3.726,657.6721,1062.3324
hour_of_day,18.166666666666668,Load,365,4122.761077,845.852655,2506.0886,3926.8763,4187.8237,4566.9185,5899.2786
hour_of_day,18.166666666666668,Net Load,365,3846.967778,756.4358154,2004.9909,3349.3834,4096.7818,4292.4867,5484.3342
hour_of_day,18.166666666666668,Price,365,1.256051233,0.07997487126,1.0657,1.2039,1.2684,1.3112,1.4668
hour_of_day,18.333333333333332,PV,365,182.952611,266.2427624,0,0,0.4261,433.6396,823.5528
hour_of_day,18.333333333333332,Load,365,4255.935768,914.1181233,2518.6813,3964.903,4353.6146,4713.8718,6167.495
hour_of_day,18.333333333333332,Net Load,365,4072.983158,844.755372,2269.7596,3497.0697,4304.8365,4501.5674,5734.8313
hour_of_day,18.333333333333332,Price,365,1.244652877,0.08778532959,1.0398,1.188,1.2616,1.295,1.4606
hour_of_day,18.5,PV,365,108.3414041,179.4834241,0,0,0,204.3375,598.1625
hour_of_day,18.5,Load,365,4225.952411,913.3273461,2486.51,3973.07,4305.3,4630.38,6139.09
hour_of_day,18.5,Net Load,365,4117.611007,859.6962434,2486.51,3697.5425,4284.28,4522.22,5865.2875
hour_of_day,18.5,Price,365,1.254524658,0.09012978887,1.0529,1.2035,1.265,1.3132,1.4648
hour_of_day,18.666666666666668,PV,365,54.31208329,102.2902961,0,0,0.021,42.6828,370.2846
hour_of_day,18.666666666666668,Load,365,4233.33845,922.7793292,2354.0137,4070.1431,4321.2951,4719.9195,6341.6323
hour_of_day,18.666666666666668,Net Load,365,4179.026367,890.7530795,2353.986,3931.8418,4316.9424,4652.709,5998.9534
hour_of_day,18.666666666666668,Price,365,1.252178904,0.08975875769,1.0452,1.2015,1.2613,1.3136,1.449
hour_of_day,18.833333333333332,PV,365,18.65691973,40.70881644,0,0,0.0023,2.7337,150.7904
hour_of_day,18.833333333333332,Load,365,4246.462453,919.4489102,2441.8696,4053.9396,4325.326,4729.105,6335.7991
hour_of_day,18.833333333333332,Net Load,365,4227.805534,907.2732014,2441.8527,4025.3094,4325.326,4696.7186,6187.7666
hour_of_day,18.833333333333332,Price,365,1.288127671,0.1103238259,1.0298,1.2267,1.2891,1.3495,1.5733
hour_of_day,19.0,PV,365,0.2753424658,1.279884478,0,0,0,0,8.7375
hour_of_day,19.0,Load,365,4239.179452,906.9169015,2539.74,3986.32,4309.28,4667.23,6164.22
hour_of_day,19.0,Net Load,365,4238.90411,906.7835247,2539.74,3986.32,4309.28,4667.23,6164.22
hour_of_day,19.0,Price,365,1.34658274,0.1648643867,1.0568,1.2431,1.312,1.4762,1.7497
hour_of_day,19.166666666666668,PV,365,0.229589589,0.7164624669,0,0,0,0.0112,4.4353
hour_of_day,19.166666666666668,Load,365,4244.668374,923.3762976,2466.7082,3963.8359,4322.9231,4775.5538,6132.0983
hour_of_day,19.166666666666668,Net Load,365,4244.438784,923.2705456,2466.7082,3963.8359,4322.7207,4775.3378,6132.0983
hour_of_day,19.166666666666668,Price,365,1.352309315,0.1690193981,1.0646,1.2566,1.3118,1.4957,1.7416
hour_of_day,19.333333333333332,PV,365,0.6007408219,1.31832192,0,0,0,0.1282,5.3783
hour_of_day,19.333333333333332,Load,365,4251.918728,928.2806538,2460.1807,3971.8856,4337.6079,4732.5868,6158.6908
hour_of_day,19.333333333333332,Net Load,365,4251.317987,927.8356838,2460.1807,3971.4863,4337.6079,4731.8762,6155.5388
hour_of_day,19.333333333333332,Price,365,1.344490137,0.1591241915,1.0109,1.2581,1.3062,1.4733,1.6968
hour_of_day,19.5,PV,365,0,0,0,0,0,0,0
hour_of_day,19.5,Load,365,4256.681288,910.7217227,2491.39,4062.53,4333.93,4676.5,6160.53
hour_of_day,19.5,Net Load,365,4256.681288,910.7217227,2491.39,4062.53,4333.93,4676.5,6160.53
hour_of_day,19.5,Price,365,1.348248767,0.1634544317,1.028,1.2492,1.3114,1.4751,1.7686
hour_of_day,19.666666666666668,PV,365,0.01644986301,0.05145009725,0,0,0,0,0.3184
hour_of_day,19.666666666666668,Load,365,4267.394735,902.7921961,2519.7238,4055.766,4343.0334,4693.8203,6134.0676
hour_of_day,19.666666666666668,Net Load,365,4267.378285,902.7841273,2519.7238,4055.5021,4343.0334,4693.8203,6134.0676
hour_of_day,19.666666666666668,Price,365,1.348950685,0.1625715102,1.0496,1.2565,1.3086,1.4792,1.7113
hour_of_day,19.833333333333332,PV,365,0.04310438356,0.0946630922,0,0,0,0.0092,0.3861
hour_of_day,19.833333333333332,Load,365,4269.975032,915.2981713,2489.5707,3967.1522,4356.8816,4705.315,6117.432
hour_of_day,19.833333333333332,Net Load,365,4269.931927,915.2680516,2489.5707,3967.1235,4356.8816,4705.3134,6117.1141
hour_of_day,19.833333333333332,Price,365,1.347312329,0.1623424923,1.0708,1.2526,1.3086,1.4717,1.7196
hour_of_day,20.0,PV,365,0,0,0,0,0,0,0
hour_of_day,20.0,Load,365,4268.670164,929.1091589,2456.66,4051.65,4350.97,4740.81,6278.32
hour_of_day,20.0,Net Load,365,4268.670164,929.1091589,2456.66,4051.65,4350.97,4740.81,6278.32
hour_of_day,20.0,Price,365,1.348163288,0.1651561172,1.0643,1.2458,1.3079,1.4765,1.7345
hour_of_day,20.166666666666668,PV,365,0.001149589041,0.003702654393,0,0,0,0,0.0229
hour_of_day,20.166666666666668,Load,365,4282.22446,916.9870204,2546.033,4115.1833,4356.0804,4747.4911,6178.5016
hour_of_day,20.166666666666668,Net Load,365,4282.223311,916.9863968,2546.033,4115.1643,4356.0779,4747.4911,6178.5016
hour_of_day,20.166666666666668,Price,365,1.351333425,0.1664290938,1.0675,1.2566,1.3106,1.4884,1.7422
hour_of_day,20.333333333333332,PV,365,0.003069041096,0.006805690122,0,0,0,0,0.0277
hour_of_day,20.333333333333332,Load,365,4291.704944,906.1860811,2582.0632,4109.0751,4361.9429,4754.2859,6239.4259
hour_of_day,20.333333333333332,Net Load,365,4291.701875,906.1838046,2582.0632,4109.0751,4361.927,4754.2859,6239.4038
hour_of_day,20.333333333333332,Price,365,1.340018356,0.1626858698,1.0473,1.2407,1.2996,1.4746,1.7191
hour_of_day,20.5,PV,365,0,0,0,0,0,0,0
hour_of_day,20.5,Load,365,4291.361068,910.4505318,2582.93,4065.39,4354.38,4756.8,6257.54
hour_of_day,20.5,Net Load,365,4291.361068,910.4505318,2582.93,4065.39,4354.38,4756.8,6257.54
hour_of_day,20.5,Price,365,1.348909315,0.1619840627,1.048,1.2518,1.3101,1.488,1.7648
hour_of_day,20.666666666666668,PV,365,4.082191781e-05,0.0002238631439,0,0,0,0,0.0016
hour_of_day,20.666666666666668,Load,365,4293.918153,910.2313048,2543.6068,4095.4856,4357.5493,4764.64,6222.3881
hour_of_day,20.666666666666668,Net Load,365,4293.918113,910.2312842,2543.6068,4095.4856,4357.5493,4764.64,6222.3881
hour_of_day,20.666666666666668,Price,365,1.395245753,0.1716760525,1.1047,1.2892,1.344,1.547,1.7936
hour_of_day,20.833333333333332,PV,365,0.0001816438356,0.0004808046532,0,0,0,0,0.002
hour_of_day,20.833333333333332,Load,365,4295.213519,905.3609746,2507.8797,4058.5176,4349.1068,4752.5607,6112.2518
hour_of_day,20.833333333333332,Net Load,365,4295.213337,905.3608324,2507.8797,4058.5176,4349.1068,4752.5607,6112.2518
hour_of_day,20.833333333333332,Price,365,1.222633151,0.1371589858,0.9615,1.1528,1.1956,1.3108,1.5304
hour_of_day,21.0,PV,365,0,0,0,0,0,0,0
hour_of_day,21.0,Load,365,4302.030712,903.0328157,2491.94,4007.27,4377.21,4775.23,6192.12
hour_of_day,21.0,Net Load,365,4302.030712,903.0328157,2491.94,4007.27,4377.21,4775.23,6192.12
hour_of_day,21.0,Price,365,0.933159726,0.09793242986,0.6863,0.8871,0.9449,0.993,1.1515
hour_of_day,21.166666666666668,PV,365,0,0,0,0,0,0,0
hour_of_day,21.166666666666668,Load,365,4320.961825,906.3032712,2505.9998,4119.7042,4391.6678,4833.172,6122.8881
hour_of_day,21.166666666666668,Net Load,365,4320.961825,906.3032712,2505.9998,4119.7042,4391.6678,4833.172,6122.8881
hour_of_day,21.166666666666668,Price,365,0.9068391781,0.0922650954,0.6926,0.8644,0.9158,0.9576,1.0946
hour_of_day,21.333333333333332,PV,365,0,0,0,0,0,0,0
hour_of_day,21.333333333333332,Load,365,4302.329183,902.5914389,2549.9489,4111.8288,4368.3422,4770.2902,6354.5294
hour_of_day,21.333333333333332,Net Load,365,4302.329183,902.5914389,2549.9489,4111.8288,4368.3422,4770.2902,6354.5294
hour_of_day,21.333333333333332,Price,365,0.9371194521,0.0935517209,0.725,0.8947,0.9455,0.9849,1.1779
hour_of_day,21.5,PV,365,0,0,0,0,0,0,0
hour_of_day,21.5,Load,365,4322.675836,902.6600852,2537.61,4104.54,4407.71,4712.43,6271.67
hour_of_day,21.5,Net Load,365,4322.675836,902.6600852,2537.61,4104.54,4407.71,4712.43,6271.67
hour_of_day,21.5,Price,365,0.9370676712,0.09598149802,0.6889,0.8929,0.9458,0.9905,1.1765
hour_of_day,21.666666666666668,PV,365,0,0,0,0,0,0,0
hour_of_day,21.666666666666668,Load,365,4428.80833,919.882451,2645.7689,4229.2596,4519.7625,4848.1529,6239.0595
hour_of_day,21.666666666666668,Net Load,365,4428.80833,919.882451,2645.7689,4229.2596,4519.7625,4848.1529,6239.0595
hour_of_day,21.666666666666668,Price,365,0.9870958904,0.09680419861,0.7455,0.9377,0.9985,1.0396,1.1925
hour_of_day,21.833333333333332,PV,365,0,0,0,0,0,0,0
hour_of_day,21.833333333333332,Load,365,4030.161435,819.8984088,2373.2293,3813.0609,4080.4444,4388.6412,5695.3445
hour_of_day,21.833333333333332,Net Load,365,4030.161435,819.8984088,2373.2293,3813.0609,4080.4444,4388.6412,5695.3445
hour_of_day,21.833333333333332,Price,365,0.7764457534,0.08665922565,0.5792,0.7237,0.7842,0.8262,0.9669
hour_of_day,22.0,PV,365,0,0,0,0,0,0,0
hour_of_day,22.0,Load,365,3362.741945,677.9258471,2043.72,3128.35,3316.38,3661.05,5134.27
hour_of_day,22.0,Net Load,365,3362.741945,677.9258471,2043.72,3128.35,3316.38,3661.05,5134.27
hour_of_day,22.0,Price,365,0.4209175342,0.07467136806,0.2284,0.3773,0.4223,0.4619,0.6333
hour_of_day,22.166666666666668,PV,365,0,0,0,0,0,0,0
hour_of_day,22.166666666666668,Load,365,3309.393364,673.0922397,1995.7176,3080.3832,3261.2988,3634.6061,5017.3322
hour_of_day,22.166666666666668,Net Load,365,3309.393364,673.0922397,1995.7176,3080.3832,3261.2988,3634.6061,5017.3322
hour_of_day,22.166666666666668,Price,365,0.3858673973,0.07628521025,0.1958,0.3401,0.3833,0.4243,0.5995
hour_of_day,22.333333333333332,PV,365,0,0,0,0,0,0,0
hour_of_day,22.333333333333332,Load,365,3412.956261,686.2228679,2181.4693,3191.3036,3367.0094,3708.8666,5135.3427
hour_of_day,22.333333333333332,Net Load,365,3412.956261,686.2228679,2181.4693,3191.3036,3367.0094,3708.8666,5135.3427
hour_of_day,22.333333333333332,Price,365,0.4368216438,0.07638671636,0.2565,0.3886,0.4365,0.4791,0.6385
hour_of_day,22.5,PV,365,0,0,0,0,0,0,0
hour_of_day,22.5,Load,365,3381.93126,666.8678372,2052.41,3116.06,3345.58,3676.99,5325.33
hour_of_day,22.5,Net Load,365,3381.93126,666.8678372,2052.41,3116.06,3345.58,3676.99,5325.33
hour_of_day,22.5,Price,365,0.4198024658,0.07148947067,0.2457,0.3724,0.4151,0.4609,0.6189
hour_of_day,22.666666666666668,PV,365,0,0,0,0,0,0,0
hour_of_day,22.666666666666668,Load,365,3386.559208,659.3112312,2128.9587,3157.8491,3342.9919,3641.5192,5021.5216
hour_of_day,22.666666666666668,Net Load,365,3386.559208,659.3112312,2128.9587,3157.8491,3342.9919,3641.5192,5021.5216
hour_of_day,22.666666666666668,Price,365,0.4185849315,0.06933483749,0.2409,0.3737,0.4161,0.4564,0.6329
hour_of_day,22.833333333333332,PV,365,0,0,0,0,0,0,0
hour_of_day,22.833333333333332,Load,365,3400.484604,652.5748268,2118.1155,3174.7201,3365.3111,3672.707,5064.3425
hour_of_day,22.833333333333332,Net Load,365,3400.484604,652.5748268,2118.1155,3174.7201,3365.3111,3672.707,5064.3425
hour_of_day,22.833333333333332,Price,365,0.4240512329,0.06963351536,0.2551,0.378,0.4248,0.4638,0.6036
hour_of_day,23.0,PV,365,0,0,0,0,0,0,0
hour_of_day,23.0,Load,365,3399.242603,639.6160859,2163.58,3177.3,3370.93,3699.36,4921.47
hour_of_day,23.0,Net Load,365,3399.242603,639.6160859,2163.58,3177.3,3370.93,3699.36,4921.47
hour_of_day,23.0,Price,365,0.4236657534,0.07045607824,0.2688,0.3757,0.4237,0.4604,0.6346
hour_of_day,23.166666666666668,PV,365,0,0,0,0,0,0,0
hour_of_day,23.166666666666668,Load,365,3406.980872,631.237441,2234.4039,3176.1591,3406.7664,3682.6396,4906.6991
hour_of_day,23.166666666666668,Net Load,365,3406.980872,631.237441,2234.4039,3176.1591,3406.7664,3682.6396,4906.6991
hour_of_day,23.166666666666668,Price,365,0.4247819178,0.06764847246,0.2408,0.3803,0.4234,0.4646,0.5992
hour_of_day,23.333333333333332,PV,365,0,0,0,0,0,0,0
hour_of_day,23.333333333333332,Load,365,3416.151822,628.386944,2259.3897,3212.5035,3427.6649,3652.521,4947.172
hour_of_day,23.333333333333332,Net Load,365,3416.151822,628.386944,2259.3897,3212.5035,3427.6649,3652.521,4947.172
hour_of_day,23.333333333333332,Price,365,0.4240457534,0.06784089227,0.2646,0.3818,0.4251,0.4616,0.5903
hour_of_day,23.5,PV,365,0,0,0,0,0,0,0
hour_of_day,23.5,Load,365,3421.981123,633.7377478,2199.38,3201.78,3430.72,3700.96,4957.13
hour_of_day,23.5,Net Load,365,3421.981123,633.7377478,2199.38,3201.78,3430.72,3700.96,4957.13
hour_of_day,23.5,Price,365,0.4220134247,0.07122411703,0.2657,0.3766,0.421,0.4608,0.625
hour_of_day,23.666666666666668,PV,365,0,0,0,0,0,0,0
hour_of_day,23.666666666666668,Load,365,3429.692305,648.5228837,2172.6978,3210.2407,3457.4811,3702.4038,5124.9897
hour_of_day,23.666666666666668,Net Load,365,3429.692305,648.5228837,2172.6978,3210.2407,3457.4811,3702.4038,5124.9897
hour_of_day,23.666666666666668,Price,365,0.4240169863,0.07061355625,0.2763,0.3823,0.4254,0.4645,0.6361
hour_of_day,23.833333333333332,PV,365,0,0,0,0,0,0,0
hour_of_day,23.833333333333332,Load,365,3439.061013,578.4120408,2254.1548,3090.0777,3420.0416,3697.1141,4864.2471
hour_of_day,23.833333333333332,Net Load,365,3439.061013,578.4120408,2254.1548,3090.0777,3420.0416,3697.1141,4864.2471
hour_of_day,23.833333333333332,Price,365,0.4271490411,0.06457364082,0.257,0.3839,0.4259,0.4658,0.6008
season,autumn,PV,13104,2276.406372,3026.792222,0,0,0.0357,4898.347775,10105.3207
season,autumn,Load,13104,4406.221723,1372.485343,1995.7176,3397.70805,3826.69,6061.377425,7006.888
season,autumn,Net Load,13104,2129.815351,2474.464599,-6601.9911,652.69925,2884.1665,3696.05355,6687.7481
season,autumn,Price,13104,0.7337085089,0.321619993,0.0376,0.434375,0.7281,0.9922,1.4244
season,spring,PV,13248,2603.067874,3131.837816,0,0,447.13125,5600.566425,10216.2
season,spring,Load,13248,4383.224396,1370.285253,2081.95,3386.59795,3792.7056,6054.837525,6978.6702
season,spring,Net Load,13248,1780.156522,2517.255615,-6452.0775,-27.15,2677.53205,3591.56365,6417.7809
season,spring,Price,13248,0.7052459768,0.3100850539,0.0076,0.430775,0.66315,0.944625,1.4134
season,summer,PV,13248,2672.950711,3090.434583,0,0,984.3,5536.71655,10057.9095
season,summer,Load,13248,5063.805101,1356.009961,2436.84,3982.6744,4674.33685,6490.38185,7978.8849
season,summer,Net Load,13248,2390.85439,2637.414357,-5900.0625,494.664375,3342.2679,4298.8908,6588.8247
season,summer,Price,13248,0.794586247,0.3526554597,0.0665,0.4992,0.72725,1.0396,1.7936
season,winter,PV,12960,1680.612158,2364.563343,0,0,0,3635.290275,8445.2427
season,winter,Load,12960,4648.993324,1440.152128,2055.4315,3551.97685,4234.57185,6210.407,7546.7527
season,winter,Net Load,12960,2968.381166,1861.572232,-3802.4675,2266.755,3391.9575,4228.1544,6630.473
season,winter,Price,12960,0.8323342978,0.361436726,0.2247,0.4672,0.8343,1.111425,1.6698
