window_id,history_start,history_end,forecast_start,forecast_end,top1_energy,top3_energy,yesterday_mae,yesterday_rmse
1,2025-01-01 00:10:00,2025-01-08,2025-01-08 00:10:00,2025-01-09,0.3576623219,0.8407096141,138.8887458,340.4356056
2,2025-01-02 00:10:00,2025-01-09,2025-01-09 00:10:00,2025-01-10,0.3571734143,0.8401822935,107.7214215,248.317072
3,2025-01-03 00:10:00,2025-01-10,2025-01-10 00:10:00,2025-01-11,0.3572889181,0.8398055066,85.42068819,164.1985844
4,2025-01-04 00:10:00,2025-01-11,2025-01-11 00:10:00,2025-01-12,0.3581103826,0.8411208382,75.40168819,150.3094441
5,2025-01-05 00:10:00,2025-01-12,2025-01-12 00:10:00,2025-01-13,0.3591349258,0.8425790134,79.16626597,173.461986
6,2025-01-06 00:10:00,2025-01-13,2025-01-13 00:10:00,2025-01-14,0.3599581579,0.8435922117,128.5279729,237.3800974
7,2025-01-07 00:10:00,2025-01-14,2025-01-14 00:10:00,2025-01-15,0.3600090536,0.8440389741,60.94095278,121.1345848
8,2025-01-08 00:10:00,2025-01-15,2025-01-15 00:10:00,2025-01-16,0.3606691542,0.8448127426,65.08751042,147.6638855
9,2025-01-09 00:10:00,2025-01-16,2025-01-16 00:10:00,2025-01-17,0.361111063,0.8460309802,102.4447583,232.0581536
10,2025-01-10 00:10:00,2025-01-17,2025-01-17 00:10:00,2025-01-18,0.3613607087,0.8461065923,110.1970319,219.1603206
11,2025-01-11 00:10:00,2025-01-18,2025-01-18 00:10:00,2025-01-19,0.3616706229,0.8462883233,66.88607708,146.0312965
12,2025-01-12 00:10:00,2025-01-19,2025-01-19 00:10:00,2025-01-20,0.36270334,0.8475294364,105.4633528,211.722148
13,2025-01-13 00:10:00,2025-01-20,2025-01-20 00:10:00,2025-01-21,0.3630015388,0.8478689383,90.07628264,176.6287993
14,2025-01-14 00:10:00,2025-01-21,2025-01-21 00:10:00,2025-01-22,0.3622817225,0.847412177,171.5767069,323.4124789
15,2025-01-15 00:10:00,2025-01-22,2025-01-22 00:10:00,2025-01-23,0.3623086015,0.8467831319,214.2788451,431.2152037
16,2025-01-16 00:10:00,2025-01-23,2025-01-23 00:10:00,2025-01-24,0.3626399214,0.8469073141,72.05729722,142.4598971
17,2025-01-17 00:10:00,2025-01-24,2025-01-24 00:10:00,2025-01-25,0.3628980242,0.847933826,159.3575625,357.2153411
18,2025-01-18 00:10:00,2025-01-25,2025-01-25 00:10:00,2025-01-26,0.3625494926,0.8473199187,100.955675,228.26949
19,2025-01-19 00:10:00,2025-01-26,2025-01-26 00:10:00,2025-01-27,0.3614284312,0.8462334999,173.5972569,396.2875455
20,2025-01-20 00:10:00,2025-01-27,2025-01-27 00:10:00,2025-01-28,0.3630511349,0.8473241269,115.9034056,245.4581024
21,2025-01-21 00:10:00,2025-01-28,2025-01-28 00:10:00,2025-01-29,0.3643467248,0.8492499568,101.108091,215.2381962
22,2025-01-22 00:10:00,2025-01-29,2025-01-29 00:10:00,2025-01-30,0.3657588685,0.8511379438,188.5160743,339.9482503
23,2025-01-23 00:10:00,2025-01-30,2025-01-30 00:10:00,2025-01-31,0.3665081669,0.8520555037,107.4151854,208.7118117
24,2025-01-24 00:10:00,2025-01-31,2025-01-31 00:10:00,2025-02-01,0.367225451,0.8534283222,86.22359583,179.6702763
25,2025-01-25 00:10:00,2025-02-01,2025-02-01 00:10:00,2025-02-02,0.3691992088,0.8557559515,101.201391,195.1476905
26,2025-01-26 00:10:00,2025-02-02,2025-02-02 00:10:00,2025-02-03,0.3701489852,0.8572503153,70.20849097,154.1962993
27,2025-01-27 00:10:00,2025-02-03,2025-02-03 00:10:00,2025-02-04,0.3699106362,0.8575625353,96.86083889,201.2214916
28,2025-01-28 00:10:00,2025-02-04,2025-02-04 00:10:00,2025-02-05,0.3711393834,0.8586218116,125.5461694,239.2271832
29,2025-01-29 00:10:00,2025-02-05,2025-02-05 00:10:00,2025-02-06,0.371496067,0.8592305204,111.6167993,240.0683799
30,2025-01-30 00:10:00,2025-02-06,2025-02-06 00:10:00,2025-02-07,0.3719435283,0.8597873021,85.98351528,170.9961871
31,2025-01-31 00:10:00,2025-02-07,2025-02-07 00:10:00,2025-02-08,0.3729528756,0.8607351773,173.9426326,349.0144626
32,2025-02-01 00:10:00,2025-02-08,2025-02-08 00:10:00,2025-02-09,0.3723248987,0.8601786045,177.7457153,357.5017366
33,2025-02-02 00:10:00,2025-02-09,2025-02-09 00:10:00,2025-02-10,0.3728619867,0.8601774738,157.1497903,341.0756042
34,2025-02-03 00:10:00,2025-02-10,2025-02-10 00:10:00,2025-02-11,0.3728200754,0.8607261827,231.3632236,465.3284467
35,2025-02-04 00:10:00,2025-02-11,2025-02-11 00:10:00,2025-02-12,0.3745722339,0.8621321697,101.8810896,190.2350773
36,2025-02-05 00:10:00,2025-02-12,2025-02-12 00:10:00,2025-02-13,0.3748070052,0.8627143823,89.86344722,169.3171212
37,2025-02-06 00:10:00,2025-02-13,2025-02-13 00:10:00,2025-02-14,0.3752729673,0.8634237402,164.923216,310.5204424
38,2025-02-07 00:10:00,2025-02-14,2025-02-14 00:10:00,2025-02-15,0.3768923991,0.8650911652,195.0854458,416.8219252
39,2025-02-08 00:10:00,2025-02-15,2025-02-15 00:10:00,2025-02-16,0.3776396592,0.8668749292,55.47673681,119.2666768
40,2025-02-09 00:10:00,2025-02-16,2025-02-16 00:10:00,2025-02-17,0.3788116703,0.8679588961,98.10573472,192.2460399
41,2025-02-10 00:10:00,2025-02-17,2025-02-17 00:10:00,2025-02-18,0.3795210944,0.8690555796,181.5177931,362.2233573
42,2025-02-11 00:10:00,2025-02-18,2025-02-18 00:10:00,2025-02-19,0.3816832741,0.8707982447,94.59268056,182.5345406
43,2025-02-12 00:10:00,2025-02-19,2025-02-19 00:10:00,2025-02-20,0.3826692511,0.8722043725,118.5847257,231.8373412
44,2025-02-13 00:10:00,2025-02-20,2025-02-20 00:10:00,2025-02-21,0.3840501279,0.87383423,149.6904528,282.3989166
45,2025-02-14 00:10:00,2025-02-21,2025-02-21 00:10:00,2025-02-22,0.3843589145,0.8746543354,77.07409722,153.2341683
46,2025-02-15 00:10:00,2025-02-22,2025-02-22 00:10:00,2025-02-23,0.3853020697,0.8759254998,118.6657451,218.0284536
47,2025-02-16 00:10:00,2025-02-23,2025-02-23 00:10:00,2025-02-24,0.3868980334,0.8776948863,120.3923292,221.7638628
48,2025-02-17 00:10:00,2025-02-24,2025-02-24 00:10:00,2025-02-25,0.386803061,0.8785082293,167.0870632,325.0268858
49,2025-02-18 00:10:00,2025-02-25,2025-02-25 00:10:00,2025-02-26,0.3882983382,0.8795365472,121.8997299,237.3262897
50,2025-02-19 00:10:00,2025-02-26,2025-02-26 00:10:00,2025-02-27,0.3887904433,0.8798492514,144.8783125,265.0499447
51,2025-02-20 00:10:00,2025-02-27,2025-02-27 00:10:00,2025-02-28,0.3900419876,0.8806878476,187.8209257,336.2469776
52,2025-02-21 00:10:00,2025-02-28,2025-02-28 00:10:00,2025-03-01,0.3886370072,0.8800138854,179.1105292,369.5287166
53,2025-02-22 00:10:00,2025-03-01,2025-03-01 00:10:00,2025-03-02,0.3888270254,0.8801657803,192.1543021,407.4967535
54,2025-02-23 00:10:00,2025-03-02,2025-03-02 00:10:00,2025-03-03,0.3886414632,0.8804388311,245.6062139,491.4842465
55,2025-02-24 00:10:00,2025-03-03,2025-03-03 00:10:00,2025-03-04,0.3894907332,0.8806077865,190.5193007,353.6586544
56,2025-02-25 00:10:00,2025-03-04,2025-03-04 00:10:00,2025-03-05,0.3898491266,0.8809327661,140.3529382,283.5292793
57,2025-02-26 00:10:00,2025-03-05,2025-03-05 00:10:00,2025-03-06,0.3908720634,0.8817051137,179.5054583,334.4541561
58,2025-02-27 00:10:00,2025-03-06,2025-03-06 00:10:00,2025-03-07,0.393172257,0.8839150086,122.0325889,209.8559484
59,2025-02-28 00:10:00,2025-03-07,2025-03-07 00:10:00,2025-03-08,0.3951577101,0.886319091,99.23190972,187.6083934
60,2025-03-01 00:10:00,2025-03-08,2025-03-08 00:10:00,2025-03-09,0.3965968838,0.8877192958,144.6303493,265.1631419
61,2025-03-02 00:10:00,2025-03-09,2025-03-09 00:10:00,2025-03-10,0.3953775956,0.8877687871,105.7850868,223.3412537
62,2025-03-03 00:10:00,2025-03-10,2025-03-10 00:10:00,2025-03-11,0.3962400346,0.8889989983,200.1515972,484.5429623
63,2025-03-04 00:10:00,2025-03-11,2025-03-11 00:10:00,2025-03-12,0.397967822,0.8907782006,209.271425,425.6159328
64,2025-03-05 00:10:00,2025-03-12,2025-03-12 00:10:00,2025-03-13,0.3996583649,0.8920251605,102.8390792,195.1286941
65,2025-03-06 00:10:00,2025-03-13,2025-03-13 00:10:00,2025-03-14,0.3991329195,0.8917879557,272.2556271,553.1248885
66,2025-03-07 00:10:00,2025-03-14,2025-03-14 00:10:00,2025-03-15,0.3999765317,0.8928898065,306.4766986,619.877081
67,2025-03-08 00:10:00,2025-03-15,2025-03-15 00:10:00,2025-03-16,0.402055605,0.8938003691,270.7001278,568.9195565
68,2025-03-09 00:10:00,2025-03-16,2025-03-16 00:10:00,2025-03-17,0.4019812733,0.8941731138,236.4963035,494.6913157
69,2025-03-10 00:10:00,2025-03-17,2025-03-17 00:10:00,2025-03-18,0.4033502122,0.8947775099,217.6717215,376.4351998
70,2025-03-11 00:10:00,2025-03-18,2025-03-18 00:10:00,2025-03-19,0.402719995,0.8943965445,201.7208438,400.8356536
71,2025-03-12 00:10:00,2025-03-19,2025-03-19 00:10:00,2025-03-20,0.4035573696,0.8952303486,90.13300556,184.9096236
72,2025-03-13 00:10:00,2025-03-20,2025-03-20 00:10:00,2025-03-21,0.4031102816,0.8958101925,160.6506111,306.3171265
73,2025-03-14 00:10:00,2025-03-21,2025-03-21 00:10:00,2025-03-22,0.4036396861,0.8969696944,228.7141813,417.2060081
74,2025-03-15 00:10:00,2025-03-22,2025-03-22 00:10:00,2025-03-23,0.4047254752,0.8980591682,206.5343833,379.6904755
75,2025-03-16 00:10:00,2025-03-23,2025-03-23 00:10:00,2025-03-24,0.4046668147,0.8991844384,182.3414687,375.8252467
76,2025-03-17 00:10:00,2025-03-24,2025-03-24 00:10:00,2025-03-25,0.4066015014,0.9008583571,211.408559,396.145076
77,2025-03-18 00:10:00,2025-03-25,2025-03-25 00:10:00,2025-03-26,0.4076074307,0.9017005937,186.8383708,375.9596641
78,2025-03-19 00:10:00,2025-03-26,2025-03-26 00:10:00,2025-03-27,0.407874908,0.9020756832,262.2643139,533.9717481
79,2025-03-20 00:10:00,2025-03-27,2025-03-27 00:10:00,2025-03-28,0.4078367801,0.9022092358,174.7115167,327.0191614
80,2025-03-21 00:10:00,2025-03-28,2025-03-28 00:10:00,2025-03-29,0.4090711833,0.9029316133,134.9133389,247.8074001
81,2025-03-22 00:10:00,2025-03-29,2025-03-29 00:10:00,2025-03-30,0.4083772978,0.9030175047,166.1729729,296.8809363
82,2025-03-23 00:10:00,2025-03-30,2025-03-30 00:10:00,2025-03-31,0.4093423323,0.9033473335,142.6810472,293.2606137
83,2025-03-24 00:10:00,2025-03-31,2025-03-31 00:10:00,2025-04-01,0.4084510034,0.9031536777,193.8191729,377.5946651
84,2025-03-25 00:10:00,2025-04-01,2025-04-01 00:10:00,2025-04-02,0.4107892343,0.9048964406,206.8509604,418.4933461
85,2025-03-26 00:10:00,2025-04-02,2025-04-02 00:10:00,2025-04-03,0.4117295532,0.9060345451,229.0547986,400.7073262
86,2025-03-27 00:10:00,2025-04-03,2025-04-03 00:10:00,2025-04-04,0.4128459034,0.9069075622,309.1051174,582.0872228
87,2025-03-28 00:10:00,2025-04-04,2025-04-04 00:10:00,2025-04-05,0.4143189946,0.9079266069,165.7350069,358.5338621
88,2025-03-29 00:10:00,2025-04-05,2025-04-05 00:10:00,2025-04-06,0.4138187955,0.9080776219,236.4916993,456.7475197
89,2025-03-30 00:10:00,2025-04-06,2025-04-06 00:10:00,2025-04-07,0.4157810283,0.9093151229,150.5958819,287.8381043
90,2025-03-31 00:10:00,2025-04-07,2025-04-07 00:10:00,2025-04-08,0.4158502975,0.9099011084,174.4218625,345.1809183
91,2025-04-01 00:10:00,2025-04-08,2025-04-08 00:10:00,2025-04-09,0.4163656968,0.9103395945,271.5091444,490.6257181
92,2025-04-02 00:10:00,2025-04-09,2025-04-09 00:10:00,2025-04-10,0.4160214839,0.9103991578,281.8848306,540.1919196
93,2025-04-03 00:10:00,2025-04-10,2025-04-10 00:10:00,2025-04-11,0.4155467949,0.9105987266,265.1997667,510.3397405
94,2025-04-04 00:10:00,2025-04-11,2025-04-11 00:10:00,2025-04-12,0.4174678589,0.9117416479,234.7226958,411.4625441
95,2025-04-05 00:10:00,2025-04-12,2025-04-12 00:10:00,2025-04-13,0.4164729912,0.911679924,234.6661861,455.0994919
96,2025-04-06 00:10:00,2025-04-13,2025-04-13 00:10:00,2025-04-14,0.4183087739,0.9124980269,166.1393472,287.5926501
97,2025-04-07 00:10:00,2025-04-14,2025-04-14 00:10:00,2025-04-15,0.4190566651,0.9137998687,153.7686458,267.0454822
98,2025-04-08 00:10:00,2025-04-15,2025-04-15 00:10:00,2025-04-16,0.420469385,0.9151335287,242.7860549,420.2134434
99,2025-04-09 00:10:00,2025-04-16,2025-04-16 00:10:00,2025-04-17,0.4229073416,0.9168534936,271.4568715,535.4620734
100,2025-04-10 00:10:00,2025-04-17,2025-04-17 00:10:00,2025-04-18,0.4228212095,0.9176940846,175.407225,341.4947088
101,2025-04-11 00:10:00,2025-04-18,2025-04-18 00:10:00,2025-04-19,0.4258209431,0.9198701568,165.0788951,286.8095306
102,2025-04-12 00:10:00,2025-04-19,2025-04-19 00:10:00,2025-04-20,0.4247397822,0.9201480353,149.0734139,257.5149313
103,2025-04-13 00:10:00,2025-04-20,2025-04-20 00:10:00,2025-04-21,0.4254995217,0.9208586327,161.3468181,286.2128222
104,2025-04-14 00:10:00,2025-04-21,2025-04-21 00:10:00,2025-04-22,0.4265819419,0.9216377309,239.6158569,432.290659
105,2025-04-15 00:10:00,2025-04-22,2025-04-22 00:10:00,2025-04-23,0.4261493732,0.9218546141,233.1156889,465.4504645
106,2025-04-16 00:10:00,2025-04-23,2025-04-23 00:10:00,2025-04-24,0.4269084198,0.922331276,111.2651826,208.8132457
107,2025-04-17 00:10:00,2025-04-24,2025-04-24 00:10:00,2025-04-25,0.4272680223,0.9229671101,224.6577618,421.3424723
108,2025-04-18 00:10:00,2025-04-25,2025-04-25 00:10:00,2025-04-26,0.4282003475,0.9236744519,139.0438104,252.4503163
109,2025-04-19 00:10:00,2025-04-26,2025-04-26 00:10:00,2025-04-27,0.4291711747,0.9242211089,320.3152618,545.0019208
110,2025-04-20 00:10:00,2025-04-27,2025-04-27 00:10:00,2025-04-28,0.4308354472,0.9248157649,186.5199521,355.1621589
111,2025-04-21 00:10:00,2025-04-28,2025-04-28 00:10:00,2025-04-29,0.429867722,0.9242651086,367.0611583,694.7717485
112,2025-04-22 00:10:00,2025-04-29,2025-04-29 00:10:00,2025-04-30,0.4288661635,0.9235249474,399.8796854,723.858819
113,2025-04-23 00:10:00,2025-04-30,2025-04-30 00:10:00,2025-05-01,0.4299320594,0.9233523361,245.583391,428.8983576
114,2025-04-24 00:10:00,2025-05-01,2025-05-01 00:10:00,2025-05-02,0.4292821539,0.9231609457,259.1828194,449.8980457
115,2025-04-25 00:10:00,2025-05-02,2025-05-02 00:10:00,2025-05-03,0.4293009526,0.922985833,377.0316736,677.167089
116,2025-04-26 00:10:00,2025-05-03,2025-05-03 00:10:00,2025-05-04,0.4285092456,0.9229515275,234.7691743,403.8321534
117,2025-04-27 00:10:00,2025-05-04,2025-05-04 00:10:00,2025-05-05,0.4302791067,0.9240412885,202.3844764,347.0577942
118,2025-04-28 00:10:00,2025-05-05,2025-05-05 00:10:00,2025-05-06,0.4318531908,0.9254720871,267.0443778,442.4235819
119,2025-04-29 00:10:00,2025-05-06,2025-05-06 00:10:00,2025-05-07,0.4325354541,0.9256172175,164.9562194,318.9780018
120,2025-04-30 00:10:00,2025-05-07,2025-05-07 00:10:00,2025-05-08,0.430918547,0.9253992963,186.3644139,320.5130939
121,2025-05-01 00:10:00,2025-05-08,2025-05-08 00:10:00,2025-05-09,0.4311599638,0.9258908088,187.244216,338.8985518
122,2025-05-02 00:10:00,2025-05-09,2025-05-09 00:10:00,2025-05-10,0.431781728,0.9272040729,190.6207937,343.6502367
123,2025-05-03 00:10:00,2025-05-10,2025-05-10 00:10:00,2025-05-11,0.4330918838,0.9284512373,196.3267875,378.4850997
124,2025-05-04 00:10:00,2025-05-11,2025-05-11 00:10:00,2025-05-12,0.4324696972,0.928475366,202.2406431,353.0236225
125,2025-05-05 00:10:00,2025-05-12,2025-05-12 00:10:00,2025-05-13,0.4344690508,0.9301605834,318.1806076,545.5364176
126,2025-05-06 00:10:00,2025-05-13,2025-05-13 00:10:00,2025-05-14,0.4381849186,0.9320401544,231.625516,398.8287911
127,2025-05-07 00:10:00,2025-05-14,2025-05-14 00:10:00,2025-05-15,0.4379364654,0.932743067,141.1531757,237.5585618
128,2025-05-08 00:10:00,2025-05-15,2025-05-15 00:10:00,2025-05-16,0.4390478002,0.9335844704,175.3161396,330.8808101
129,2025-05-09 00:10:00,2025-05-16,2025-05-16 00:10:00,2025-05-17,0.4404239365,0.933744021,226.0120076,363.9858657
130,2025-05-10 00:10:00,2025-05-17,2025-05-17 00:10:00,2025-05-18,0.4405246878,0.9341218247,321.892625,591.7616903
131,2025-05-11 00:10:00,2025-05-18,2025-05-18 00:10:00,2025-05-19,0.4412561788,0.9342707319,268.3166729,434.2158889
132,2025-05-12 00:10:00,2025-05-19,2025-05-19 00:10:00,2025-05-20,0.4405728008,0.934114379,310.965675,643.0284454
133,2025-05-13 00:10:00,2025-05-20,2025-05-20 00:10:00,2025-05-21,0.43990514,0.9337709111,341.7777444,686.1629796
134,2025-05-14 00:10:00,2025-05-21,2025-05-21 00:10:00,2025-05-22,0.4404291867,0.9332726674,290.3592861,564.4612934
135,2025-05-15 00:10:00,2025-05-22,2025-05-22 00:10:00,2025-05-23,0.4405905437,0.9336292651,165.0183667,291.095469
136,2025-05-16 00:10:00,2025-05-23,2025-05-23 00:10:00,2025-05-24,0.4411134753,0.9338303682,124.6740069,252.4749766
137,2025-05-17 00:10:00,2025-05-24,2025-05-24 00:10:00,2025-05-25,0.4409442483,0.9343895192,209.97685,357.0998573
138,2025-05-18 00:10:00,2025-05-25,2025-05-25 00:10:00,2025-05-26,0.4408132458,0.9351757852,180.6232285,311.4348988
139,2025-05-19 00:10:00,2025-05-26,2025-05-26 00:10:00,2025-05-27,0.4419608254,0.9362438724,305.7341972,562.6748473
140,2025-05-20 00:10:00,2025-05-27,2025-05-27 00:10:00,2025-05-28,0.4416473519,0.9367557533,254.0988736,480.1952358
141,2025-05-21 00:10:00,2025-05-28,2025-05-28 00:10:00,2025-05-29,0.4414073276,0.9369532291,283.3335972,510.6757634
142,2025-05-22 00:10:00,2025-05-29,2025-05-29 00:10:00,2025-05-30,0.4425269113,0.9372577316,157.4030868,280.5706084
143,2025-05-23 00:10:00,2025-05-30,2025-05-30 00:10:00,2025-05-31,0.4423437341,0.9362694801,260.482966,494.9081577
144,2025-05-24 00:10:00,2025-05-31,2025-05-31 00:10:00,2025-06-01,0.441882148,0.9354858843,223.7889965,393.6700664
145,2025-05-25 00:10:00,2025-06-01,2025-06-01 00:10:00,2025-06-02,0.4400663825,0.9347896689,433.1049014,812.2443273
146,2025-05-26 00:10:00,2025-06-02,2025-06-02 00:10:00,2025-06-03,0.4405198614,0.9335908561,353.2597361,694.0577727
147,2025-05-27 00:10:00,2025-06-03,2025-06-03 00:10:00,2025-06-04,0.4391324986,0.9310858115,269.4557153,493.6299421
148,2025-05-28 00:10:00,2025-06-04,2025-06-04 00:10:00,2025-06-05,0.4374967242,0.9296398463,202.1522667,418.1462147
149,2025-05-29 00:10:00,2025-06-05,2025-06-05 00:10:00,2025-06-06,0.4387095581,0.9307017346,193.260984,345.8882327
150,2025-05-30 00:10:00,2025-06-06,2025-06-06 00:10:00,2025-06-07,0.4387908255,0.931783341,261.1321035,443.7189698
151,2025-05-31 00:10:00,2025-06-07,2025-06-07 00:10:00,2025-06-08,0.4412473286,0.9335190636,202.2908576,344.0418624
152,2025-06-01 00:10:00,2025-06-08,2025-06-08 00:10:00,2025-06-09,0.43928007,0.9327724521,477.5011556,838.3108769
153,2025-06-02 00:10:00,2025-06-09,2025-06-09 00:10:00,2025-06-10,0.4395523754,0.9324543092,277.5393972,471.0787898
154,2025-06-03 00:10:00,2025-06-10,2025-06-10 00:10:00,2025-06-11,0.4415768094,0.933007147,188.5254208,329.2409759
155,2025-06-04 00:10:00,2025-06-11,2025-06-11 00:10:00,2025-06-12,0.4402579282,0.9325699164,230.2713826,439.4259486
156,2025-06-05 00:10:00,2025-06-12,2025-06-12 00:10:00,2025-06-13,0.4393253959,0.9319770659,198.9824868,389.5154371
157,2025-06-06 00:10:00,2025-06-13,2025-06-13 00:10:00,2025-06-14,0.4391368562,0.9317013359,243.3500076,413.9562654
158,2025-06-07 00:10:00,2025-06-14,2025-06-14 00:10:00,2025-06-15,0.4385657004,0.9317021663,271.4080111,493.7504397
159,2025-06-08 00:10:00,2025-06-15,2025-06-15 00:10:00,2025-06-16,0.4397008812,0.9332562653,202.7086521,359.1071117
160,2025-06-09 00:10:00,2025-06-16,2025-06-16 00:10:00,2025-06-17,0.4414227608,0.9358829754,186.0118924,318.2177077
161,2025-06-10 00:10:00,2025-06-17,2025-06-17 00:10:00,2025-06-18,0.4425812094,0.9369308726,210.5479451,407.4176094
162,2025-06-11 00:10:00,2025-06-18,2025-06-18 00:10:00,2025-06-19,0.4444173209,0.9372424818,207.0650972,394.4463989
163,2025-06-12 00:10:00,2025-06-19,2025-06-19 00:10:00,2025-06-20,0.4435199347,0.9367934902,230.6638868,440.6304375
164,2025-06-13 00:10:00,2025-06-20,2025-06-20 00:10:00,2025-06-21,0.4449606189,0.9369650962,178.6662583,309.9078362
165,2025-06-14 00:10:00,2025-06-21,2025-06-21 00:10:00,2025-06-22,0.4440694153,0.9368171922,249.7164722,457.177865
166,2025-06-15 00:10:00,2025-06-22,2025-06-22 00:10:00,2025-06-23,0.4421993679,0.9353692321,306.423834,571.4413914
167,2025-06-16 00:10:00,2025-06-23,2025-06-23 00:10:00,2025-06-24,0.442772371,0.9344710662,169.530425,301.520721
168,2025-06-17 00:10:00,2025-06-24,2025-06-24 00:10:00,2025-06-25,0.4427981544,0.9356403122,389.1262813,696.9853261
169,2025-06-18 00:10:00,2025-06-25,2025-06-25 00:10:00,2025-06-26,0.4422667769,0.9358349824,246.1419097,407.1047493
170,2025-06-19 00:10:00,2025-06-26,2025-06-26 00:10:00,2025-06-27,0.4424577985,0.9356340615,210.6975597,441.9243657
171,2025-06-20 00:10:00,2025-06-27,2025-06-27 00:10:00,2025-06-28,0.4438857044,0.935885437,157.5036347,299.1672576
172,2025-06-21 00:10:00,2025-06-28,2025-06-28 00:10:00,2025-06-29,0.4441947191,0.9361106514,161.5037396,295.9323443
173,2025-06-22 00:10:00,2025-06-29,2025-06-29 00:10:00,2025-06-30,0.4428937849,0.9359226534,239.1359472,528.9315491
174,2025-06-23 00:10:00,2025-06-30,2025-06-30 00:10:00,2025-07-01,0.4417414845,0.9347623865,176.5017188,348.8355512
175,2025-06-24 00:10:00,2025-07-01,2025-07-01 00:10:00,2025-07-02,0.4414473359,0.9349021118,288.6745139,497.075069
176,2025-06-25 00:10:00,2025-07-02,2025-07-02 00:10:00,2025-07-03,0.4410473871,0.9352491749,254.5357965,435.8220518
177,2025-06-26 00:10:00,2025-07-03,2025-07-03 00:10:00,2025-07-04,0.4412759011,0.9345421148,279.3832257,488.2767703
178,2025-06-27 00:10:00,2025-07-04,2025-07-04 00:10:00,2025-07-05,0.4404249393,0.9341116186,237.2111229,514.3574301
179,2025-06-28 00:10:00,2025-07-05,2025-07-05 00:10:00,2025-07-06,0.4412089273,0.9345932973,163.0291701,304.8055775
180,2025-06-29 00:10:00,2025-07-06,2025-07-06 00:10:00,2025-07-07,0.4413890868,0.9350258028,267.5180069,483.8254319
181,2025-06-30 00:10:00,2025-07-07,2025-07-07 00:10:00,2025-07-08,0.4423899142,0.9365390842,305.714541,507.8150426
182,2025-07-01 00:10:00,2025-07-08,2025-07-08 00:10:00,2025-07-09,0.4422589581,0.9375517078,265.4616764,407.6541146
183,2025-07-02 00:10:00,2025-07-09,2025-07-09 00:10:00,2025-07-10,0.4403685517,0.9362590252,239.7923486,430.7524876
184,2025-07-03 00:10:00,2025-07-10,2025-07-10 00:10:00,2025-07-11,0.4385884177,0.9347056863,198.1974632,350.5002503
185,2025-07-04 00:10:00,2025-07-11,2025-07-11 00:10:00,2025-07-12,0.4385112132,0.9345889756,301.455259,575.5912896
186,2025-07-05 00:10:00,2025-07-12,2025-07-12 00:10:00,2025-07-13,0.438838099,0.934833652,212.3413687,390.9721425
187,2025-07-06 00:10:00,2025-07-13,2025-07-13 00:10:00,2025-07-14,0.4394627777,0.9351056762,271.6851979,475.6843342
188,2025-07-07 00:10:00,2025-07-14,2025-07-14 00:10:00,2025-07-15,0.4376512583,0.9338566016,197.8405319,378.6577847
189,2025-07-08 00:10:00,2025-07-15,2025-07-15 00:10:00,2025-07-16,0.4378853733,0.9336553286,224.3230347,428.7493426
190,2025-07-09 00:10:00,2025-07-16,2025-07-16 00:10:00,2025-07-17,0.43995749,0.9344301822,153.960566,323.3395191
191,2025-07-10 00:10:00,2025-07-17,2025-07-17 00:10:00,2025-07-18,0.4397727808,0.9338698747,202.7212146,366.6976335
192,2025-07-11 00:10:00,2025-07-18,2025-07-18 00:10:00,2025-07-19,0.4403566905,0.9342485041,228.7108493,439.84449
193,2025-07-12 00:10:00,2025-07-19,2025-07-19 00:10:00,2025-07-20,0.4384972358,0.9336379419,234.7283187,418.3091826
194,2025-07-13 00:10:00,2025-07-20,2025-07-20 00:10:00,2025-07-21,0.4402147158,0.9342982083,181.2786722,306.9608358
195,2025-07-14 00:10:00,2025-07-21,2025-07-21 00:10:00,2025-07-22,0.4397754699,0.9344412689,205.6314417,350.2672753
196,2025-07-15 00:10:00,2025-07-22,2025-07-22 00:10:00,2025-07-23,0.4395012985,0.934672692,232.4539924,434.9867099
197,2025-07-16 00:10:00,2025-07-23,2025-07-23 00:10:00,2025-07-24,0.4388644089,0.9345218414,242.1128222,427.9941127
198,2025-07-17 00:10:00,2025-07-24,2025-07-24 00:10:00,2025-07-25,0.4387856917,0.9339836098,227.6636174,409.2295411
199,2025-07-18 00:10:00,2025-07-25,2025-07-25 00:10:00,2025-07-26,0.440350338,0.9342297089,223.2730333,388.1246109
200,2025-07-19 00:10:00,2025-07-26,2025-07-26 00:10:00,2025-07-27,0.4382646894,0.9336837283,175.3534049,326.4710656
201,2025-07-20 00:10:00,2025-07-27,2025-07-27 00:10:00,2025-07-28,0.4388251756,0.9337478032,191.0237229,375.926196
202,2025-07-21 00:10:00,2025-07-28,2025-07-28 00:10:00,2025-07-29,0.4378497847,0.9330802082,238.0383854,440.9939198
203,2025-07-22 00:10:00,2025-07-29,2025-07-29 00:10:00,2025-07-30,0.4376214942,0.9330332084,202.1581083,351.0409612
204,2025-07-23 00:10:00,2025-07-30,2025-07-30 00:10:00,2025-07-31,0.4379190956,0.9334810995,249.5832271,414.6549154
205,2025-07-24 00:10:00,2025-07-31,2025-07-31 00:10:00,2025-08-01,0.4393380982,0.933562081,196.6458139,389.2776791
206,2025-07-25 00:10:00,2025-08-01,2025-08-01 00:10:00,2025-08-02,0.4375886905,0.9325443814,368.5576062,602.6993877
207,2025-07-26 00:10:00,2025-08-02,2025-08-02 00:10:00,2025-08-03,0.4369213805,0.9316932703,148.0371924,287.1243362
208,2025-07-27 00:10:00,2025-08-03,2025-08-03 00:10:00,2025-08-04,0.4369921155,0.9308494126,241.2769062,413.1161179
209,2025-07-28 00:10:00,2025-08-04,2025-08-04 00:10:00,2025-08-05,0.4351959268,0.9296849217,144.9570319,282.6539169
210,2025-07-29 00:10:00,2025-08-05,2025-08-05 00:10:00,2025-08-06,0.4352147727,0.9295458708,139.5148104,271.7153204
211,2025-07-30 00:10:00,2025-08-06,2025-08-06 00:10:00,2025-08-07,0.4349408556,0.9301643007,234.6870646,440.7685307
212,2025-07-31 00:10:00,2025-08-07,2025-08-07 00:10:00,2025-08-08,0.436395145,0.9314675789,238.1222729,465.7418685
213,2025-08-01 00:10:00,2025-08-08,2025-08-08 00:10:00,2025-08-09,0.4348607429,0.930960526,148.1450743,259.8147901
214,2025-08-02 00:10:00,2025-08-09,2025-08-09 00:10:00,2025-08-10,0.4333708522,0.9298617197,218.1769201,429.7830239
215,2025-08-03 00:10:00,2025-08-10,2025-08-10 00:10:00,2025-08-11,0.4332142828,0.9291145099,150.4766479,272.5297169
216,2025-08-04 00:10:00,2025-08-11,2025-08-11 00:10:00,2025-08-12,0.4331812322,0.9287186122,169.2762118,308.1537041
217,2025-08-05 00:10:00,2025-08-12,2025-08-12 00:10:00,2025-08-13,0.4327148237,0.9281181557,226.7297542,423.8453857
218,2025-08-06 00:10:00,2025-08-13,2025-08-13 00:10:00,2025-08-14,0.4319619706,0.9279090326,166.2007118,292.9721271
219,2025-08-07 00:10:00,2025-08-14,2025-08-14 00:10:00,2025-08-15,0.4328453389,0.9282615584,202.1680076,350.8182624
220,2025-08-08 00:10:00,2025-08-15,2025-08-15 00:10:00,2025-08-16,0.4336463535,0.9286192791,170.3172486,294.4400586
221,2025-08-09 00:10:00,2025-08-16,2025-08-16 00:10:00,2025-08-17,0.4330700595,0.9282686889,189.0460486,336.1466495
222,2025-08-10 00:10:00,2025-08-17,2025-08-17 00:10:00,2025-08-18,0.4326757079,0.9277909038,240.4427,405.9527676
223,2025-08-11 00:10:00,2025-08-18,2025-08-18 00:10:00,2025-08-19,0.4314656914,0.9270121811,166.9815729,303.7126661
224,2025-08-12 00:10:00,2025-08-19,2025-08-19 00:10:00,2025-08-20,0.4301313096,0.9259173616,193.6365722,344.2576172
225,2025-08-13 00:10:00,2025-08-20,2025-08-20 00:10:00,2025-08-21,0.4303846731,0.9255789831,330.8395528,564.1469962
226,2025-08-14 00:10:00,2025-08-21,2025-08-21 00:10:00,2025-08-22,0.4282648002,0.9241024062,256.4578563,474.9655228
227,2025-08-15 00:10:00,2025-08-22,2025-08-22 00:10:00,2025-08-23,0.4295778915,0.9241850289,166.1701979,301.5998674
228,2025-08-16 00:10:00,2025-08-23,2025-08-23 00:10:00,2025-08-24,0.429607366,0.9242658948,208.1448146,413.3030735
229,2025-08-17 00:10:00,2025-08-24,2025-08-24 00:10:00,2025-08-25,0.4299274232,0.9246077317,284.2073208,533.958462
230,2025-08-18 00:10:00,2025-08-25,2025-08-25 00:10:00,2025-08-26,0.4299479634,0.9245253505,333.603916,645.9619901
231,2025-08-19 00:10:00,2025-08-26,2025-08-26 00:10:00,2025-08-27,0.4281468976,0.9229877854,255.7227174,492.7965456
232,2025-08-20 00:10:00,2025-08-27,2025-08-27 00:10:00,2025-08-28,0.4282925765,0.9223118418,176.5978326,327.6563713
233,2025-08-21 00:10:00,2025-08-28,2025-08-28 00:10:00,2025-08-29,0.4248490948,0.9204681244,251.5938688,500.4884861
234,2025-08-22 00:10:00,2025-08-29,2025-08-29 00:10:00,2025-08-30,0.4237335837,0.9188066806,227.6557785,443.7840272
235,2025-08-23 00:10:00,2025-08-30,2025-08-30 00:10:00,2025-08-31,0.4218484904,0.9168776273,266.429191,475.542035
236,2025-08-24 00:10:00,2025-08-31,2025-08-31 00:10:00,2025-09-01,0.4218965034,0.9163361746,219.4715389,439.9517423
237,2025-08-25 00:10:00,2025-09-01,2025-09-01 00:10:00,2025-09-02,0.4210666306,0.9162847861,136.3547535,263.3240143
238,2025-08-26 00:10:00,2025-09-02,2025-09-02 00:10:00,2025-09-03,0.4221248225,0.9164610723,219.6883403,382.1566879
239,2025-08-27 00:10:00,2025-09-03,2025-09-03 00:10:00,2025-09-04,0.4220576157,0.9166189783,235.5067854,394.0831843
240,2025-08-28 00:10:00,2025-09-04,2025-09-04 00:10:00,2025-09-05,0.4242379298,0.917600672,198.9526542,361.8994588
241,2025-08-29 00:10:00,2025-09-05,2025-09-05 00:10:00,2025-09-06,0.4230410654,0.9167844509,196.5733625,342.5581178
242,2025-08-30 00:10:00,2025-09-06,2025-09-06 00:10:00,2025-09-07,0.4208665059,0.9157453444,228.5118604,448.8879971
243,2025-08-31 00:10:00,2025-09-07,2025-09-07 00:10:00,2025-09-08,0.4205260057,0.9152209324,211.9743882,438.7911643
244,2025-09-01 00:10:00,2025-09-08,2025-09-08 00:10:00,2025-09-09,0.4191043838,0.9141457071,227.334234,446.2422399
245,2025-09-02 00:10:00,2025-09-09,2025-09-09 00:10:00,2025-09-10,0.4202694195,0.9140367353,288.5315396,533.6065784
246,2025-09-03 00:10:00,2025-09-10,2025-09-10 00:10:00,2025-09-11,0.4170976129,0.9118678138,357.970616,664.3370112
247,2025-09-04 00:10:00,2025-09-11,2025-09-11 00:10:00,2025-09-12,0.4164653052,0.9107777965,334.3642167,636.3081528
248,2025-09-05 00:10:00,2025-09-12,2025-09-12 00:10:00,2025-09-13,0.4153919996,0.9097636761,180.7974049,343.5279998
249,2025-09-06 00:10:00,2025-09-13,2025-09-13 00:10:00,2025-09-14,0.4149142623,0.9088348,205.195034,433.4946678
250,2025-09-07 00:10:00,2025-09-14,2025-09-14 00:10:00,2025-09-15,0.4125633268,0.9068731615,279.5752465,570.6832755
251,2025-09-08 00:10:00,2025-09-15,2025-09-15 00:10:00,2025-09-16,0.4102810584,0.9046961738,279.3734792,539.0406507
252,2025-09-09 00:10:00,2025-09-16,2025-09-16 00:10:00,2025-09-17,0.4087561602,0.9034032808,207.8270014,463.7249357
253,2025-09-10 00:10:00,2025-09-17,2025-09-17 00:10:00,2025-09-18,0.4086239642,0.9029686164,180.7955521,345.4815013
254,2025-09-11 00:10:00,2025-09-18,2025-09-18 00:10:00,2025-09-19,0.4079207427,0.9027664296,129.616834,271.214205
255,2025-09-12 00:10:00,2025-09-19,2025-09-19 00:10:00,2025-09-20,0.408275597,0.9026320334,160.7890764,320.8421126
256,2025-09-13 00:10:00,2025-09-20,2025-09-20 00:10:00,2025-09-21,0.4082934993,0.9031965249,162.5460965,302.7479448
257,2025-09-14 00:10:00,2025-09-21,2025-09-21 00:10:00,2025-09-22,0.4078873704,0.9025180606,242.0859778,462.617034
258,2025-09-15 00:10:00,2025-09-22,2025-09-22 00:10:00,2025-09-23,0.4075467404,0.9023730452,115.1480465,221.0264076
259,2025-09-16 00:10:00,2025-09-23,2025-09-23 00:10:00,2025-09-24,0.4085461777,0.9029174691,128.9440528,255.0481465
260,2025-09-17 00:10:00,2025-09-24,2025-09-24 00:10:00,2025-09-25,0.4078774845,0.9019416363,167.6353097,305.7429853
261,2025-09-18 00:10:00,2025-09-25,2025-09-25 00:10:00,2025-09-26,0.4060357407,0.9005125259,105.3063708,197.6136819
262,2025-09-19 00:10:00,2025-09-26,2025-09-26 00:10:00,2025-09-27,0.405721154,0.8996523971,189.9756986,396.8715849
263,2025-09-20 00:10:00,2025-09-27,2025-09-27 00:10:00,2025-09-28,0.405159975,0.899138255,243.5031549,471.5988114
264,2025-09-21 00:10:00,2025-09-28,2025-09-28 00:10:00,2025-09-29,0.4055396666,0.8989387322,183.019341,347.2919324
265,2025-09-22 00:10:00,2025-09-29,2025-09-29 00:10:00,2025-09-30,0.4026827667,0.8970884064,83.92783542,161.2576969
266,2025-09-23 00:10:00,2025-09-30,2025-09-30 00:10:00,2025-10-01,0.4025872971,0.8968312844,161.5326694,294.9804648
267,2025-09-24 00:10:00,2025-10-01,2025-10-01 00:10:00,2025-10-02,0.4026625763,0.8962856474,502.8134632,864.9183847
268,2025-09-25 00:10:00,2025-10-02,2025-10-02 00:10:00,2025-10-03,0.4002218563,0.8929353469,213.1416396,397.5393721
269,2025-09-26 00:10:00,2025-10-03,2025-10-03 00:10:00,2025-10-04,0.3980179013,0.8905383212,119.8763194,237.8152781
270,2025-09-27 00:10:00,2025-10-04,2025-10-04 00:10:00,2025-10-05,0.3977919504,0.8901978517,192.5731778,342.9446705
271,2025-09-28 00:10:00,2025-10-05,2025-10-05 00:10:00,2025-10-06,0.3971429362,0.8898083711,154.280225,280.2246062
272,2025-09-29 00:10:00,2025-10-06,2025-10-06 00:10:00,2025-10-07,0.3966740128,0.8894371265,132.2505826,236.0343329
273,2025-09-30 00:10:00,2025-10-07,2025-10-07 00:10:00,2025-10-08,0.3969308895,0.8900803689,108.3128507,186.9073081
274,2025-10-01 00:10:00,2025-10-08,2025-10-08 00:10:00,2025-10-09,0.3978191717,0.8915687408,134.6093118,244.6879056
275,2025-10-02 00:10:00,2025-10-09,2025-10-09 00:10:00,2025-10-10,0.397763639,0.8914849239,143.7525194,296.0807855
276,2025-10-03 00:10:00,2025-10-10,2025-10-10 00:10:00,2025-10-11,0.3967315076,0.8904037642,116.0906146,237.1543923
277,2025-10-04 00:10:00,2025-10-11,2025-10-11 00:10:00,2025-10-12,0.3952920827,0.8885795326,228.2257319,453.0093478
278,2025-10-05 00:10:00,2025-10-12,2025-10-12 00:10:00,2025-10-13,0.3932891874,0.8862927107,134.9911417,261.0446087
279,2025-10-06 00:10:00,2025-10-13,2025-10-13 00:10:00,2025-10-14,0.3924282795,0.8850226273,125.4057667,268.6240912
280,2025-10-07 00:10:00,2025-10-14,2025-10-14 00:10:00,2025-10-15,0.39264465,0.8845708115,168.7081889,298.938513
281,2025-10-08 00:10:00,2025-10-15,2025-10-15 00:10:00,2025-10-16,0.3911092809,0.8830227736,131.2135104,255.6393444
282,2025-10-09 00:10:00,2025-10-16,2025-10-16 00:10:00,2025-10-17,0.3902722491,0.8820959672,138.1121861,257.1725807
283,2025-10-10 00:10:00,2025-10-17,2025-10-17 00:10:00,2025-10-18,0.3904796474,0.8820220037,128.5699653,239.4467962
284,2025-10-11 00:10:00,2025-10-18,2025-10-18 00:10:00,2025-10-19,0.3902690757,0.8817391204,66.95788333,123.254073
285,2025-10-12 00:10:00,2025-10-19,2025-10-19 00:10:00,2025-10-20,0.3894806877,0.8810102488,134.4936653,244.4622036
286,2025-10-13 00:10:00,2025-10-20,2025-10-20 00:10:00,2025-10-21,0.3878998864,0.8795108231,169.3258958,308.9042144
287,2025-10-14 00:10:00,2025-10-21,2025-10-21 00:10:00,2025-10-22,0.3861076835,0.8778656548,122.0415424,253.3128639
288,2025-10-15 00:10:00,2025-10-22,2025-10-22 00:10:00,2025-10-23,0.3854150638,0.8770432879,127.1473611,236.7285593
289,2025-10-16 00:10:00,2025-10-23,2025-10-23 00:10:00,2025-10-24,0.3855303675,0.8768205822,144.0593521,312.9894129
290,2025-10-17 00:10:00,2025-10-24,2025-10-24 00:10:00,2025-10-25,0.3842500222,0.875563444,114.7502333,213.0263416
291,2025-10-18 00:10:00,2025-10-25,2025-10-25 00:10:00,2025-10-26,0.3824974258,0.8736217525,99.47945764,209.8530193
292,2025-10-19 00:10:00,2025-10-26,2025-10-26 00:10:00,2025-10-27,0.381842619,0.8728833153,82.06070694,169.8941817
293,2025-10-20 00:10:00,2025-10-27,2025-10-27 00:10:00,2025-10-28,0.3829588281,0.8734454423,186.0429743,356.8232462
294,2025-10-21 00:10:00,2025-10-28,2025-10-28 00:10:00,2025-10-29,0.3816238115,0.8714166555,175.5796687,342.6780241
295,2025-10-22 00:10:00,2025-10-29,2025-10-29 00:10:00,2025-10-30,0.3788797924,0.8682139314,161.8687715,338.6357397
296,2025-10-23 00:10:00,2025-10-30,2025-10-30 00:10:00,2025-10-31,0.3774445686,0.8669854327,181.6410403,370.3237043
297,2025-10-24 00:10:00,2025-10-31,2025-10-31 00:10:00,2025-11-01,0.3769546716,0.8661769375,188.845334,351.2159477
298,2025-10-25 00:10:00,2025-11-01,2025-11-01 00:10:00,2025-11-02,0.3759322627,0.8648464687,100.5021174,214.9110678
299,2025-10-26 00:10:00,2025-11-02,2025-11-02 00:10:00,2025-11-03,0.3750192362,0.8633659281,81.5471,152.320219
300,2025-10-27 00:10:00,2025-11-03,2025-11-03 00:10:00,2025-11-04,0.3746790357,0.8635229552,131.4286917,257.7223266
301,2025-10-28 00:10:00,2025-11-04,2025-11-04 00:10:00,2025-11-05,0.3763588187,0.8654785985,107.221066,276.0260214
302,2025-10-29 00:10:00,2025-11-05,2025-11-05 00:10:00,2025-11-06,0.3761566603,0.8650780507,106.5454049,227.0257774
303,2025-10-30 00:10:00,2025-11-06,2025-11-06 00:10:00,2025-11-07,0.3754445867,0.8643855989,147.3185375,264.6247278
304,2025-10-31 00:10:00,2025-11-07,2025-11-07 00:10:00,2025-11-08,0.3752640444,0.8639971693,114.0891472,254.0302491
305,2025-11-01 00:10:00,2025-11-08,2025-11-08 00:10:00,2025-11-09,0.3747936727,0.8630012124,136.3040569,249.8479992
306,2025-11-02 00:10:00,2025-11-09,2025-11-09 00:10:00,2025-11-10,0.373916169,0.862108015,116.6246236,233.8971426
307,2025-11-03 00:10:00,2025-11-10,2025-11-10 00:10:00,2025-11-11,0.3729783786,0.8610116251,109.6596507,198.3227212
308,2025-11-04 00:10:00,2025-11-11,2025-11-11 00:10:00,2025-11-12,0.3717344756,0.8595027977,102.4771937,206.4084014
309,2025-11-05 00:10:00,2025-11-12,2025-11-12 00:10:00,2025-11-13,0.3706112555,0.8582101703,81.46512222,161.0494374
310,2025-11-06 00:10:00,2025-11-13,2025-11-13 00:10:00,2025-11-14,0.3703334205,0.8572594339,133.0501389,299.1806077
311,2025-11-07 00:10:00,2025-11-14,2025-11-14 00:10:00,2025-11-15,0.3709721762,0.8573473592,84.75326458,175.3188894
312,2025-11-08 00:10:00,2025-11-15,2025-11-15 00:10:00,2025-11-16,0.36951219,0.8565216449,92.05872083,174.9230235
313,2025-11-09 00:10:00,2025-11-16,2025-11-16 00:10:00,2025-11-17,0.3681239915,0.855229179,88.44262014,187.5831079
314,2025-11-10 00:10:00,2025-11-17,2025-11-17 00:10:00,2025-11-18,0.3678585877,0.8546761305,88.81142083,173.4045554
315,2025-11-11 00:10:00,2025-11-18,2025-11-18 00:10:00,2025-11-19,0.3670411515,0.8537072464,145.660584,306.2116994
316,2025-11-12 00:10:00,2025-11-19,2025-11-19 00:10:00,2025-11-20,0.3681560814,0.854377875,134.2216132,267.7790759
317,2025-11-13 00:10:00,2025-11-20,2025-11-20 00:10:00,2025-11-21,0.3670353417,0.8536094019,137.7901132,260.2208476
318,2025-11-14 00:10:00,2025-11-21,2025-11-21 00:10:00,2025-11-22,0.3663774555,0.8525211026,65.10105694,142.8999152
319,2025-11-15 00:10:00,2025-11-22,2025-11-22 00:10:00,2025-11-23,0.3660606104,0.8519368849,93.99773125,204.2801876
320,2025-11-16 00:10:00,2025-11-23,2025-11-23 00:10:00,2025-11-24,0.3652157633,0.8511738931,106.4934347,207.1586077
321,2025-11-17 00:10:00,2025-11-24,2025-11-24 00:10:00,2025-11-25,0.3644931645,0.8505588283,188.6585042,370.9926309
322,2025-11-18 00:10:00,2025-11-25,2025-11-25 00:10:00,2025-11-26,0.3639262032,0.8492976942,130.7285528,272.1362191
323,2025-11-19 00:10:00,2025-11-26,2025-11-26 00:10:00,2025-11-27,0.3628898362,0.8479235793,72.10433472,148.5125893
324,2025-11-20 00:10:00,2025-11-27,2025-11-27 00:10:00,2025-11-28,0.3621054982,0.8473351794,90.75408889,169.1591068
325,2025-11-21 00:10:00,2025-11-28,2025-11-28 00:10:00,2025-11-29,0.3623982339,0.8470041931,118.4980007,205.9800639
326,2025-11-22 00:10:00,2025-11-29,2025-11-29 00:10:00,2025-11-30,0.3612500818,0.8457822452,173.3726382,386.37233
327,2025-11-23 00:10:00,2025-11-30,2025-11-30 00:10:00,2025-12-01,0.3625161994,0.8463991987,66.3553375,136.0322158
328,2025-11-24 00:10:00,2025-12-01,2025-12-01 00:10:00,2025-12-02,0.3616054347,0.8462916512,105.6366479,240.0309596
329,2025-11-25 00:10:00,2025-12-02,2025-12-02 00:10:00,2025-12-03,0.3625724002,0.8465968517,119.5607576,261.2836809
330,2025-11-26 00:10:00,2025-12-03,2025-12-03 00:10:00,2025-12-04,0.3608489242,0.8448172057,112.9006813,266.2669
331,2025-11-27 00:10:00,2025-12-04,2025-12-04 00:10:00,2025-12-05,0.3599958983,0.8437128505,118.2297111,249.0451753
332,2025-11-28 00:10:00,2025-12-05,2025-12-05 00:10:00,2025-12-06,0.3601329565,0.8434842421,80.48529167,190.585164
333,2025-11-29 00:10:00,2025-12-06,2025-12-06 00:10:00,2025-12-07,0.3584102552,0.841680699,132.5267167,269.7819423
334,2025-11-30 00:10:00,2025-12-07,2025-12-07 00:10:00,2025-12-08,0.356861672,0.839776865,112.2536417,228.5904998
335,2025-12-01 00:10:00,2025-12-08,2025-12-08 00:10:00,2025-12-09,0.3570059808,0.8395145306,68.49863819,151.9887514
336,2025-12-02 00:10:00,2025-12-09,2025-12-09 00:10:00,2025-12-10,0.3573496971,0.8397590492,91.23238611,182.8525779
337,2025-12-03 00:10:00,2025-12-10,2025-12-10 00:10:00,2025-12-11,0.3559441096,0.8384845369,123.5964708,247.4568566
338,2025-12-04 00:10:00,2025-12-11,2025-12-11 00:10:00,2025-12-12,0.356713695,0.8387373918,127.7051979,256.6043998
339,2025-12-05 00:10:00,2025-12-12,2025-12-12 00:10:00,2025-12-13,0.3561762934,0.8388990674,120.1706736,278.9888248
340,2025-12-06 00:10:00,2025-12-13,2025-12-13 00:10:00,2025-12-14,0.3569764015,0.8395597416,84.31963472,192.0453361
341,2025-12-07 00:10:00,2025-12-14,2025-12-14 00:10:00,2025-12-15,0.3569365836,0.8397538859,82.99771319,161.933053
342,2025-12-08 00:10:00,2025-12-15,2025-12-15 00:10:00,2025-12-16,0.3572391309,0.8401024114,72.28378194,160.6570782
343,2025-12-09 00:10:00,2025-12-16,2025-12-16 00:10:00,2025-12-17,0.3579947075,0.8411347915,53.63122083,116.9167374
344,2025-12-10 00:10:00,2025-12-17,2025-12-17 00:10:00,2025-12-18,0.3591555076,0.8422489709,62.17621528,133.8903583
345,2025-12-11 00:10:00,2025-12-18,2025-12-18 00:10:00,2025-12-19,0.3596591668,0.8427438701,109.4787882,246.5743292
346,2025-12-12 00:10:00,2025-12-19,2025-12-19 00:10:00,2025-12-20,0.3583587167,0.8415021413,129.4886181,275.6558542
347,2025-12-13 00:10:00,2025-12-20,2025-12-20 00:10:00,2025-12-21,0.3573730853,0.8399146265,76.81741389,157.8964073
348,2025-12-14 00:10:00,2025-12-21,2025-12-21 00:10:00,2025-12-22,0.3555600309,0.8380730237,121.9697861,241.0200867
349,2025-12-15 00:10:00,2025-12-22,2025-12-22 00:10:00,2025-12-23,0.3558285623,0.8377572757,80.64907361,169.3692398
350,2025-12-16 00:10:00,2025-12-23,2025-12-23 00:10:00,2025-12-24,0.3551560301,0.8369687883,60.21583333,120.723118
351,2025-12-17 00:10:00,2025-12-24,2025-12-24 00:10:00,2025-12-25,0.3546684671,0.8365336718,87.96886806,183.0812118
352,2025-12-18 00:10:00,2025-12-25,2025-12-25 00:10:00,2025-12-26,0.3551747293,0.8369643633,98.72551667,217.1795816
353,2025-12-19 00:10:00,2025-12-26,2025-12-26 00:10:00,2025-12-27,0.3553115321,0.8376720056,113.9736354,223.4739479
354,2025-12-20 00:10:00,2025-12-27,2025-12-27 00:10:00,2025-12-28,0.3566170127,0.8387650639,95.36659931,195.6890705
355,2025-12-21 00:10:00,2025-12-28,2025-12-28 00:10:00,2025-12-29,0.3559647784,0.8384837662,87.29821528,178.2595412
356,2025-12-22 00:10:00,2025-12-29,2025-12-29 00:10:00,2025-12-30,0.3561316348,0.8389135243,101.9024687,193.3128229
357,2025-12-23 00:10:00,2025-12-30,2025-12-30 00:10:00,2025-12-31,0.3573684037,0.8397662862,137.2803972,277.420921
358,2025-12-24 00:10:00,2025-12-31,2025-12-31 00:10:00,2026-01-01,0.3569037394,0.8396753907,121.3443042,245.1274422
