date,model,daily_mae
2025-02-01,7-day same-slot mean,63.8709540673
2025-02-01,DLinear,115.6187496749
2025-02-01,Last Week,89.3480694444
2025-02-01,PhaseStructuralFusion,73.3667061458
2025-02-01,SSA best config,224.7416746950
2025-02-01,Yesterday,101.2013909722
2025-02-02,7-day same-slot mean,90.8993412697
2025-02-02,DLinear,130.3287426692
2025-02-02,Last Week,196.9348951389
2025-02-02,PhaseStructuralFusion,124.6314574306
2025-02-02,SSA best config,220.4487154345
2025-02-02,Yesterday,70.2084909722
2025-02-03,7-day same-slot mean,76.2195826388
2025-02-03,DLinear,146.2862688285
2025-02-03,Last Week,105.2959923611
2025-02-03,PhaseStructuralFusion,89.0645570486
2025-02-03,SSA best config,172.2901923697
2025-02-03,Yesterday,96.8608388889
2025-02-04,7-day same-slot mean,100.4061418651
2025-02-04,DLinear,146.3438169615
2025-02-04,Last Week,85.0218305556
2025-02-04,PhaseStructuralFusion,92.3270867361
2025-02-04,SSA best config,185.5569310226
2025-02-04,Yesterday,125.5461694444
2025-02-05,7-day same-slot mean,85.9580661704
2025-02-05,DLinear,165.4911380426
2025-02-05,Last Week,141.6384666667
2025-02-05,PhaseStructuralFusion,101.5329117708
2025-02-05,SSA best config,217.0819433374
2025-02-05,Yesterday,111.6167993056
2025-02-06,7-day same-slot mean,63.8639830358
2025-02-06,DLinear,148.8581245931
2025-02-06,Last Week,91.0326937500
2025-02-06,PhaseStructuralFusion,71.7684426042
2025-02-06,SSA best config,200.7638209034
2025-02-06,Yesterday,85.9835152778
2025-02-07,7-day same-slot mean,157.9670032737
2025-02-07,DLinear,188.4268475533
2025-02-07,Last Week,160.9580097222
2025-02-07,PhaseStructuralFusion,162.0959900347
2025-02-07,SSA best config,303.5872308878
2025-02-07,Yesterday,173.9426326389
2025-02-08,7-day same-slot mean,116.7470762897
2025-02-08,DLinear,161.0037047738
2025-02-08,Last Week,112.7994673611
2025-02-08,PhaseStructuralFusion,133.9613796875
2025-02-08,SSA best config,223.4792940347
2025-02-08,Yesterday,177.7457152778
2025-02-09,7-day same-slot mean,108.6302950394
2025-02-09,DLinear,191.2637069447
2025-02-09,Last Week,153.9869097222
2025-02-09,PhaseStructuralFusion,141.7799507639
2025-02-09,SSA best config,199.3213966610
2025-02-09,Yesterday,157.1497902778
2025-02-10,7-day same-slot mean,199.7376416664
2025-02-10,DLinear,234.4460716564
2025-02-10,Last Week,205.1741611111
2025-02-10,PhaseStructuralFusion,212.3396739583
2025-02-10,SSA best config,373.2113857894
2025-02-10,Yesterday,231.3632236111
2025-02-11,7-day same-slot mean,132.5186129959
2025-02-11,DLinear,172.2419217061
2025-02-11,Last Week,243.2616451389
2025-02-11,PhaseStructuralFusion,96.3477717361
2025-02-11,SSA best config,163.0019349097
2025-02-11,Yesterday,101.8810895833
2025-02-12,7-day same-slot mean,113.9240708335
2025-02-12,DLinear,165.7950731380
2025-02-12,Last Week,218.3355777778
2025-02-12,PhaseStructuralFusion,131.3876938889
2025-02-12,SSA best config,176.1405482175
2025-02-12,Yesterday,89.8634472222
2025-02-13,7-day same-slot mean,226.6863667656
2025-02-13,DLinear,286.6554177072
2025-02-13,Last Week,333.3208006944
2025-02-13,PhaseStructuralFusion,238.9955425000
2025-02-13,SSA best config,264.2722421949
2025-02-13,Yesterday,164.9232159722
2025-02-14,7-day same-slot mean,108.7420321428
2025-02-14,DLinear,192.8447199262
2025-02-14,Last Week,158.2840388889
2025-02-14,PhaseStructuralFusion,125.3240851389
2025-02-14,SSA best config,168.9897009919
2025-02-14,Yesterday,195.0854458333
2025-02-15,7-day same-slot mean,83.0294008928
2025-02-15,DLinear,161.7307913790
2025-02-15,Last Week,154.6183395833
2025-02-15,PhaseStructuralFusion,74.2469567361
2025-02-15,SSA best config,208.5529060363
2025-02-15,Yesterday,55.4767368056
2025-02-16,7-day same-slot mean,101.8202692458
2025-02-16,DLinear,197.9992500274
2025-02-16,Last Week,163.0905451389
2025-02-16,PhaseStructuralFusion,82.5572352431
2025-02-16,SSA best config,202.7542226808
2025-02-16,Yesterday,98.1057347222
2025-02-17,7-day same-slot mean,131.5957282737
2025-02-17,DLinear,218.7004684953
2025-02-17,Last Week,136.3875729167
2025-02-17,PhaseStructuralFusion,151.8542632292
2025-02-17,SSA best config,309.2803530901
2025-02-17,Yesterday,181.5177930556
2025-02-18,7-day same-slot mean,94.2878624999
2025-02-18,DLinear,197.9046558482
2025-02-18,Last Week,143.2897263889
2025-02-18,PhaseStructuralFusion,95.0220261111
2025-02-18,SSA best config,147.8143152278
2025-02-18,Yesterday,94.5926805556
2025-02-19,7-day same-slot mean,109.4539495042
2025-02-19,DLinear,187.8629156335
2025-02-19,Last Week,129.2762631944
2025-02-19,PhaseStructuralFusion,101.0089431944
2025-02-19,SSA best config,147.7008308554
2025-02-19,Yesterday,118.5847256944
2025-02-20,7-day same-slot mean,109.6564920637
2025-02-20,DLinear,247.0677200547
2025-02-20,Last Week,140.3942430556
2025-02-20,PhaseStructuralFusion,131.9689369444
2025-02-20,SSA best config,210.5541756945
2025-02-20,Yesterday,149.6904527778
2025-02-21,7-day same-slot mean,92.4515749997
2025-02-21,DLinear,215.1667042533
2025-02-21,Last Week,174.3979138889
2025-02-21,PhaseStructuralFusion,98.6108270833
2025-02-21,SSA best config,154.7784642966
2025-02-21,Yesterday,77.0740972222
2025-02-22,7-day same-slot mean,72.6495616074
2025-02-22,DLinear,189.4273904121
2025-02-22,Last Week,98.4703069444
2025-02-22,PhaseStructuralFusion,78.5779187847
2025-02-22,SSA best config,155.9787675388
2025-02-22,Yesterday,118.6657451389
2025-02-23,7-day same-slot mean,104.6438778769
2025-02-23,DLinear,238.0947408583
2025-02-23,Last Week,183.5089944444
2025-02-23,PhaseStructuralFusion,142.2334040972
2025-02-23,SSA best config,231.1939507557
2025-02-23,Yesterday,120.3923291667
2025-02-24,7-day same-slot mean,132.9112668651
2025-02-24,DLinear,263.1257851101
2025-02-24,Last Week,118.6143826389
2025-02-24,PhaseStructuralFusion,131.5766204167
2025-02-24,SSA best config,285.2409691744
2025-02-24,Yesterday,167.0870631944
2025-02-25,7-day same-slot mean,228.9709839283
2025-02-25,DLinear,339.1171722665
2025-02-25,Last Week,251.5417041667
2025-02-25,PhaseStructuralFusion,178.4158541319
2025-02-25,SSA best config,261.9924397689
2025-02-25,Yesterday,121.8997298611
2025-02-26,7-day same-slot mean,113.0313652781
2025-02-26,DLinear,251.6126194496
2025-02-26,Last Week,158.6933687500
2025-02-26,PhaseStructuralFusion,105.1029793403
2025-02-26,SSA best config,142.2718510473
2025-02-26,Yesterday,144.8783125000
2025-02-27,7-day same-slot mean,144.9681603177
2025-02-27,DLinear,275.8107510385
2025-02-27,Last Week,189.0610486111
2025-02-27,PhaseStructuralFusion,162.8447748264
2025-02-27,SSA best config,262.1273589699
2025-02-27,Yesterday,187.8209256944
2025-02-28,7-day same-slot mean,98.2713398810
2025-02-28,DLinear,249.4890873197
2025-02-28,Last Week,135.3004472222
2025-02-28,PhaseStructuralFusion,148.0405785417
2025-02-28,SSA best config,194.5320800944
2025-02-28,Yesterday,179.1105291667
2025-03-01,7-day same-slot mean,167.3099306548
2025-03-01,DLinear,257.0582990006
2025-03-01,Last Week,129.0968805556
2025-03-01,PhaseStructuralFusion,144.7762595486
2025-03-01,SSA best config,241.8634729701
2025-03-01,Yesterday,192.1543020833
2025-03-02,7-day same-slot mean,286.2045459322
2025-03-02,DLinear,375.9261185072
2025-03-02,Last Week,230.2615652778
2025-03-02,PhaseStructuralFusion,222.3247530556
2025-03-02,SSA best config,350.2359512643
2025-03-02,Yesterday,245.6062138889
2025-03-03,7-day same-slot mean,231.9042055555
2025-03-03,DLinear,267.2088138704
2025-03-03,Last Week,283.5614208333
2025-03-03,PhaseStructuralFusion,150.4805587847
2025-03-03,SSA best config,305.7964148847
2025-03-03,Yesterday,190.5193006944
2025-03-04,7-day same-slot mean,108.9646298612
2025-03-04,DLinear,250.3114829156
2025-03-04,Last Week,283.6688208333
2025-03-04,PhaseStructuralFusion,120.8949955208
2025-03-04,SSA best config,276.8686473850
2025-03-04,Yesterday,140.3529381944
2025-03-05,7-day same-slot mean,137.1808881943
2025-03-05,DLinear,302.5407852503
2025-03-05,Last Week,147.6927847222
2025-03-05,PhaseStructuralFusion,131.4973440278
2025-03-05,SSA best config,267.7910321623
2025-03-05,Yesterday,179.5054583333
2025-03-06,7-day same-slot mean,108.2297919642
2025-03-06,DLinear,280.3540713183
2025-03-06,Last Week,200.0668395833
2025-03-06,PhaseStructuralFusion,117.9518485069
2025-03-06,SSA best config,136.8081012529
2025-03-06,Yesterday,122.0325888889
2025-03-07,7-day same-slot mean,106.3935140871
2025-03-07,DLinear,275.8432753671
2025-03-07,Last Week,141.0523756944
2025-03-07,PhaseStructuralFusion,104.8859703819
2025-03-07,SSA best config,169.1809962822
2025-03-07,Yesterday,99.2319097222
2025-03-08,7-day same-slot mean,176.0038541667
2025-03-08,DLinear,344.6538165565
2025-03-08,Last Week,196.9662534722
2025-03-08,PhaseStructuralFusion,147.0961169444
2025-03-08,SSA best config,217.6300406185
2025-03-08,Yesterday,144.6303493056
2025-03-09,7-day same-slot mean,193.1283799606
2025-03-09,DLinear,357.8927411748
2025-03-09,Last Week,369.3018722222
2025-03-09,PhaseStructuralFusion,195.1869824653
2025-03-09,SSA best config,187.5716178497
2025-03-09,Yesterday,105.7850868056
2025-03-10,7-day same-slot mean,137.0007884920
2025-03-10,DLinear,291.6158715683
2025-03-10,Last Week,211.9787437500
2025-03-10,PhaseStructuralFusion,147.8086337153
2025-03-10,SSA best config,213.0090448806
2025-03-10,Yesterday,200.1515972222
2025-03-11,7-day same-slot mean,133.1606266866
2025-03-11,DLinear,307.7667092676
2025-03-11,Last Week,222.8657291667
2025-03-11,PhaseStructuralFusion,202.8279769444
2025-03-11,SSA best config,323.0278906959
2025-03-11,Yesterday,209.2714250000
2025-03-12,7-day same-slot mean,150.9176054565
2025-03-12,DLinear,338.6308864574
2025-03-12,Last Week,188.7484611111
2025-03-12,PhaseStructuralFusion,123.6788780556
2025-03-12,SSA best config,232.8365827942
2025-03-12,Yesterday,102.8390791667
2025-03-13,7-day same-slot mean,210.9277851188
2025-03-13,DLinear,389.7355030988
2025-03-13,Last Week,221.0020104167
2025-03-13,PhaseStructuralFusion,238.3248484028
2025-03-13,SSA best config,280.9670700062
2025-03-13,Yesterday,272.2556270833
2025-03-14,7-day same-slot mean,166.8324159724
2025-03-14,DLinear,379.0011693910
2025-03-14,Last Week,222.3477256944
2025-03-14,PhaseStructuralFusion,246.1740524653
2025-03-14,SSA best config,369.0595581753
2025-03-14,Yesterday,306.4766986111
2025-03-15,7-day same-slot mean,165.7044224208
2025-03-15,DLinear,373.4095082169
2025-03-15,Last Week,189.4825722222
2025-03-15,PhaseStructuralFusion,223.2788243750
2025-03-15,SSA best config,270.2024003988
2025-03-15,Yesterday,270.7001277778
2025-03-16,7-day same-slot mean,141.1367467263
2025-03-16,DLinear,331.3822600825
2025-03-16,Last Week,179.1391180556
2025-03-16,PhaseStructuralFusion,190.7115728125
2025-03-16,SSA best config,280.0480095740
2025-03-16,Yesterday,236.4963034722
2025-03-17,7-day same-slot mean,276.8264791667
2025-03-17,DLinear,508.1878244735
2025-03-17,Last Week,414.3314687500
2025-03-17,PhaseStructuralFusion,305.5309729861
2025-03-17,SSA best config,322.1511734957
2025-03-17,Yesterday,217.6717215278
2025-03-18,7-day same-slot mean,147.1947664679
2025-03-18,DLinear,320.8499432004
2025-03-18,Last Week,199.2665000000
2025-03-18,PhaseStructuralFusion,151.0415788542
2025-03-18,SSA best config,152.4642072335
2025-03-18,Yesterday,201.7208437500
2025-03-19,7-day same-slot mean,174.7823196426
2025-03-19,DLinear,388.2118966015
2025-03-19,Last Week,182.7190083333
2025-03-19,PhaseStructuralFusion,117.9058299306
2025-03-19,SSA best config,178.2897070342
2025-03-19,Yesterday,90.1330055556
2025-03-20,7-day same-slot mean,82.0160154758
2025-03-20,DLinear,320.7603911253
2025-03-20,Last Week,219.4077312500
2025-03-20,PhaseStructuralFusion,95.7830735764
2025-03-20,SSA best config,169.3807031856
2025-03-20,Yesterday,160.6506111111
2025-03-21,7-day same-slot mean,201.6889751981
2025-03-21,DLinear,445.5063634739
2025-03-21,Last Week,211.5803513889
2025-03-21,PhaseStructuralFusion,207.5749391319
2025-03-21,SSA best config,314.9089094376
2025-03-21,Yesterday,228.7141812500
2025-03-22,7-day same-slot mean,106.2627583337
2025-03-22,DLinear,320.2129139912
2025-03-22,Last Week,233.9321625000
2025-03-22,PhaseStructuralFusion,137.1673044444
2025-03-22,SSA best config,142.6503141118
2025-03-22,Yesterday,206.5343833333
2025-03-23,7-day same-slot mean,174.8333046626
2025-03-23,DLinear,425.6682716503
2025-03-23,Last Week,289.9553625000
2025-03-23,PhaseStructuralFusion,217.7194915625
2025-03-23,SSA best config,256.1263666099
2025-03-23,Yesterday,182.3414687500
2025-03-24,7-day same-slot mean,120.8070559524
2025-03-24,DLinear,372.9848928756
2025-03-24,Last Week,174.8171652778
2025-03-24,PhaseStructuralFusion,153.7315242014
2025-03-24,SSA best config,213.6558897419
2025-03-24,Yesterday,211.4085590278
2025-03-25,7-day same-slot mean,124.0993970239
2025-03-25,DLinear,389.3307785381
2025-03-25,Last Week,145.2030854167
2025-03-25,PhaseStructuralFusion,151.2775895486
2025-03-25,SSA best config,190.9840975183
2025-03-25,Yesterday,186.8383708333
2025-03-26,7-day same-slot mean,190.7243241072
2025-03-26,DLinear,462.5774760783
2025-03-26,Last Week,203.9116090278
2025-03-26,PhaseStructuralFusion,225.0079030208
2025-03-26,SSA best config,314.8547191786
2025-03-26,Yesterday,262.2643138889
2025-03-27,7-day same-slot mean,107.9742755951
2025-03-27,DLinear,368.1564537320
2025-03-27,Last Week,167.8171881944
2025-03-27,PhaseStructuralFusion,108.9381266319
2025-03-27,SSA best config,133.6990756453
2025-03-27,Yesterday,174.7115166667
2025-03-28,7-day same-slot mean,111.5524262897
2025-03-28,DLinear,395.8941481600
2025-03-28,Last Week,106.3933375000
2025-03-28,PhaseStructuralFusion,109.2931579861
2025-03-28,SSA best config,189.4988330088
2025-03-28,Yesterday,134.9133388889
2025-03-29,7-day same-slot mean,234.1272896827
2025-03-29,DLinear,537.2180188249
2025-03-29,Last Week,351.3351006944
2025-03-29,PhaseStructuralFusion,243.8605969444
2025-03-29,SSA best config,247.2010452523
2025-03-29,Yesterday,166.1729729167
2025-03-30,7-day same-slot mean,139.8830909719
2025-03-30,DLinear,446.1025837304
2025-03-30,Last Week,248.6795402778
2025-03-30,PhaseStructuralFusion,154.9350246528
2025-03-30,SSA best config,116.5621903799
2025-03-30,Yesterday,142.6810472222
2025-03-31,7-day same-slot mean,185.1163142857
2025-03-31,DLinear,413.1322899212
2025-03-31,Last Week,186.4258388889
2025-03-31,PhaseStructuralFusion,176.1778843403
2025-03-31,SSA best config,228.3560786160
2025-03-31,Yesterday,193.8191729167
2025-04-01,7-day same-slot mean,229.4692973210
2025-04-01,DLinear,487.4701185198
2025-04-01,Last Week,208.9115951389
2025-04-01,PhaseStructuralFusion,160.3458472917
2025-04-01,SSA best config,293.7692974022
2025-04-01,Yesterday,206.8509604167
2025-04-02,7-day same-slot mean,274.2682313493
2025-04-02,DLinear,451.3134048005
2025-04-02,Last Week,310.9513798611
2025-04-02,PhaseStructuralFusion,221.6249120486
2025-04-02,SSA best config,332.0794993619
2025-04-02,Yesterday,229.0547986111
2025-04-03,7-day same-slot mean,139.8131075395
2025-04-03,DLinear,417.3934214304
2025-04-03,Last Week,155.4254416667
2025-04-03,PhaseStructuralFusion,205.5220094792
2025-04-03,SSA best config,363.2823084693
2025-04-03,Yesterday,309.1051173611
2025-04-04,7-day same-slot mean,193.8963482145
2025-04-04,DLinear,525.7971824564
2025-04-04,Last Week,190.2791125000
2025-04-04,PhaseStructuralFusion,169.5782456250
2025-04-04,SSA best config,239.8613944383
2025-04-04,Yesterday,165.7350069444
2025-04-05,7-day same-slot mean,134.1432326391
2025-04-05,DLinear,437.8061192703
2025-04-05,Last Week,247.1478611111
2025-04-05,PhaseStructuralFusion,228.5967828819
2025-04-05,SSA best config,225.5865777774
2025-04-05,Yesterday,236.4916993056
2025-04-06,7-day same-slot mean,105.0138518847
2025-04-06,DLinear,498.3021435272
2025-04-06,Last Week,125.0578472222
2025-04-06,PhaseStructuralFusion,112.1118950000
2025-04-06,SSA best config,185.0143172840
2025-04-06,Yesterday,150.5958819444
2025-04-07,7-day same-slot mean,192.0759185515
2025-04-07,DLinear,534.0912076405
2025-04-07,Last Week,170.3221159722
2025-04-07,PhaseStructuralFusion,139.4572465625
2025-04-07,SSA best config,233.9937961996
2025-04-07,Yesterday,174.4218625000
2025-04-08,7-day same-slot mean,141.3598273809
2025-04-08,DLinear,476.0193230764
2025-04-08,Last Week,317.9214763889
2025-04-08,PhaseStructuralFusion,256.9790195833
2025-04-08,SSA best config,240.1254097411
2025-04-08,Yesterday,271.5091444444
2025-04-09,7-day same-slot mean,202.6467761904
2025-04-09,DLinear,433.5937883332
2025-04-09,Last Week,205.4687930556
2025-04-09,PhaseStructuralFusion,206.6093197917
2025-04-09,SSA best config,269.2309327201
2025-04-09,Yesterday,281.8848305556
2025-04-10,7-day same-slot mean,144.1426873012
2025-04-10,DLinear,483.4074052897
2025-04-10,Last Week,163.7487923611
2025-04-10,PhaseStructuralFusion,198.1134571875
2025-04-10,SSA best config,324.5528678604
2025-04-10,Yesterday,265.1997666667
2025-04-11,7-day same-slot mean,185.9899330358
2025-04-11,DLinear,569.4250201989
2025-04-11,Last Week,111.3950076389
2025-04-11,PhaseStructuralFusion,160.1857589236
2025-04-11,SSA best config,262.1059474605
2025-04-11,Yesterday,234.7226958333
2025-04-12,7-day same-slot mean,160.1947589285
2025-04-12,DLinear,470.9516967237
2025-04-12,Last Week,191.9632000000
2025-04-12,PhaseStructuralFusion,173.8465242361
2025-04-12,SSA best config,253.7532195865
2025-04-12,Yesterday,234.6661861111
2025-04-13,7-day same-slot mean,105.9736744044
2025-04-13,DLinear,484.6168943851
2025-04-13,Last Week,144.0898652778
2025-04-13,PhaseStructuralFusion,130.0744781250
2025-04-13,SSA best config,213.4424856347
2025-04-13,Yesterday,166.1393472222
2025-04-14,7-day same-slot mean,130.2929688492
2025-04-14,DLinear,554.8148779761
2025-04-14,Last Week,238.9643222222
2025-04-14,PhaseStructuralFusion,152.0701506944
2025-04-14,SSA best config,220.4683342073
2025-04-14,Yesterday,153.7686458333
2025-04-15,7-day same-slot mean,231.3624393851
2025-04-15,DLinear,584.6583722775
2025-04-15,Last Week,274.2970006944
2025-04-15,PhaseStructuralFusion,238.1953794444
2025-04-15,SSA best config,270.0615396175
2025-04-15,Yesterday,242.7860548611
2025-04-16,7-day same-slot mean,127.4566596229
2025-04-16,DLinear,499.2243376743
2025-04-16,Last Week,181.9980069444
2025-04-16,PhaseStructuralFusion,175.2203461458
2025-04-16,SSA best config,257.0621211860
2025-04-16,Yesterday,271.4568715278
2025-04-17,7-day same-slot mean,105.8863493052
2025-04-17,DLinear,524.7694792344
2025-04-17,Last Week,190.4775583333
2025-04-17,PhaseStructuralFusion,137.8041661111
2025-04-17,SSA best config,240.6973100501
2025-04-17,Yesterday,175.4072250000
2025-04-18,7-day same-slot mean,103.2369886904
2025-04-18,DLinear,527.7490287805
2025-04-18,Last Week,154.1188784722
2025-04-18,PhaseStructuralFusion,125.8459618750
2025-04-18,SSA best config,201.5515525921
2025-04-18,Yesterday,165.0788951389
2025-04-19,7-day same-slot mean,137.0999814486
2025-04-19,DLinear,504.9145466943
2025-04-19,Last Week,214.5482604167
2025-04-19,PhaseStructuralFusion,158.3805430208
2025-04-19,SSA best config,144.6001877826
2025-04-19,Yesterday,149.0734138889
2025-04-20,7-day same-slot mean,140.8225525793
2025-04-20,DLinear,527.4575860630
2025-04-20,Last Week,186.3617020833
2025-04-20,PhaseStructuralFusion,146.5732767708
2025-04-20,SSA best config,195.4327644417
2025-04-20,Yesterday,161.3468180556
2025-04-21,7-day same-slot mean,211.5764993054
2025-04-21,DLinear,670.4631287856
2025-04-21,Last Week,201.2248743056
2025-04-21,PhaseStructuralFusion,209.4669023958
2025-04-21,SSA best config,289.8095675149
2025-04-21,Yesterday,239.6158569444
2025-04-22,7-day same-slot mean,133.9539369047
2025-04-22,DLinear,564.4126164770
2025-04-22,Last Week,185.6055416667
2025-04-22,PhaseStructuralFusion,159.0096011806
2025-04-22,SSA best config,207.9269518362
2025-04-22,Yesterday,233.1156888889
2025-04-23,7-day same-slot mean,158.1323671625
2025-04-23,DLinear,605.3599722031
2025-04-23,Last Week,207.8125277778
2025-04-23,PhaseStructuralFusion,134.2549412847
2025-04-23,SSA best config,237.6159826709
2025-04-23,Yesterday,111.2651826389
2025-04-24,7-day same-slot mean,192.1136069444
2025-04-24,DLinear,702.3010127974
2025-04-24,Last Week,268.9542548611
2025-04-24,PhaseStructuralFusion,215.0403368750
2025-04-24,SSA best config,316.1680890892
2025-04-24,Yesterday,224.6577618056
2025-04-25,7-day same-slot mean,146.8748174600
2025-04-25,DLinear,603.3192949105
2025-04-25,Last Week,222.3332937500
2025-04-25,PhaseStructuralFusion,157.2467826389
2025-04-25,SSA best config,196.8594016443
2025-04-25,Yesterday,139.0438104167
2025-04-26,7-day same-slot mean,276.2920722222
2025-04-26,DLinear,714.9036842577
2025-04-26,Last Week,341.5784375000
2025-04-26,PhaseStructuralFusion,320.3701439931
2025-04-26,SSA best config,335.1902736800
2025-04-26,Yesterday,320.3152618056
2025-04-27,7-day same-slot mean,125.8500310512
2025-04-27,DLinear,556.9444424681
2025-04-27,Last Week,172.9304937500
2025-04-27,PhaseStructuralFusion,111.9380760417
2025-04-27,SSA best config,148.2892257398
2025-04-27,Yesterday,186.5199520833
2025-04-28,7-day same-slot mean,354.5311978175
2025-04-28,DLinear,589.9906197887
2025-04-28,Last Week,395.7711770833
2025-04-28,PhaseStructuralFusion,368.3907631597
2025-04-28,SSA best config,389.3162041343
2025-04-28,Yesterday,367.0611583333
2025-04-29,7-day same-slot mean,186.1704990078
2025-04-29,DLinear,650.7205572469
2025-04-29,Last Week,246.7692222222
2025-04-29,PhaseStructuralFusion,325.7719932986
2025-04-29,SSA best config,506.6496918171
2025-04-29,Yesterday,399.8796854167
2025-04-30,7-day same-slot mean,210.0589629959
2025-04-30,DLinear,656.6649773627
2025-04-30,Last Week,210.1937430556
2025-04-30,PhaseStructuralFusion,208.2219068403
2025-04-30,SSA best config,342.0752356263
2025-04-30,Yesterday,245.5833909722
2025-05-01,7-day same-slot mean,133.6833977178
2025-05-01,DLinear,586.1780980864
2025-05-01,Last Week,202.2067215278
2025-05-01,PhaseStructuralFusion,225.8689394097
2025-05-01,SSA best config,214.2805570425
2025-05-01,Yesterday,259.1828194444
2025-05-02,7-day same-slot mean,339.1230472224
2025-05-02,DLinear,524.9124048072
2025-05-02,Last Week,393.2908750000
2025-05-02,PhaseStructuralFusion,380.2764704861
2025-05-02,SSA best config,377.7553871294
2025-05-02,Yesterday,377.0316736111
2025-05-03,7-day same-slot mean,118.9119125993
2025-05-03,DLinear,545.0190524759
2025-05-03,Last Week,291.2326138889
2025-05-03,PhaseStructuralFusion,127.5481498958
2025-05-03,SSA best config,313.2394045715
2025-05-03,Yesterday,234.7691743056
2025-05-04,7-day same-slot mean,206.2827306549
2025-05-04,DLinear,689.4522457949
2025-05-04,Last Week,305.1484340278
2025-05-04,PhaseStructuralFusion,239.0163856597
2025-05-04,SSA best config,349.3552689990
2025-05-04,Yesterday,202.3844763889
2025-05-05,7-day same-slot mean,206.9767482141
2025-05-05,DLinear,511.1718329901
2025-05-05,Last Week,315.4896159722
2025-05-05,PhaseStructuralFusion,206.1899230903
2025-05-05,SSA best config,262.5923102735
2025-05-05,Yesterday,267.0443777778
2025-05-06,7-day same-slot mean,207.5859175595
2025-05-06,DLinear,604.4713200391
2025-05-06,Last Week,260.6764083333
2025-05-06,PhaseStructuralFusion,158.5919819444
2025-05-06,SSA best config,212.3217279251
2025-05-06,Yesterday,164.9562194444
2025-05-07,7-day same-slot mean,101.0662058531
2025-05-07,DLinear,535.6381802590
2025-05-07,Last Week,256.2636215278
2025-05-07,PhaseStructuralFusion,145.5679824653
2025-05-07,SSA best config,213.8289073390
2025-05-07,Yesterday,186.3644138889
2025-05-08,7-day same-slot mean,185.2070183531
2025-05-08,DLinear,561.6167405781
2025-05-08,Last Week,335.0481958333
2025-05-08,PhaseStructuralFusion,250.0881699653
2025-05-08,SSA best config,271.8909553310
2025-05-08,Yesterday,187.2442159722
2025-05-09,7-day same-slot mean,119.8389992064
2025-05-09,DLinear,558.7093783655
2025-05-09,Last Week,253.6895659722
2025-05-09,PhaseStructuralFusion,187.1729065278
2025-05-09,SSA best config,266.0023827828
2025-05-09,Yesterday,190.6207937500
2025-05-10,7-day same-slot mean,205.1061046627
2025-05-10,DLinear,505.4700985372
2025-05-10,Last Week,227.6910861111
2025-05-10,PhaseStructuralFusion,191.0210003472
2025-05-10,SSA best config,226.1363047656
2025-05-10,Yesterday,196.3267875000
2025-05-11,7-day same-slot mean,165.7710645834
2025-05-11,DLinear,595.1950533724
2025-05-11,Last Week,274.7489555556
2025-05-11,PhaseStructuralFusion,176.5911518056
2025-05-11,SSA best config,252.6960830396
2025-05-11,Yesterday,202.2406430556
2025-05-12,7-day same-slot mean,290.7286293649
2025-05-12,DLinear,743.5356911228
2025-05-12,Last Week,317.5656923611
2025-05-12,PhaseStructuralFusion,294.5902363889
2025-05-12,SSA best config,381.2944677556
2025-05-12,Yesterday,318.1806076389
2025-05-13,7-day same-slot mean,93.0266162698
2025-05-13,DLinear,637.9285587227
2025-05-13,Last Week,234.4313138889
2025-05-13,PhaseStructuralFusion,132.7462121181
2025-05-13,SSA best config,217.6718391142
2025-05-13,Yesterday,231.6255159722
2025-05-14,7-day same-slot mean,128.9563921626
2025-05-14,DLinear,669.5474656285
2025-05-14,Last Week,196.3064645833
2025-05-14,PhaseStructuralFusion,138.6937444444
2025-05-14,SSA best config,245.1696742632
2025-05-14,Yesterday,141.1531756944
2025-05-15,7-day same-slot mean,144.4805064482
2025-05-15,DLinear,617.6062386587
2025-05-15,Last Week,186.7271284722
2025-05-15,PhaseStructuralFusion,158.1936599306
2025-05-15,SSA best config,176.6436267283
2025-05-15,Yesterday,175.3161395833
2025-05-16,7-day same-slot mean,243.9373306547
2025-05-16,DLinear,767.8922435289
2025-05-16,Last Week,307.4755659722
2025-05-16,PhaseStructuralFusion,256.1816293750
2025-05-16,SSA best config,295.2304545706
2025-05-16,Yesterday,226.0120076389
2025-05-17,7-day same-slot mean,190.2206196427
2025-05-17,DLinear,640.2643041174
2025-05-17,Last Week,247.7596020833
2025-05-17,PhaseStructuralFusion,228.5863264931
2025-05-17,SSA best config,328.2259819957
2025-05-17,Yesterday,321.8926250000
2025-05-18,7-day same-slot mean,161.8474966268
2025-05-18,DLinear,689.1089451971
2025-05-18,Last Week,234.9370833333
2025-05-18,PhaseStructuralFusion,237.6754457986
2025-05-18,SSA best config,355.4037724880
2025-05-18,Yesterday,268.3166729167
2025-05-19,7-day same-slot mean,241.5259513888
2025-05-19,DLinear,778.4430235566
2025-05-19,Last Week,337.4901618056
2025-05-19,PhaseStructuralFusion,290.2536148264
2025-05-19,SSA best config,380.6715805281
2025-05-19,Yesterday,310.9656750000
2025-05-20,7-day same-slot mean,162.4127375992
2025-05-20,DLinear,639.6959983994
2025-05-20,Last Week,178.3496944444
2025-05-20,PhaseStructuralFusion,258.1800381944
2025-05-20,SSA best config,332.4370921756
2025-05-20,Yesterday,341.7777444444
2025-05-21,7-day same-slot mean,221.6860895835
2025-05-21,DLinear,700.4613303119
2025-05-21,Last Week,265.8169576389
2025-05-21,PhaseStructuralFusion,274.4848415625
2025-05-21,SSA best config,298.4204263262
2025-05-21,Yesterday,290.3592861111
2025-05-22,7-day same-slot mean,95.6256333334
2025-05-22,DLinear,673.4864831613
2025-05-22,Last Week,163.7751222222
2025-05-22,PhaseStructuralFusion,115.4738138889
2025-05-22,SSA best config,185.1405369316
2025-05-22,Yesterday,165.0183666667
2025-05-23,7-day same-slot mean,110.1366942462
2025-05-23,DLinear,638.9263867658
2025-05-23,Last Week,171.5026159722
2025-05-23,PhaseStructuralFusion,121.2553574653
2025-05-23,SSA best config,179.8374625283
2025-05-23,Yesterday,124.6740069444
2025-05-24,7-day same-slot mean,201.4387568453
2025-05-24,DLinear,737.1345124654
2025-05-24,Last Week,329.4700909722
2025-05-24,PhaseStructuralFusion,253.9144275347
2025-05-24,SSA best config,238.8423892521
2025-05-24,Yesterday,209.9768500000
2025-05-25,7-day same-slot mean,141.3495118054
2025-05-25,DLinear,739.7793484156
2025-05-25,Last Week,280.3187826389
2025-05-25,PhaseStructuralFusion,179.3226009722
2025-05-25,SSA best config,177.9389227586
2025-05-25,Yesterday,180.6232284722
2025-05-26,7-day same-slot mean,236.9093706347
2025-05-26,DLinear,654.3463576778
2025-05-26,Last Week,343.4055770833
2025-05-26,PhaseStructuralFusion,315.0340995486
2025-05-26,SSA best config,293.6560421019
2025-05-26,Yesterday,305.7341972222
2025-05-27,7-day same-slot mean,141.2975604165
2025-05-27,DLinear,728.3646560686
2025-05-27,Last Week,257.1947604167
2025-05-27,PhaseStructuralFusion,231.2218786458
2025-05-27,SSA best config,323.5051718452
2025-05-27,Yesterday,254.0988736111
2025-05-28,7-day same-slot mean,244.1155978173
2025-05-28,DLinear,717.5235124108
2025-05-28,Last Week,242.2941479167
2025-05-28,PhaseStructuralFusion,254.5485535764
2025-05-28,SSA best config,306.8305251303
2025-05-28,Yesterday,283.3335972222
2025-05-29,7-day same-slot mean,173.8829081347
2025-05-29,DLinear,641.3025349021
2025-05-29,Last Week,211.0099916667
2025-05-29,PhaseStructuralFusion,139.4900028125
2025-05-29,SSA best config,221.0125230961
2025-05-29,Yesterday,157.4030868056
2025-05-30,7-day same-slot mean,187.9815044642
2025-05-30,DLinear,613.6437476699
2025-05-30,Last Week,194.6304118056
2025-05-30,PhaseStructuralFusion,179.4723236111
2025-05-30,SSA best config,322.4932151794
2025-05-30,Yesterday,260.4829659722
2025-05-31,7-day same-slot mean,166.2370356150
2025-05-31,DLinear,618.7222808843
2025-05-31,Last Week,204.2320708333
2025-05-31,PhaseStructuralFusion,184.7640378819
2025-05-31,SSA best config,233.8449946617
2025-05-31,Yesterday,223.7889965278
2025-06-01,7-day same-slot mean,460.0277560516
2025-06-01,DLinear,728.7064743143
2025-06-01,Last Week,618.3232493056
2025-06-01,PhaseStructuralFusion,495.8629612153
2025-06-01,SSA best config,503.3450229666
2025-06-01,Yesterday,433.1049013889
2025-06-02,7-day same-slot mean,353.1679581346
2025-06-02,DLinear,529.8790475785
2025-06-02,Last Week,376.0736715278
2025-06-02,PhaseStructuralFusion,335.3720544097
2025-06-02,SSA best config,559.2658949864
2025-06-02,Yesterday,353.2597361111
2025-06-03,7-day same-slot mean,225.3845550598
2025-06-03,DLinear,553.4696641589
2025-06-03,Last Week,451.0007923611
2025-06-03,PhaseStructuralFusion,259.4669367014
2025-06-03,SSA best config,263.6147819631
2025-06-03,Yesterday,269.4557152778
2025-06-04,7-day same-slot mean,201.5239124999
2025-06-04,DLinear,602.2338728155
2025-06-04,Last Week,384.7234770833
2025-06-04,PhaseStructuralFusion,236.0732713542
2025-06-04,SSA best config,251.8246673054
2025-06-04,Yesterday,202.1522666667
2025-06-05,7-day same-slot mean,224.3637267856
2025-06-05,DLinear,491.6352556897
2025-06-05,Last Week,379.1365048611
2025-06-05,PhaseStructuralFusion,218.2377103472
2025-06-05,SSA best config,186.3923634565
2025-06-05,Yesterday,193.2609840278
2025-06-06,7-day same-slot mean,379.2590815476
2025-06-06,DLinear,565.1681819841
2025-06-06,Last Week,672.2894534722
2025-06-06,PhaseStructuralFusion,427.0521514583
2025-06-06,SSA best config,305.1200989563
2025-06-06,Yesterday,261.1321034722
2025-06-07,7-day same-slot mean,280.0228049602
2025-06-07,DLinear,584.7634445444
2025-06-07,Last Week,598.2876854167
2025-06-07,PhaseStructuralFusion,285.9457859722
2025-06-07,SSA best config,252.3388538203
2025-06-07,Yesterday,202.2908576389
2025-06-08,7-day same-slot mean,288.3201671628
2025-06-08,DLinear,741.1403566701
2025-06-08,Last Week,353.9008256944
2025-06-08,PhaseStructuralFusion,399.3601933681
2025-06-08,SSA best config,578.6136307685
2025-06-08,Yesterday,477.5011555556
2025-06-09,7-day same-slot mean,147.3552263888
2025-06-09,DLinear,520.4912628178
2025-06-09,Last Week,204.0370451389
2025-06-09,PhaseStructuralFusion,209.0663167708
2025-06-09,SSA best config,267.6955604281
2025-06-09,Yesterday,277.5393972222
2025-06-10,7-day same-slot mean,149.3618804565
2025-06-10,DLinear,532.4910556015
2025-06-10,Last Week,283.3813604167
2025-06-10,PhaseStructuralFusion,206.6298712847
2025-06-10,SSA best config,194.1982138078
2025-06-10,Yesterday,188.5254208333
2025-06-11,7-day same-slot mean,205.5016260912
2025-06-11,DLinear,524.3429481945
2025-06-11,Last Week,299.5215861111
2025-06-11,PhaseStructuralFusion,241.8768074653
2025-06-11,SSA best config,246.3557776324
2025-06-11,Yesterday,230.2713826389
2025-06-12,7-day same-slot mean,101.2185152778
2025-06-12,DLinear,516.5570133301
2025-06-12,Last Week,158.7798847222
2025-06-12,PhaseStructuralFusion,136.1164346875
2025-06-12,SSA best config,240.4233260222
2025-06-12,Yesterday,198.9824868056
2025-06-13,7-day same-slot mean,194.7594306550
2025-06-13,DLinear,442.3837195762
2025-06-13,Last Week,246.2748111111
2025-06-13,PhaseStructuralFusion,231.5805979514
2025-06-13,SSA best config,253.3376679842
2025-06-13,Yesterday,243.3500076389
2025-06-14,7-day same-slot mean,144.7345080358
2025-06-14,DLinear,589.7701018800
2025-06-14,Last Week,245.9848909722
2025-06-14,PhaseStructuralFusion,229.3678367014
2025-06-14,SSA best config,299.8598221873
2025-06-14,Yesterday,271.4080111111
2025-06-15,7-day same-slot mean,154.9896663691
2025-06-15,DLinear,588.2791334529
2025-06-15,Last Week,345.1433097222
2025-06-15,PhaseStructuralFusion,233.6605076736
2025-06-15,SSA best config,193.3120149973
2025-06-15,Yesterday,202.7086520833
2025-06-16,7-day same-slot mean,112.8194791668
2025-06-16,DLinear,512.1108722360
2025-06-16,Last Week,199.9840104167
2025-06-16,PhaseStructuralFusion,167.4072895139
2025-06-16,SSA best config,198.2087926577
2025-06-16,Yesterday,186.0118923611
2025-06-17,7-day same-slot mean,183.6931644842
2025-06-17,DLinear,620.6406266003
2025-06-17,Last Week,237.8110763889
2025-06-17,PhaseStructuralFusion,204.1182281597
2025-06-17,SSA best config,270.4356881930
2025-06-17,Yesterday,210.5479451389
2025-06-18,7-day same-slot mean,123.3588311511
2025-06-18,DLinear,568.1503668862
2025-06-18,Last Week,224.6488854167
2025-06-18,PhaseStructuralFusion,193.0494186458
2025-06-18,SSA best config,283.3464443516
2025-06-18,Yesterday,207.0650972222
2025-06-19,7-day same-slot mean,217.9586337301
2025-06-19,DLinear,644.2326008826
2025-06-19,Last Week,228.9054534722
2025-06-19,PhaseStructuralFusion,216.9490322222
2025-06-19,SSA best config,266.8430146860
2025-06-19,Yesterday,230.6638868056
2025-06-20,7-day same-slot mean,156.1202538689
2025-06-20,DLinear,605.7390423242
2025-06-20,Last Week,247.6036652778
2025-06-20,PhaseStructuralFusion,163.4275720139
2025-06-20,SSA best config,165.3871336870
2025-06-20,Yesterday,178.6662583333
2025-06-21,7-day same-slot mean,286.2827227185
2025-06-21,DLinear,728.9150911581
2025-06-21,Last Week,346.6404819444
2025-06-21,PhaseStructuralFusion,281.7155452083
2025-06-21,SSA best config,266.6908099483
2025-06-21,Yesterday,249.7164722222
2025-06-22,7-day same-slot mean,185.7651188492
2025-06-22,DLinear,694.3011192901
2025-06-22,Last Week,194.8495777778
2025-06-22,PhaseStructuralFusion,233.8854791319
2025-06-22,SSA best config,326.6480841675
2025-06-22,Yesterday,306.4238340278
2025-06-23,7-day same-slot mean,141.3282684524
2025-06-23,DLinear,642.4483560867
2025-06-23,Last Week,221.5400854167
2025-06-23,PhaseStructuralFusion,160.2665897569
2025-06-23,SSA best config,205.4737918318
2025-06-23,Yesterday,169.5304250000
2025-06-24,7-day same-slot mean,308.4101696430
2025-06-24,DLinear,558.5567806148
2025-06-24,Last Week,262.2078354167
2025-06-24,PhaseStructuralFusion,286.0814268056
2025-06-24,SSA best config,379.1301114808
2025-06-24,Yesterday,389.1262812500
2025-06-25,7-day same-slot mean,180.3751524802
2025-06-25,DLinear,640.7671552717
2025-06-25,Last Week,196.0044604167
2025-06-25,PhaseStructuralFusion,184.2612007292
2025-06-25,SSA best config,292.5548752929
2025-06-25,Yesterday,246.1419097222
2025-06-26,7-day same-slot mean,178.8358486117
2025-06-26,DLinear,560.0733099931
2025-06-26,Last Week,220.0364916667
2025-06-26,PhaseStructuralFusion,167.7289822222
2025-06-26,SSA best config,262.9044789784
2025-06-26,Yesterday,210.6975597222
2025-06-27,7-day same-slot mean,135.2840384922
2025-06-27,DLinear,589.7150651483
2025-06-27,Last Week,147.2797944444
2025-06-27,PhaseStructuralFusion,120.2374822222
2025-06-27,SSA best config,176.1115867340
2025-06-27,Yesterday,157.5036347222
2025-06-28,7-day same-slot mean,180.3540760912
2025-06-28,DLinear,603.5093936457
2025-06-28,Last Week,196.9934993056
2025-06-28,PhaseStructuralFusion,151.4364683333
2025-06-28,SSA best config,165.3503033600
2025-06-28,Yesterday,161.5037395833
2025-06-29,7-day same-slot mean,164.4513732145
2025-06-29,DLinear,635.5908067843
2025-06-29,Last Week,248.4509777778
2025-06-29,PhaseStructuralFusion,208.4269079861
2025-06-29,SSA best config,222.9100873208
2025-06-29,Yesterday,239.1359472222
2025-06-30,7-day same-slot mean,154.3115106147
2025-06-30,DLinear,553.8058838228
2025-06-30,Last Week,268.3826979167
2025-06-30,PhaseStructuralFusion,184.1967887500
2025-06-30,SSA best config,195.2556493994
2025-06-30,Yesterday,176.5017187500
2025-07-01,7-day same-slot mean,245.1369900792
2025-07-01,DLinear,708.0620183209
2025-07-01,Last Week,493.3689277778
2025-07-01,PhaseStructuralFusion,373.5297409722
2025-07-01,SSA best config,302.7134195358
2025-07-01,Yesterday,288.6745138889
2025-07-02,7-day same-slot mean,408.2723772820
2025-07-02,DLinear,895.1792470914
2025-07-02,Last Week,521.9297923611
2025-07-02,PhaseStructuralFusion,369.9502019444
2025-07-02,SSA best config,327.6110109633
2025-07-02,Yesterday,254.5357965278
2025-07-03,7-day same-slot mean,122.5063749010
2025-07-03,DLinear,624.1273692876
2025-07-03,Last Week,205.6611750000
2025-07-03,PhaseStructuralFusion,150.6934701042
2025-07-03,SSA best config,320.1161431710
2025-07-03,Yesterday,279.3832256944
2025-07-04,7-day same-slot mean,261.8044692463
2025-07-04,DLinear,775.8009264978
2025-07-04,Last Week,296.9073604167
2025-07-04,PhaseStructuralFusion,251.8997210417
2025-07-04,SSA best config,283.1487961676
2025-07-04,Yesterday,237.2111229167
2025-07-05,7-day same-slot mean,238.7230922618
2025-07-05,DLinear,762.7383631891
2025-07-05,Last Week,361.2652812500
2025-07-05,PhaseStructuralFusion,219.2400343750
2025-07-05,SSA best config,131.9400125281
2025-07-05,Yesterday,163.0291701389
2025-07-06,7-day same-slot mean,197.6858520833
2025-07-06,DLinear,577.3996222890
2025-07-06,Last Week,275.2191784722
2025-07-06,PhaseStructuralFusion,190.0022199653
2025-07-06,SSA best config,297.8890708683
2025-07-06,Yesterday,267.5180069444
2025-07-07,7-day same-slot mean,203.6839614088
2025-07-07,DLinear,738.4256399932
2025-07-07,Last Week,501.4047895833
2025-07-07,PhaseStructuralFusion,378.6785400000
2025-07-07,SSA best config,324.4294934731
2025-07-07,Yesterday,305.7145409722
2025-07-08,7-day same-slot mean,192.2510446426
2025-07-08,DLinear,620.4549675383
2025-07-08,Last Week,266.4093576389
2025-07-08,PhaseStructuralFusion,236.2223021181
2025-07-08,SSA best config,213.1029565489
2025-07-08,Yesterday,265.4616763889
2025-07-09,7-day same-slot mean,143.5382473217
2025-07-09,DLinear,629.7160223749
2025-07-09,Last Week,178.8392305556
2025-07-09,PhaseStructuralFusion,182.3147173611
2025-07-09,SSA best config,222.8439098942
2025-07-09,Yesterday,239.7923486111
2025-07-10,7-day same-slot mean,124.9584988094
2025-07-10,DLinear,666.9116300275
2025-07-10,Last Week,282.2794347222
2025-07-10,PhaseStructuralFusion,187.9091628125
2025-07-10,SSA best config,128.0912142378
2025-07-10,Yesterday,198.1974631944
2025-07-11,7-day same-slot mean,266.9010788690
2025-07-11,DLinear,596.1258362873
2025-07-11,Last Week,316.5005388889
2025-07-11,PhaseStructuralFusion,302.9398246181
2025-07-11,SSA best config,316.6589902794
2025-07-11,Yesterday,301.4552590278
2025-07-12,7-day same-slot mean,114.1398136905
2025-07-12,DLinear,572.2542788934
2025-07-12,Last Week,165.3392805556
2025-07-12,PhaseStructuralFusion,132.6969641319
2025-07-12,SSA best config,211.4650820804
2025-07-12,Yesterday,212.3413687500
2025-07-13,7-day same-slot mean,241.5905139880
2025-07-13,DLinear,768.3796443011
2025-07-13,Last Week,409.5323756944
2025-07-13,PhaseStructuralFusion,330.4388034722
2025-07-13,SSA best config,314.0958061149
2025-07-13,Yesterday,271.6851979167
2025-07-14,7-day same-slot mean,142.8624819445
2025-07-14,DLinear,673.3333235906
2025-07-14,Last Week,133.9508305556
2025-07-14,PhaseStructuralFusion,130.4249322222
2025-07-14,SSA best config,211.7327027973
2025-07-14,Yesterday,197.8405319444
2025-07-15,7-day same-slot mean,238.6825325396
2025-07-15,DLinear,703.4583666073
2025-07-15,Last Week,351.1428986111
2025-07-15,PhaseStructuralFusion,236.2448211111
2025-07-15,SSA best config,277.3707422665
2025-07-15,Yesterday,224.3230347222
2025-07-16,7-day same-slot mean,146.5548768849
2025-07-16,DLinear,682.3846790219
2025-07-16,Last Week,169.5101701389
2025-07-16,PhaseStructuralFusion,129.7820270833
2025-07-16,SSA best config,226.5636354881
2025-07-16,Yesterday,153.9605659722
2025-07-17,7-day same-slot mean,125.8836110122
2025-07-17,DLinear,588.5313163074
2025-07-17,Last Week,110.6513465278
2025-07-17,PhaseStructuralFusion,139.4645484028
2025-07-17,SSA best config,136.3858370132
2025-07-17,Yesterday,202.7212145833
2025-07-18,7-day same-slot mean,208.2322737106
2025-07-18,DLinear,592.2840165402
2025-07-18,Last Week,159.9192979167
2025-07-18,PhaseStructuralFusion,148.6117569444
2025-07-18,SSA best config,259.6455747875
2025-07-18,Yesterday,228.7108493056
2025-07-19,7-day same-slot mean,123.4600457341
2025-07-19,DLinear,654.3644695747
2025-07-19,Last Week,150.0011687500
2025-07-19,PhaseStructuralFusion,190.5677476389
2025-07-19,SSA best config,313.2637792395
2025-07-19,Yesterday,234.7283187500
2025-07-20,7-day same-slot mean,113.3139339283
2025-07-20,DLinear,630.9178988099
2025-07-20,Last Week,220.6802555556
2025-07-20,PhaseStructuralFusion,179.6669936111
2025-07-20,SSA best config,177.3637272070
2025-07-20,Yesterday,181.2786722222
2025-07-21,7-day same-slot mean,156.5124146822
2025-07-21,DLinear,580.9448350810
2025-07-21,Last Week,257.2915944444
2025-07-21,PhaseStructuralFusion,209.8265974306
2025-07-21,SSA best config,218.6678576035
2025-07-21,Yesterday,205.6314416667
2025-07-22,7-day same-slot mean,178.8358463296
2025-07-22,DLinear,640.1629199545
2025-07-22,Last Week,249.2193034722
2025-07-22,PhaseStructuralFusion,214.4349329861
2025-07-22,SSA best config,266.9356639357
2025-07-22,Yesterday,232.4539923611
2025-07-23,7-day same-slot mean,158.1924583332
2025-07-23,DLinear,579.6031843076
2025-07-23,Last Week,227.4893958333
2025-07-23,PhaseStructuralFusion,196.8862280556
2025-07-23,SSA best config,195.8686370909
2025-07-23,Yesterday,242.1128222222
2025-07-24,7-day same-slot mean,201.9041885911
2025-07-24,DLinear,626.7521838815
2025-07-24,Last Week,239.2027263889
2025-07-24,PhaseStructuralFusion,213.0722399653
2025-07-24,SSA best config,247.1354022656
2025-07-24,Yesterday,227.6636173611
2025-07-25,7-day same-slot mean,107.8571866069
2025-07-25,DLinear,632.9331266190
2025-07-25,Last Week,182.6590006944
2025-07-25,PhaseStructuralFusion,151.1466344792
2025-07-25,SSA best config,276.7227620251
2025-07-25,Yesterday,223.2730333333
2025-07-26,7-day same-slot mean,142.7595219247
2025-07-26,DLinear,601.3933128838
2025-07-26,Last Week,234.8261770833
2025-07-26,PhaseStructuralFusion,179.6014213889
2025-07-26,SSA best config,227.6303477062
2025-07-26,Yesterday,175.3534048611
2025-07-27,7-day same-slot mean,145.1581993055
2025-07-27,DLinear,529.2666778103
2025-07-27,Last Week,200.3422305556
2025-07-27,PhaseStructuralFusion,180.8730385069
2025-07-27,SSA best config,203.3535926554
2025-07-27,Yesterday,191.0237229167
2025-07-28,7-day same-slot mean,212.0519517857
2025-07-28,DLinear,532.5234284284
2025-07-28,Last Week,202.1357909722
2025-07-28,PhaseStructuralFusion,207.9378341667
2025-07-28,SSA best config,301.9178246326
2025-07-28,Yesterday,238.0383854167
2025-07-29,7-day same-slot mean,169.9716693452
2025-07-29,DLinear,620.4522785151
2025-07-29,Last Week,234.8570972222
2025-07-29,PhaseStructuralFusion,156.7038431250
2025-07-29,SSA best config,301.3203994177
2025-07-29,Yesterday,202.1581083333
2025-07-30,7-day same-slot mean,168.8596206352
2025-07-30,DLinear,582.2915408765
2025-07-30,Last Week,184.3797284722
2025-07-30,PhaseStructuralFusion,160.3669600694
2025-07-30,SSA best config,287.7476088398
2025-07-30,Yesterday,249.5832270833
2025-07-31,7-day same-slot mean,112.8749473214
2025-07-31,DLinear,550.7647751169
2025-07-31,Last Week,217.3180861111
2025-07-31,PhaseStructuralFusion,149.5372404861
2025-07-31,SSA best config,201.7442283164
2025-07-31,Yesterday,196.6458138889
2025-08-01,7-day same-slot mean,333.0072823413
2025-08-01,DLinear,857.9440204990
2025-08-01,Last Week,246.8531812500
2025-08-01,PhaseStructuralFusion,311.1833818750
2025-08-01,SSA best config,414.1460373404
2025-08-01,Yesterday,368.5576062500
2025-08-02,7-day same-slot mean,270.1971706349
2025-08-02,DLinear,799.8644670535
2025-08-02,Last Week,281.3829909722
2025-08-02,PhaseStructuralFusion,162.8975915278
2025-08-02,SSA best config,170.2457360475
2025-08-02,Yesterday,148.0371923611
2025-08-03,7-day same-slot mean,421.4770363094
2025-08-03,DLinear,951.0175710487
2025-08-03,Last Week,454.4821965278
2025-08-03,PhaseStructuralFusion,328.1962727083
2025-08-03,SSA best config,345.1247206695
2025-08-03,Yesterday,241.2769062500
2025-08-04,7-day same-slot mean,268.5468788690
2025-08-04,DLinear,807.7789517834
2025-08-04,Last Week,533.7917194444
2025-08-04,PhaseStructuralFusion,195.1611368056
2025-08-04,SSA best config,210.5710594785
2025-08-04,Yesterday,144.9570319444
2025-08-05,7-day same-slot mean,157.6549968257
2025-08-05,DLinear,699.2980109741
2025-08-05,Last Week,416.1141256944
2025-08-05,PhaseStructuralFusion,168.0641366667
2025-08-05,SSA best config,212.2049996851
2025-08-05,Yesterday,139.5148104167
2025-08-06,7-day same-slot mean,193.9167019844
2025-08-06,DLinear,587.7636147897
2025-08-06,Last Week,321.9212701389
2025-08-06,PhaseStructuralFusion,258.3450195139
2025-08-06,SSA best config,289.1245712106
2025-08-06,Yesterday,234.6870645833
2025-08-07,7-day same-slot mean,146.9247150793
2025-08-07,DLinear,715.5530058515
2025-08-07,Last Week,453.5555472222
2025-08-07,PhaseStructuralFusion,322.5405723958
2025-08-07,SSA best config,280.9268566442
2025-08-07,Yesterday,238.1222729167
2025-08-08,7-day same-slot mean,197.2882949403
2025-08-08,DLinear,711.4535968717
2025-08-08,Last Week,239.9340833333
2025-08-08,PhaseStructuralFusion,177.8069919097
2025-08-08,SSA best config,179.4111348686
2025-08-08,Yesterday,148.1450743056
2025-08-09,7-day same-slot mean,150.7216319447
2025-08-09,DLinear,608.3314888836
2025-08-09,Last Week,190.5695750000
2025-08-09,PhaseStructuralFusion,171.9286761458
2025-08-09,SSA best config,292.7906760803
2025-08-09,Yesterday,218.1769201389
2025-08-10,7-day same-slot mean,164.6169929560
2025-08-10,DLinear,618.0314409455
2025-08-10,Last Week,247.4670930556
2025-08-10,PhaseStructuralFusion,182.1992660764
2025-08-10,SSA best config,218.1645991287
2025-08-10,Yesterday,150.4766479167
2025-08-11,7-day same-slot mean,131.9846214287
2025-08-11,DLinear,622.7716122051
2025-08-11,Last Week,162.5960173611
2025-08-11,PhaseStructuralFusion,149.4060989583
2025-08-11,SSA best config,203.0217248863
2025-08-11,Yesterday,169.2762118056
2025-08-12,7-day same-slot mean,197.5898875992
2025-08-12,DLinear,590.0038507912
2025-08-12,Last Week,194.7821583333
2025-08-12,PhaseStructuralFusion,203.3783409028
2025-08-12,SSA best config,279.8540778369
2025-08-12,Yesterday,226.7297541667
2025-08-13,7-day same-slot mean,141.4114301589
2025-08-13,DLinear,619.3745908486
2025-08-13,Last Week,229.2845736111
2025-08-13,PhaseStructuralFusion,158.4112982292
2025-08-13,SSA best config,254.5678762755
2025-08-13,Yesterday,166.2007118056
2025-08-14,7-day same-slot mean,144.5169832342
2025-08-14,DLinear,566.0694086365
2025-08-14,Last Week,221.4611805556
2025-08-14,PhaseStructuralFusion,178.4877501042
2025-08-14,SSA best config,225.8043120350
2025-08-14,Yesterday,202.1680076389
2025-08-15,7-day same-slot mean,133.0141614085
2025-08-15,DLinear,649.8035189187
2025-08-15,Last Week,136.9047118056
2025-08-15,PhaseStructuralFusion,115.1256848264
2025-08-15,SSA best config,235.9079646149
2025-08-15,Yesterday,170.3172486111
2025-08-16,7-day same-slot mean,150.7206722222
2025-08-16,DLinear,676.8447885177
2025-08-16,Last Week,183.9689277778
2025-08-16,PhaseStructuralFusion,155.9173164583
2025-08-16,SSA best config,236.1008572497
2025-08-16,Yesterday,189.0460486111
2025-08-17,7-day same-slot mean,139.9349339289
2025-08-17,DLinear,665.6797733722
2025-08-17,Last Week,162.5887493056
2025-08-17,PhaseStructuralFusion,184.6142357292
2025-08-17,SSA best config,274.5543970638
2025-08-17,Yesterday,240.4427000000
2025-08-18,7-day same-slot mean,132.5581404760
2025-08-18,DLinear,598.9632659952
2025-08-18,Last Week,183.9812993056
2025-08-18,PhaseStructuralFusion,160.9772011806
2025-08-18,SSA best config,194.0479805992
2025-08-18,Yesterday,166.9815729167
2025-08-19,7-day same-slot mean,126.3125110118
2025-08-19,DLinear,603.5704344951
2025-08-19,Last Week,183.6563270833
2025-08-19,PhaseStructuralFusion,132.3349631597
2025-08-19,SSA best config,215.1296070297
2025-08-19,Yesterday,193.6365722222
2025-08-20,7-day same-slot mean,317.7454430555
2025-08-20,DLinear,526.3140137022
2025-08-20,Last Week,279.9901402778
2025-08-20,PhaseStructuralFusion,295.6426275694
2025-08-20,SSA best config,418.9898229851
2025-08-20,Yesterday,330.8395527778
2025-08-21,7-day same-slot mean,163.4802014882
2025-08-21,DLinear,599.8142346541
2025-08-21,Last Week,215.7978458333
2025-08-21,PhaseStructuralFusion,206.3278671181
2025-08-21,SSA best config,417.6441596141
2025-08-21,Yesterday,256.4578562500
2025-08-22,7-day same-slot mean,159.0455206349
2025-08-22,DLinear,565.0007978463
2025-08-22,Last Week,225.8345076389
2025-08-22,PhaseStructuralFusion,158.3557086111
2025-08-22,SSA best config,235.3326058560
2025-08-22,Yesterday,166.1701979167
2025-08-23,7-day same-slot mean,160.6505924603
2025-08-23,DLinear,537.2278573858
2025-08-23,Last Week,270.6496291667
2025-08-23,PhaseStructuralFusion,219.4707673958
2025-08-23,SSA best config,298.2953940137
2025-08-23,Yesterday,208.1448145833
2025-08-24,7-day same-slot mean,203.7296873016
2025-08-24,DLinear,648.7465927304
2025-08-24,Last Week,239.1194875000
2025-08-24,PhaseStructuralFusion,237.8941322917
2025-08-24,SSA best config,339.3655412363
2025-08-24,Yesterday,284.2073208333
2025-08-25,7-day same-slot mean,250.6124391864
2025-08-25,DLinear,504.6469556676
2025-08-25,Last Week,362.0667222222
2025-08-25,PhaseStructuralFusion,343.8839002431
2025-08-25,SSA best config,360.2336002297
2025-08-25,Yesterday,333.6039159722
2025-08-26,7-day same-slot mean,143.2337523808
2025-08-26,DLinear,551.3329689070
2025-08-26,Last Week,203.2798006944
2025-08-26,PhaseStructuralFusion,184.5116381250
2025-08-26,SSA best config,340.6103521216
2025-08-26,Yesterday,255.7227173611
2025-08-27,7-day same-slot mean,159.4088873018
2025-08-27,DLinear,505.3370687044
2025-08-27,Last Week,250.5007597222
2025-08-27,PhaseStructuralFusion,152.2347139931
2025-08-27,SSA best config,223.5409390617
2025-08-27,Yesterday,176.5978326389
2025-08-28,7-day same-slot mean,249.9020756944
2025-08-28,DLinear,552.2285030810
2025-08-28,Last Week,282.9048708333
2025-08-28,PhaseStructuralFusion,217.3506564236
2025-08-28,SSA best config,356.1630220637
2025-08-28,Yesterday,251.5938687500
2025-08-29,7-day same-slot mean,133.6148996032
2025-08-29,DLinear,490.5127940280
2025-08-29,Last Week,233.7790444444
2025-08-29,PhaseStructuralFusion,180.7075873264
2025-08-29,SSA best config,330.2484026288
2025-08-29,Yesterday,227.6557784722
2025-08-30,7-day same-slot mean,210.5143919639
2025-08-30,DLinear,649.2213381478
2025-08-30,Last Week,282.0942694444
2025-08-30,PhaseStructuralFusion,255.5751562847
2025-08-30,SSA best config,353.1823106558
2025-08-30,Yesterday,266.4291909722
2025-08-31,7-day same-slot mean,127.3037223215
2025-08-31,DLinear,513.7788476509
2025-08-31,Last Week,245.4464666667
2025-08-31,PhaseStructuralFusion,228.6470534028
2025-08-31,SSA best config,260.1928910994
2025-08-31,Yesterday,219.4715388889
2025-09-01,7-day same-slot mean,166.2879097221
2025-09-01,DLinear,620.7505096297
2025-09-01,Last Week,229.5844625000
2025-09-01,PhaseStructuralFusion,161.4269253125
2025-09-01,SSA best config,300.9824203083
2025-09-01,Yesterday,136.3547534722
2025-09-02,7-day same-slot mean,137.3746950395
2025-09-02,DLinear,533.1182914208
2025-09-02,Last Week,180.8850131944
2025-09-02,PhaseStructuralFusion,168.9537938542
2025-09-02,SSA best config,215.0766694866
2025-09-02,Yesterday,219.6883402778
2025-09-03,7-day same-slot mean,170.0872125000
2025-09-03,DLinear,502.5393132669
2025-09-03,Last Week,181.5354076389
2025-09-03,PhaseStructuralFusion,200.4552794444
2025-09-03,SSA best config,288.2580190402
2025-09-03,Yesterday,235.5067854167
2025-09-04,7-day same-slot mean,187.2621110118
2025-09-04,DLinear,541.4260382254
2025-09-04,Last Week,355.7114722222
2025-09-04,PhaseStructuralFusion,238.7183914583
2025-09-04,SSA best config,243.5515621752
2025-09-04,Yesterday,198.9526541667
2025-09-05,7-day same-slot mean,110.7180354164
2025-09-05,DLinear,555.6114338663
2025-09-05,Last Week,171.0246048611
2025-09-05,PhaseStructuralFusion,153.5929029514
2025-09-05,SSA best config,284.8921536747
2025-09-05,Yesterday,196.5733625000
2025-09-06,7-day same-slot mean,240.3230366072
2025-09-06,DLinear,535.8146961985
2025-09-06,Last Week,324.1357937500
2025-09-06,PhaseStructuralFusion,267.8398704167
2025-09-06,SSA best config,284.4038646479
2025-09-06,Yesterday,228.5118604167
2025-09-07,7-day same-slot mean,114.9855286705
2025-09-07,DLinear,470.5392890077
2025-09-07,Last Week,175.7340194444
2025-09-07,PhaseStructuralFusion,154.5017392708
2025-09-07,SSA best config,267.4628901972
2025-09-07,Yesterday,211.9743881944
2025-09-08,7-day same-slot mean,232.4003323412
2025-09-08,DLinear,463.6602838408
2025-09-08,Last Week,281.4061305556
2025-09-08,PhaseStructuralFusion,226.2469053819
2025-09-08,SSA best config,331.2683497883
2025-09-08,Yesterday,227.3342340278
2025-09-09,7-day same-slot mean,191.2358846231
2025-09-09,DLinear,558.7357662494
2025-09-09,Last Week,234.9713451389
2025-09-09,PhaseStructuralFusion,227.0859941667
2025-09-09,SSA best config,395.9673741753
2025-09-09,Yesterday,288.5315395833
2025-09-10,7-day same-slot mean,276.1247870040
2025-09-10,DLinear,427.4302170763
2025-09-10,Last Week,279.2122465278
2025-09-10,PhaseStructuralFusion,314.9100684722
2025-09-10,SSA best config,409.1971439578
2025-09-10,Yesterday,357.9706159722
2025-09-11,7-day same-slot mean,137.6458230160
2025-09-11,DLinear,509.3453231731
2025-09-11,Last Week,195.3703534722
2025-09-11,PhaseStructuralFusion,204.5589346875
2025-09-11,SSA best config,409.1682499701
2025-09-11,Yesterday,334.3642166667
2025-09-12,7-day same-slot mean,125.6252035717
2025-09-12,DLinear,434.2804625745
2025-09-12,Last Week,213.9489916667
2025-09-12,PhaseStructuralFusion,158.0946285069
2025-09-12,SSA best config,220.2139414047
2025-09-12,Yesterday,180.7974048611
2025-09-13,7-day same-slot mean,199.4985042660
2025-09-13,DLinear,507.3875723270
2025-09-13,Last Week,285.6176125000
2025-09-13,PhaseStructuralFusion,224.5114265625
2025-09-13,SSA best config,309.1254485968
2025-09-13,Yesterday,205.1950340278
2025-09-14,7-day same-slot mean,172.2337886908
2025-09-14,DLinear,406.6456843427
2025-09-14,Last Week,204.0034208333
2025-09-14,PhaseStructuralFusion,225.5601693403
2025-09-14,SSA best config,336.0343273085
2025-09-14,Yesterday,279.5752465278
2025-09-15,7-day same-slot mean,167.0981849202
2025-09-15,DLinear,456.9066219642
2025-09-15,Last Week,303.1803270833
2025-09-15,PhaseStructuralFusion,256.9554415625
2025-09-15,SSA best config,384.8620796428
2025-09-15,Yesterday,279.3734791667
2025-09-16,7-day same-slot mean,138.5735679564
2025-09-16,DLinear,405.3453364621
2025-09-16,Last Week,252.3063472222
2025-09-16,PhaseStructuralFusion,214.1328844444
2025-09-16,SSA best config,277.6798315226
2025-09-16,Yesterday,207.8270013889
2025-09-17,7-day same-slot mean,154.9194769840
2025-09-17,DLinear,375.3148469685
2025-09-17,Last Week,169.1982750000
2025-09-17,PhaseStructuralFusion,160.2148848958
2025-09-17,SSA best config,277.1223387522
2025-09-17,Yesterday,180.7955520833
2025-09-18,7-day same-slot mean,114.0121570435
2025-09-18,DLinear,360.2451509729
2025-09-18,Last Week,234.6514784722
2025-09-18,PhaseStructuralFusion,134.9325615278
2025-09-18,SSA best config,243.4889797642
2025-09-18,Yesterday,129.6168340278
2025-09-19,7-day same-slot mean,175.0709267855
2025-09-19,DLinear,349.9199186273
2025-09-19,Last Week,211.9068875000
2025-09-19,PhaseStructuralFusion,158.0652047917
2025-09-19,SSA best config,265.3059353891
2025-09-19,Yesterday,160.7890763889
2025-09-20,7-day same-slot mean,155.8202453376
2025-09-20,DLinear,327.8179035019
2025-09-20,Last Week,309.8495347222
2025-09-20,PhaseStructuralFusion,150.6708496875
2025-09-20,SSA best config,308.7967672661
2025-09-20,Yesterday,162.5460965278
2025-09-21,7-day same-slot mean,155.1580491071
2025-09-21,DLinear,443.9898470608
2025-09-21,Last Week,179.4359284722
2025-09-21,PhaseStructuralFusion,184.6112359375
2025-09-21,SSA best config,314.7759568545
2025-09-21,Yesterday,242.0859777778
2025-09-22,7-day same-slot mean,78.6459820438
2025-09-22,DLinear,350.1153857528
2025-09-22,Last Week,245.4470541667
2025-09-22,PhaseStructuralFusion,142.4046335069
2025-09-22,SSA best config,205.4233152509
2025-09-22,Yesterday,115.1480465278
2025-09-23,7-day same-slot mean,121.7196762897
2025-09-23,DLinear,341.4153830840
2025-09-23,Last Week,194.0979583333
2025-09-23,PhaseStructuralFusion,153.8392831250
2025-09-23,SSA best config,245.4614428206
2025-09-23,Yesterday,128.9440527778
2025-09-24,7-day same-slot mean,105.1594334325
2025-09-24,DLinear,340.5648363690
2025-09-24,Last Week,153.7213937500
2025-09-24,PhaseStructuralFusion,148.2723391319
2025-09-24,SSA best config,242.0331390500
2025-09-24,Yesterday,167.6353097222
2025-09-25,7-day same-slot mean,93.5058164684
2025-09-25,DLinear,358.1349005141
2025-09-25,Last Week,160.1713194444
2025-09-25,PhaseStructuralFusion,104.6410889583
2025-09-25,SSA best config,253.7145565484
2025-09-25,Yesterday,105.3063708333
2025-09-26,7-day same-slot mean,157.1322341269
2025-09-26,DLinear,290.4254971844
2025-09-26,Last Week,131.4735513889
2025-09-26,PhaseStructuralFusion,153.7369015972
2025-09-26,SSA best config,289.7138718227
2025-09-26,Yesterday,189.9756986111
2025-09-27,7-day same-slot mean,194.8270042662
2025-09-27,DLinear,326.3302246913
2025-09-27,Last Week,239.2183638889
2025-09-27,PhaseStructuralFusion,225.3231407986
2025-09-27,SSA best config,395.8381479046
2025-09-27,Yesterday,243.5031548611
2025-09-28,7-day same-slot mean,133.0677940476
2025-09-28,DLinear,324.8762197036
2025-09-28,Last Week,263.2439159722
2025-09-28,PhaseStructuralFusion,168.3042155556
2025-09-28,SSA best config,312.3295237981
2025-09-28,Yesterday,183.0193409722
2025-09-29,7-day same-slot mean,69.8832922618
2025-09-29,DLinear,298.8082912586
2025-09-29,Last Week,118.5193798611
2025-09-29,PhaseStructuralFusion,56.6377067361
2025-09-29,SSA best config,235.7919951081
2025-09-29,Yesterday,83.9278354167
2025-09-30,7-day same-slot mean,168.5032288691
2025-09-30,DLinear,279.3126420001
2025-09-30,Last Week,163.6535618056
2025-09-30,PhaseStructuralFusion,157.1104805903
2025-09-30,SSA best config,275.1050965776
2025-09-30,Yesterday,161.5326694444
2025-10-01,7-day same-slot mean,407.6054584325
2025-10-01,DLinear,637.6490545213
2025-10-01,Last Week,363.7678652778
2025-10-01,PhaseStructuralFusion,424.7220088542
2025-10-01,SSA best config,587.9076714241
2025-10-01,Yesterday,502.8134631944
2025-10-02,7-day same-slot mean,274.3606271824
2025-10-02,DLinear,551.4986726563
2025-10-02,Last Week,237.2420201389
2025-10-02,PhaseStructuralFusion,153.0719800000
2025-10-02,SSA best config,201.5825725040
2025-10-02,Yesterday,213.1416395833
2025-10-03,7-day same-slot mean,171.5229485118
2025-10-03,DLinear,444.5356818644
2025-10-03,Last Week,318.0980354167
2025-10-03,PhaseStructuralFusion,145.3192854514
2025-10-03,SSA best config,140.2676100292
2025-10-03,Yesterday,119.8763194444
2025-10-04,7-day same-slot mean,91.8616561507
2025-10-04,DLinear,291.3143974580
2025-10-04,Last Week,198.0003361111
2025-10-04,PhaseStructuralFusion,128.5462149306
2025-10-04,SSA best config,202.4982425920
2025-10-04,Yesterday,192.5731777778
2025-10-05,7-day same-slot mean,96.4007730158
2025-10-05,DLinear,358.4887702574
2025-10-05,Last Week,268.7046284722
2025-10-05,PhaseStructuralFusion,201.7296296181
2025-10-05,SSA best config,275.2757138048
2025-10-05,Yesterday,154.2802250000
2025-10-06,7-day same-slot mean,91.3368958334
2025-10-06,DLinear,276.8127919428
2025-10-06,Last Week,129.4590715278
2025-10-06,PhaseStructuralFusion,84.2650713194
2025-10-06,SSA best config,181.2615578547
2025-10-06,Yesterday,132.2505826389
2025-10-07,7-day same-slot mean,120.2373730158
2025-10-07,DLinear,270.7260853257
2025-10-07,Last Week,188.2935236111
2025-10-07,PhaseStructuralFusion,91.9384029514
2025-10-07,SSA best config,205.3051183794
2025-10-07,Yesterday,108.3128506944
2025-10-08,7-day same-slot mean,137.8905207343
2025-10-08,DLinear,319.5614750274
2025-10-08,Last Week,342.6717111111
2025-10-08,PhaseStructuralFusion,168.0944223264
2025-10-08,SSA best config,272.0472753322
2025-10-08,Yesterday,134.6093118056
2025-10-09,7-day same-slot mean,121.6334750990
2025-10-09,DLinear,331.1014433462
2025-10-09,Last Week,174.1005631944
2025-10-09,PhaseStructuralFusion,138.8714757986
2025-10-09,SSA best config,270.4124276005
2025-10-09,Yesterday,143.7525194444
2025-10-10,7-day same-slot mean,151.0161568449
2025-10-10,DLinear,368.6807750106
2025-10-10,Last Week,161.5727291667
2025-10-10,PhaseStructuralFusion,115.3858800347
2025-10-10,SSA best config,246.5829861272
2025-10-10,Yesterday,116.0906145833
2025-10-11,7-day same-slot mean,144.2945671627
2025-10-11,DLinear,258.0782209533
2025-10-11,Last Week,129.4468250000
2025-10-11,PhaseStructuralFusion,161.3351406944
2025-10-11,SSA best config,303.0958655777
2025-10-11,Yesterday,228.2257319444
2025-10-12,7-day same-slot mean,120.0522407736
2025-10-12,DLinear,293.2842358172
2025-10-12,Last Week,174.6818888889
2025-10-12,PhaseStructuralFusion,109.2551659722
2025-10-12,SSA best config,283.8267832494
2025-10-12,Yesterday,134.9911416667
2025-10-13,7-day same-slot mean,106.1369625993
2025-10-13,DLinear,295.0435146947
2025-10-13,Last Week,104.2784715278
2025-10-13,PhaseStructuralFusion,104.8053887847
2025-10-13,SSA best config,263.8257136585
2025-10-13,Yesterday,125.4057666667
2025-10-14,7-day same-slot mean,133.8793408729
2025-10-14,DLinear,225.0566152198
2025-10-14,Last Week,112.2888277778
2025-10-14,PhaseStructuralFusion,137.3572157639
2025-10-14,SSA best config,292.4407640600
2025-10-14,Yesterday,168.7081888889
2025-10-15,7-day same-slot mean,193.2857812500
2025-10-15,DLinear,279.3385189261
2025-10-15,Last Week,242.0844652778
2025-10-15,PhaseStructuralFusion,152.7779505208
2025-10-15,SSA best config,319.6560249676
2025-10-15,Yesterday,131.2135104167
2025-10-16,7-day same-slot mean,196.5398092262
2025-10-16,DLinear,249.5933004882
2025-10-16,Last Week,303.1409722222
2025-10-16,PhaseStructuralFusion,183.4740754167
2025-10-16,SSA best config,356.5015643569
2025-10-16,Yesterday,138.1121861111
2025-10-17,7-day same-slot mean,118.1577284723
2025-10-17,DLinear,262.0329496883
2025-10-17,Last Week,299.7382381944
2025-10-17,PhaseStructuralFusion,142.9430966319
2025-10-17,SSA best config,244.2620157126
2025-10-17,Yesterday,128.5699652778
2025-10-18,7-day same-slot mean,110.0610490078
2025-10-18,DLinear,238.8374308281
2025-10-18,Last Week,170.5652687500
2025-10-18,PhaseStructuralFusion,102.4252719097
2025-10-18,SSA best config,267.7086381216
2025-10-18,Yesterday,66.9578833333
2025-10-19,7-day same-slot mean,141.0115026788
2025-10-19,DLinear,238.1544196105
2025-10-19,Last Week,242.1694659722
2025-10-19,PhaseStructuralFusion,178.7364616319
2025-10-19,SSA best config,296.7146890342
2025-10-19,Yesterday,134.4936652778
2025-10-20,7-day same-slot mean,140.1847309522
2025-10-20,DLinear,207.5439700667
2025-10-20,Last Week,303.8336687500
2025-10-20,PhaseStructuralFusion,183.6739541319
2025-10-20,SSA best config,309.8497746689
2025-10-20,Yesterday,169.3258958333
2025-10-21,7-day same-slot mean,174.6995896824
2025-10-21,DLinear,229.1663479116
2025-10-21,Last Week,250.5634458333
2025-10-21,PhaseStructuralFusion,164.5855059375
2025-10-21,SSA best config,331.1801951256
2025-10-21,Yesterday,122.0415423611
2025-10-22,7-day same-slot mean,161.9626595240
2025-10-22,DLinear,219.1934053509
2025-10-22,Last Week,194.6653798611
2025-10-22,PhaseStructuralFusion,138.7714974653
2025-10-22,SSA best config,354.7451584117
2025-10-22,Yesterday,127.1473611111
2025-10-23,7-day same-slot mean,105.4699759921
2025-10-23,DLinear,202.3794924008
2025-10-23,Last Week,123.8831527778
2025-10-23,PhaseStructuralFusion,87.7643337847
2025-10-23,SSA best config,324.7461930168
2025-10-23,Yesterday,144.0593520833
2025-10-24,7-day same-slot mean,79.2015626981
2025-10-24,DLinear,200.9708639194
2025-10-24,Last Week,127.0975958333
2025-10-24,PhaseStructuralFusion,92.0151874306
2025-10-24,SSA best config,193.5307466278
2025-10-24,Yesterday,114.7502333333
2025-10-25,7-day same-slot mean,83.5764389883
2025-10-25,DLinear,216.9612305485
2025-10-25,Last Week,158.3634798611
2025-10-25,PhaseStructuralFusion,106.8468575000
2025-10-25,SSA best config,197.2784348183
2025-10-25,Yesterday,99.4794576389
2025-10-26,7-day same-slot mean,67.5325412696
2025-10-26,DLinear,201.8956763926
2025-10-26,Last Week,138.6610548611
2025-10-26,PhaseStructuralFusion,96.7559698264
2025-10-26,SSA best config,237.8522992482
2025-10-26,Yesterday,82.0607069444
2025-10-27,7-day same-slot mean,189.3835551588
2025-10-27,DLinear,254.1087256812
2025-10-27,Last Week,221.5905847222
2025-10-27,PhaseStructuralFusion,194.2074988542
2025-10-27,SSA best config,367.8096808930
2025-10-27,Yesterday,186.0429743056
2025-10-28,7-day same-slot mean,88.4065685516
2025-10-28,DLinear,180.8009412942
2025-10-28,Last Week,147.7939236111
2025-10-28,PhaseStructuralFusion,88.3669823958
2025-10-28,SSA best config,220.4074967588
2025-10-28,Yesterday,175.5796687500
2025-10-29,7-day same-slot mean,191.0813361112
2025-10-29,DLinear,212.2868252987
2025-10-29,Last Week,165.8907687500
2025-10-29,PhaseStructuralFusion,148.6935000000
2025-10-29,SSA best config,326.9316919894
2025-10-29,Yesterday,161.8687715278
2025-10-30,7-day same-slot mean,83.2214989086
2025-10-30,DLinear,190.9251209175
2025-10-30,Last Week,128.3718666667
2025-10-30,PhaseStructuralFusion,116.9918363889
2025-10-30,SSA best config,387.1056185016
2025-10-30,Yesterday,181.6410402778
2025-10-31,7-day same-slot mean,182.6230716270
2025-10-31,DLinear,201.6143227358
2025-10-31,Last Week,244.6154520833
2025-10-31,PhaseStructuralFusion,210.2534018056
2025-10-31,SSA best config,336.4789524115
2025-10-31,Yesterday,188.8453340278
2025-11-01,7-day same-slot mean,86.4104793650
2025-11-01,DLinear,173.1100443487
2025-11-01,Last Week,151.5578479167
2025-11-01,PhaseStructuralFusion,76.0484377778
2025-11-01,SSA best config,289.3750865527
2025-11-01,Yesterday,100.5021173611
2025-11-02,7-day same-slot mean,96.0943149801
2025-11-02,DLinear,170.5794222015
2025-11-02,Last Week,164.8771951389
2025-11-02,PhaseStructuralFusion,92.1729585764
2025-11-02,SSA best config,273.3654941352
2025-11-02,Yesterday,81.5471000000
2025-11-03,7-day same-slot mean,129.5250486112
2025-11-03,DLinear,188.6208901199
2025-11-03,Last Week,261.1821888889
2025-11-03,PhaseStructuralFusion,171.7081047917
2025-11-03,SSA best config,273.5118575078
2025-11-03,Yesterday,131.4286916667
2025-11-04,7-day same-slot mean,97.6199574405
2025-11-04,DLinear,173.2796178844
2025-11-04,Last Week,143.4471638889
2025-11-04,PhaseStructuralFusion,103.8294583681
2025-11-04,SSA best config,300.2209885929
2025-11-04,Yesterday,107.2210659722
2025-11-05,7-day same-slot mean,73.7209738094
2025-11-05,DLinear,146.9439878995
2025-11-05,Last Week,92.1274319444
2025-11-05,PhaseStructuralFusion,92.0302575347
2025-11-05,SSA best config,262.4407618631
2025-11-05,Yesterday,106.5454048611
2025-11-06,7-day same-slot mean,164.1575134920
2025-11-06,DLinear,181.4778756089
2025-11-06,Last Week,257.8766000000
2025-11-06,PhaseStructuralFusion,190.8381921528
2025-11-06,SSA best config,333.0619716333
2025-11-06,Yesterday,147.3185375000
2025-11-07,7-day same-slot mean,167.1879327383
2025-11-07,DLinear,194.2070218985
2025-11-07,Last Week,227.3360201389
2025-11-07,PhaseStructuralFusion,151.1001562847
2025-11-07,SSA best config,351.1932491390
2025-11-07,Yesterday,114.0891472222
2025-11-08,7-day same-slot mean,50.3442247022
2025-11-08,DLinear,138.8363159553
2025-11-08,Last Week,122.4699972222
2025-11-08,PhaseStructuralFusion,76.4863359028
2025-11-08,SSA best config,258.1149872047
2025-11-08,Yesterday,136.3040569444
2025-11-09,7-day same-slot mean,105.5105792660
2025-11-09,DLinear,159.6729926247
2025-11-09,Last Week,130.8157444444
2025-11-09,PhaseStructuralFusion,106.9948334028
2025-11-09,SSA best config,254.7968982876
2025-11-09,Yesterday,116.6246236111
2025-11-10,7-day same-slot mean,150.2759146825
2025-11-10,DLinear,165.7957428666
2025-11-10,Last Week,157.9661437500
2025-11-10,PhaseStructuralFusion,118.7458067361
2025-11-10,SSA best config,301.0300440085
2025-11-10,Yesterday,109.6596506944
2025-11-11,7-day same-slot mean,72.0573817463
2025-11-11,DLinear,130.6029427406
2025-11-11,Last Week,154.1384854167
2025-11-11,PhaseStructuralFusion,68.5878493750
2025-11-11,SSA best config,308.2116558877
2025-11-11,Yesterday,102.4771937500
2025-11-12,7-day same-slot mean,88.2183443449
2025-11-12,DLinear,142.2715486950
2025-11-12,Last Week,130.2946347222
2025-11-12,PhaseStructuralFusion,95.7594593750
2025-11-12,SSA best config,278.6887514572
2025-11-12,Yesterday,81.4651222222
2025-11-13,7-day same-slot mean,131.6736562498
2025-11-13,DLinear,170.0782387506
2025-11-13,Last Week,181.7202638889
2025-11-13,PhaseStructuralFusion,149.7974062500
2025-11-13,SSA best config,269.4656651891
2025-11-13,Yesterday,133.0501388889
2025-11-14,7-day same-slot mean,114.6078787699
2025-11-14,DLinear,154.3492460872
2025-11-14,Last Week,245.5387993056
2025-11-14,PhaseStructuralFusion,128.5171263194
2025-11-14,SSA best config,211.6765524478
2025-11-14,Yesterday,84.7532645833
2025-11-15,7-day same-slot mean,75.7110925596
2025-11-15,DLinear,136.6327078531
2025-11-15,Last Week,166.9544715278
2025-11-15,PhaseStructuralFusion,92.1681619792
2025-11-15,SSA best config,282.2093271469
2025-11-15,Yesterday,92.0587208333
2025-11-16,7-day same-slot mean,97.4898701388
2025-11-16,DLinear,143.5507281461
2025-11-16,Last Week,128.7378986111
2025-11-16,PhaseStructuralFusion,93.9887131597
2025-11-16,SSA best config,298.3315408674
2025-11-16,Yesterday,88.4426201389
2025-11-17,7-day same-slot mean,70.3658939486
2025-11-17,DLinear,130.1451269076
2025-11-17,Last Week,80.5246756944
2025-11-17,PhaseStructuralFusion,71.7783804514
2025-11-17,SSA best config,287.1288281215
2025-11-17,Yesterday,88.8114208333
2025-11-18,7-day same-slot mean,111.5402284719
2025-11-18,DLinear,166.7705696909
2025-11-18,Last Week,162.6704229167
2025-11-18,PhaseStructuralFusion,147.0290029167
2025-11-18,SSA best config,271.6175717708
2025-11-18,Yesterday,145.6605840278
2025-11-19,7-day same-slot mean,86.9035215276
2025-11-19,DLinear,129.4613696115
2025-11-19,Last Week,154.2854819444
2025-11-19,PhaseStructuralFusion,99.0979021875
2025-11-19,SSA best config,249.8082663928
2025-11-19,Yesterday,134.2216131944
2025-11-20,7-day same-slot mean,84.7816611113
2025-11-20,DLinear,151.3447054258
2025-11-20,Last Week,102.4738770833
2025-11-20,PhaseStructuralFusion,82.7748700694
2025-11-20,SSA best config,202.7296314333
2025-11-20,Yesterday,137.7901131944
2025-11-21,7-day same-slot mean,69.9868205357
2025-11-21,DLinear,116.8133944867
2025-11-21,Last Week,78.6162652778
2025-11-21,PhaseStructuralFusion,58.4653130556
2025-11-21,SSA best config,218.9993168814
2025-11-21,Yesterday,65.1010569444
2025-11-22,7-day same-slot mean,65.3520146827
2025-11-22,DLinear,125.5395461428
2025-11-22,Last Week,92.3673923611
2025-11-22,PhaseStructuralFusion,76.7652772222
2025-11-22,SSA best config,206.0800445719
2025-11-22,Yesterday,93.9977312500
2025-11-23,7-day same-slot mean,130.9420247024
2025-11-23,DLinear,164.5067873708
2025-11-23,Last Week,111.0238513889
2025-11-23,PhaseStructuralFusion,95.0184645833
2025-11-23,SSA best config,318.8777431475
2025-11-23,Yesterday,106.4934347222
2025-11-24,7-day same-slot mean,88.1025598213
2025-11-24,DLinear,130.8313549297
2025-11-24,Last Week,121.3620958333
2025-11-24,PhaseStructuralFusion,152.6344327778
2025-11-24,SSA best config,321.8267419585
2025-11-24,Yesterday,188.6585041667
2025-11-25,7-day same-slot mean,79.2088050597
2025-11-25,DLinear,133.7547071037
2025-11-25,Last Week,140.7501562500
2025-11-25,PhaseStructuralFusion,127.7553477431
2025-11-25,SSA best config,211.7761425840
2025-11-25,Yesterday,130.7285527778
2025-11-26,7-day same-slot mean,78.3884039681
2025-11-26,DLinear,139.0362138800
2025-11-26,Last Week,102.9993194444
2025-11-26,PhaseStructuralFusion,81.2875270833
2025-11-26,SSA best config,222.8444373903
2025-11-26,Yesterday,72.1043347222
2025-11-27,7-day same-slot mean,81.3848823413
2025-11-27,DLinear,135.4474866569
2025-11-27,Last Week,100.9202451389
2025-11-27,PhaseStructuralFusion,75.9848380903
2025-11-27,SSA best config,287.5061873222
2025-11-27,Yesterday,90.7540888889
2025-11-28,7-day same-slot mean,58.9998650794
2025-11-28,DLinear,126.0396784067
2025-11-28,Last Week,90.9451097222
2025-11-28,PhaseStructuralFusion,99.7456005903
2025-11-28,SSA best config,251.6340784948
2025-11-28,Yesterday,118.4980006944
2025-11-29,7-day same-slot mean,198.1470340276
2025-11-29,DLinear,248.4605002498
2025-11-29,Last Week,213.5137375000
2025-11-29,PhaseStructuralFusion,189.9626418403
2025-11-29,SSA best config,340.0028549817
2025-11-29,Yesterday,173.3726381944
2025-11-30,7-day same-slot mean,145.4133231150
2025-11-30,DLinear,209.6246903301
2025-11-30,Last Week,206.8439694444
2025-11-30,PhaseStructuralFusion,83.5346682639
2025-11-30,SSA best config,236.4735040222
2025-11-30,Yesterday,66.3553375000
2025-12-01,7-day same-slot mean,102.2694678570
2025-12-01,DLinear,172.4331285050
2025-12-01,Last Week,200.9553673611
2025-12-01,PhaseStructuralFusion,97.8048474306
2025-12-01,SSA best config,311.4760013724
2025-12-01,Yesterday,105.6366479167
2025-12-02,7-day same-slot mean,130.1178331347
2025-12-02,DLinear,211.0928182289
2025-12-02,Last Week,203.4369986111
2025-12-02,PhaseStructuralFusion,144.2818044097
2025-12-02,SSA best config,304.0145283260
2025-12-02,Yesterday,119.5607576389
2025-12-03,7-day same-slot mean,106.0885169642
2025-12-03,DLinear,187.2156828358
2025-12-03,Last Week,156.0679604167
2025-12-03,PhaseStructuralFusion,112.6496349306
2025-12-03,SSA best config,294.7345815963
2025-12-03,Yesterday,112.9006812500
2025-12-04,7-day same-slot mean,66.6605714285
2025-12-04,DLinear,129.0502865556
2025-12-04,Last Week,125.7268395833
2025-12-04,PhaseStructuralFusion,91.5745919097
2025-12-04,SSA best config,327.9444734160
2025-12-04,Yesterday,118.2297111111
2025-12-05,7-day same-slot mean,70.7023078372
2025-12-05,DLinear,153.9175858463
2025-12-05,Last Week,160.0943291667
2025-12-05,PhaseStructuralFusion,102.6557393750
2025-12-05,SSA best config,268.0098580660
2025-12-05,Yesterday,80.4852916667
2025-12-06,7-day same-slot mean,96.1178770836
2025-12-06,DLinear,176.5730292571
2025-12-06,Last Week,117.7209798611
2025-12-06,PhaseStructuralFusion,109.6135069792
2025-12-06,SSA best config,224.6783049451
2025-12-06,Yesterday,132.5267166667
2025-12-07,7-day same-slot mean,60.8281751985
2025-12-07,DLinear,149.4426826519
2025-12-07,Last Week,82.9969340278
2025-12-07,PhaseStructuralFusion,91.2938175347
2025-12-07,SSA best config,258.5996260165
2025-12-07,Yesterday,112.2536416667
2025-12-08,7-day same-slot mean,79.0664295636
2025-12-08,DLinear,178.8013485992
2025-12-08,Last Week,122.9083701389
2025-12-08,PhaseStructuralFusion,83.0759924306
2025-12-08,SSA best config,230.8404433808
2025-12-08,Yesterday,68.4986381944
2025-12-09,7-day same-slot mean,82.9074431547
2025-12-09,DLinear,153.9504712333
2025-12-09,Last Week,121.6604972222
2025-12-09,PhaseStructuralFusion,95.1536031944
2025-12-09,SSA best config,203.4000808506
2025-12-09,Yesterday,91.2323861111
2025-12-10,7-day same-slot mean,87.5329838291
2025-12-10,DLinear,192.8522634628
2025-12-10,Last Week,102.1115645833
2025-12-10,PhaseStructuralFusion,101.8510526042
2025-12-10,SSA best config,177.0116330238
2025-12-10,Yesterday,123.5964708333
2025-12-11,7-day same-slot mean,71.9778721230
2025-12-11,DLinear,122.2218509832
2025-12-11,Last Week,62.0261777778
2025-12-11,PhaseStructuralFusion,73.5680713542
2025-12-11,SSA best config,285.9080587384
2025-12-11,Yesterday,127.7051979167
2025-12-12,7-day same-slot mean,109.5558675596
2025-12-12,DLinear,202.3250226931
2025-12-12,Last Week,140.8134361111
2025-12-12,PhaseStructuralFusion,121.3668302778
2025-12-12,SSA best config,245.7742995117
2025-12-12,Yesterday,120.1706736111
2025-12-13,7-day same-slot mean,84.3120989087
2025-12-13,DLinear,185.3730370622
2025-12-13,Last Week,97.5881902778
2025-12-13,PhaseStructuralFusion,79.5546610417
2025-12-13,SSA best config,230.7792709226
2025-12-13,Yesterday,84.3196347222
2025-12-14,7-day same-slot mean,45.3467380952
2025-12-14,DLinear,166.2155981852
2025-12-14,Last Week,82.5023645833
2025-12-14,PhaseStructuralFusion,56.0423985417
2025-12-14,SSA best config,225.4275912705
2025-12-14,Yesterday,82.9977131944
2025-12-15,7-day same-slot mean,78.9997276784
2025-12-15,DLinear,183.9980238749
2025-12-15,Last Week,121.9519041667
2025-12-15,PhaseStructuralFusion,85.7517206250
2025-12-15,SSA best config,240.1522503877
2025-12-15,Yesterday,72.2837819444
2025-12-16,7-day same-slot mean,63.5583026785
2025-12-16,DLinear,169.2686363592
2025-12-16,Last Week,147.8405513889
2025-12-16,PhaseStructuralFusion,74.4655580556
2025-12-16,SSA best config,227.9622107065
2025-12-16,Yesterday,53.6312208333
2025-12-17,7-day same-slot mean,45.6598711309
2025-12-17,DLinear,142.1618487828
2025-12-17,Last Week,88.2181930556
2025-12-17,PhaseStructuralFusion,46.7296464583
2025-12-17,SSA best config,251.6567671665
2025-12-17,Yesterday,62.1762152778
2025-12-18,7-day same-slot mean,94.6033327383
2025-12-18,DLinear,134.4921406843
2025-12-18,Last Week,93.4708833333
2025-12-18,PhaseStructuralFusion,93.5855073264
2025-12-18,SSA best config,189.0837394031
2025-12-18,Yesterday,109.4787881944
2025-12-19,7-day same-slot mean,77.0284117062
2025-12-19,DLinear,168.2765339283
2025-12-19,Last Week,106.5035875000
2025-12-19,PhaseStructuralFusion,87.9809218750
2025-12-19,SSA best config,228.1704997893
2025-12-19,Yesterday,129.4886180556
2025-12-20,7-day same-slot mean,67.9851380951
2025-12-20,DLinear,147.8448258618
2025-12-20,Last Week,84.9416097222
2025-12-20,PhaseStructuralFusion,65.5661072222
2025-12-20,SSA best config,147.7386437107
2025-12-20,Yesterday,76.8174138889
2025-12-21,7-day same-slot mean,74.5384357145
2025-12-21,DLinear,157.7306379797
2025-12-21,Last Week,54.7222354167
2025-12-21,PhaseStructuralFusion,78.7531084375
2025-12-21,SSA best config,233.3162457666
2025-12-21,Yesterday,121.9697861111
2025-12-22,7-day same-slot mean,38.4867935516
2025-12-22,DLinear,147.8226839508
2025-12-22,Last Week,74.8807562500
2025-12-22,PhaseStructuralFusion,71.5968351042
2025-12-22,SSA best config,235.2669901933
2025-12-22,Yesterday,80.6490736111
2025-12-23,7-day same-slot mean,52.3037228176
2025-12-23,DLinear,136.1744903529
2025-12-23,Last Week,97.2072868056
2025-12-23,PhaseStructuralFusion,71.5309721181
2025-12-23,SSA best config,230.0440207700
2025-12-23,Yesterday,60.2158333333
2025-12-24,7-day same-slot mean,70.4662014881
2025-12-24,DLinear,155.5787585717
2025-12-24,Last Week,86.6463604167
2025-12-24,PhaseStructuralFusion,80.8650286458
2025-12-24,SSA best config,218.3044760749
2025-12-24,Yesterday,87.9688680556
2025-12-25,7-day same-slot mean,56.0919976192
2025-12-25,DLinear,148.4873097756
2025-12-25,Last Week,111.0182138889
2025-12-25,PhaseStructuralFusion,90.2080591667
2025-12-25,SSA best config,133.0573927913
2025-12-25,Yesterday,98.7255166667
2025-12-26,7-day same-slot mean,75.6419302579
2025-12-26,DLinear,197.6882937854
2025-12-26,Last Week,70.4155090278
2025-12-26,PhaseStructuralFusion,87.4657419444
2025-12-26,SSA best config,161.1997541763
2025-12-26,Yesterday,113.9736354167
2025-12-27,7-day same-slot mean,56.8897451390
2025-12-27,DLinear,165.5823852270
2025-12-27,Last Week,80.2648111111
2025-12-27,PhaseStructuralFusion,75.7995598264
2025-12-27,SSA best config,125.5316548887
2025-12-27,Yesterday,95.3665993056
2025-12-28,7-day same-slot mean,66.6270256942
2025-12-28,DLinear,135.5512250615
2025-12-28,Last Week,99.5260888889
2025-12-28,PhaseStructuralFusion,85.3826340972
2025-12-28,SSA best config,188.6801242874
2025-12-28,Yesterday,87.2982152778
2025-12-29,7-day same-slot mean,66.2181500000
2025-12-29,DLinear,162.7823632586
2025-12-29,Last Week,65.8696048611
2025-12-29,PhaseStructuralFusion,81.4896463194
2025-12-29,SSA best config,162.9716038894
2025-12-29,Yesterday,101.9024687500
2025-12-30,7-day same-slot mean,99.8300243054
2025-12-30,DLinear,134.6965374337
2025-12-30,Last Week,88.1997937500
2025-12-30,PhaseStructuralFusion,111.2385212153
2025-12-30,SSA best config,211.3367470788
2025-12-30,Yesterday,137.2803972222
2025-12-31,7-day same-slot mean,60.4507531748
2025-12-31,DLinear,169.5870727668
2025-12-31,Last Week,95.3551743056
2025-12-31,PhaseStructuralFusion,93.0976922569
2025-12-31,SSA best config,194.1342728291
2025-12-31,Yesterday,121.3443041667
